id_tournament,id_player,name_player,country_player,combo_type_name,ranking_player_tournament,all_time_score,category_tournament,name_tournament,country_tournament,region_tournament,year_tournament,fecha_torneo,rotation_name,top_8,id_mazo
387,5101,Alexander Flatos,United States,Lugia Archeops,1,27,regional,Regional Sacramento CA,United States,Desconocido,2023,2023-10-14,standard_2023,1,387_5101
387,5102,Niccolo Abate,United States,Arceus,2,24,regional,Regional Sacramento CA,United States,Desconocido,2023,2023-10-14,standard_2023,1,387_5102
387,3587,Sawyer Melban,United States,Lost Zone Box,3,114,regional,Regional Sacramento CA,United States,Desconocido,2023,2023-10-14,standard_2023,1,387_3587
387,5103,Dorian Stotts,Canada,Lugia Archeops,4,21,regional,Regional Sacramento CA,United States,Desconocido,2023,2023-10-14,standard_2023,1,387_5103
387,765,Ryan Harris,United States,Gardevoir,5,86,regional,Regional Sacramento CA,United States,Desconocido,2023,2023-10-14,standard_2023,1,387_765
387,712,Charlie Kerr,United States,Lugia Archeops,6,151,regional,Regional Sacramento CA,United States,Desconocido,2023,2023-10-14,standard_2023,1,387_712
387,153,Azul Garcia Griego,United States,Lost Zone Box,7,943,regional,Regional Sacramento CA,United States,Desconocido,2023,2023-10-14,standard_2023,1,387_153
387,4270,Dominic Viola,United States,Lugia Archeops,8,25,regional,Regional Sacramento CA,United States,Desconocido,2023,2023-10-14,standard_2023,1,387_4270
387,2346,Braiden Elfert,United States,Arceus,9,116,regional,Regional Sacramento CA,United States,Desconocido,2023,2023-10-14,standard_2023,0,387_2346
387,623,Irving Xavier Garcia Aldana,Mexico,Lost Zone Box,10,27,regional,Regional Sacramento CA,United States,Desconocido,2023,2023-10-14,standard_2023,0,387_623
387,5104,Cory Laffiton,United States,Miraidon Flaaffy,11,12,regional,Regional Sacramento CA,United States,Desconocido,2023,2023-10-14,standard_2023,0,387_5104
387,3723,Grant Shen,United States,Chien-Pao Baxcalibur,12,197,regional,Regional Sacramento CA,United States,Desconocido,2023,2023-10-14,standard_2023,0,387_3723
387,5105,Beau Fleetwood,United States,Giratina LZ Box,13,12,regional,Regional Sacramento CA,United States,Desconocido,2023,2023-10-14,standard_2023,0,387_5105
387,5106,Micah Olton,United States,Miraidon Flaaffy,14,12,regional,Regional Sacramento CA,United States,Desconocido,2023,2023-10-14,standard_2023,0,387_5106
387,5107,Cory Tangman,United States,Lost Zone Box,15,12,regional,Regional Sacramento CA,United States,Desconocido,2023,2023-10-14,standard_2023,0,387_5107
387,2564,Victor Aung,United States,Inteleon Urshifu,16,75,regional,Regional Sacramento CA,United States,Desconocido,2023,2023-10-14,standard_2023,0,387_2564
387,5108,Nelson Guillen,United States,Lost Zone Box,17,10,regional,Regional Sacramento CA,United States,Desconocido,2023,2023-10-14,standard_2023,0,387_5108
387,1105,Henry Brand,Australia,Gardevoir,18,232,regional,Regional Sacramento CA,United States,Desconocido,2023,2023-10-14,standard_2023,0,387_1105
387,1858,Preston Ellis,United States,Lost Zone Box,19,120,regional,Regional Sacramento CA,United States,Desconocido,2023,2023-10-14,standard_2023,0,387_1858
387,318,Alex Krekeler,United States,Inteleon Urshifu,20,192,regional,Regional Sacramento CA,United States,Desconocido,2023,2023-10-14,standard_2023,0,387_318
387,1630,Nicholas Moffitt,United States,Lost Zone Box,21,266,regional,Regional Sacramento CA,United States,Desconocido,2023,2023-10-14,standard_2023,0,387_1630
387,4844,Alex Rubin,United States,Lost Zone Box,22,14,regional,Regional Sacramento CA,United States,Desconocido,2023,2023-10-14,standard_2023,0,387_4844
387,5109,Juan Cardenas,United States,Charizard Arceus,23,10,regional,Regional Sacramento CA,United States,Desconocido,2023,2023-10-14,standard_2023,0,387_5109
387,4548,Camden Freeze,United States,Gardevoir,24,20,regional,Regional Sacramento CA,United States,Desconocido,2023,2023-10-14,standard_2023,0,387_4548
387,470,Trevor Bustamante,United States,Mew Genesect,25,64,regional,Regional Sacramento CA,United States,Desconocido,2023,2023-10-14,standard_2023,0,387_470
387,5110,Will Hildebrandt,United States,Chien-Pao Baxcalibur,26,10,regional,Regional Sacramento CA,United States,Desconocido,2023,2023-10-14,standard_2023,0,387_5110
387,4782,Tyler Zikorus,United States,Charizard,27,15,regional,Regional Sacramento CA,United States,Desconocido,2023,2023-10-14,standard_2023,0,387_4782
387,364,Alex Schemanske,United States,Lost Box Charizard,28,602,regional,Regional Sacramento CA,United States,Desconocido,2023,2023-10-14,standard_2023,0,387_364
387,894,Aaron Rucker,United States,Lugia Archeops,29,46,regional,Regional Sacramento CA,United States,Desconocido,2023,2023-10-14,standard_2023,0,387_894
387,1537,Andrew Scott,United States,Chien-Pao Baxcalibur,30,89,regional,Regional Sacramento CA,United States,Desconocido,2023,2023-10-14,standard_2023,0,387_1537
387,2401,Vance Kelley,United States,Chien-Pao Baxcalibur,31,131,regional,Regional Sacramento CA,United States,Desconocido,2023,2023-10-14,standard_2023,0,387_2401
387,5111,Aidan Ferrer,United States,Giratina LZ Box,32,10,regional,Regional Sacramento CA,United States,Desconocido,2023,2023-10-14,standard_2023,0,387_5111
387,1785,Joe Turrentine,United States,Chien-Pao Baxcalibur,33,58,regional,Regional Sacramento CA,United States,Desconocido,2023,2023-10-14,standard_2023,0,387_1785
387,5112,Emmi Stonier,United States,Mew Genesect,34,7,regional,Regional Sacramento CA,United States,Desconocido,2023,2023-10-14,standard_2023,0,387_5112
387,2762,Parker Lish,United States,Arceus Giratina,35,53,regional,Regional Sacramento CA,United States,Desconocido,2023,2023-10-14,standard_2023,0,387_2762
387,2628,Calvin Connor,United States,Gardevoir,36,260,regional,Regional Sacramento CA,United States,Desconocido,2023,2023-10-14,standard_2023,0,387_2628
387,2573,Nick Flores,United States,Lugia Archeops,37,63,regional,Regional Sacramento CA,United States,Desconocido,2023,2023-10-14,standard_2023,0,387_2573
387,439,Dean Nezam,United States,Chien-Pao Baxcalibur,38,160,regional,Regional Sacramento CA,United States,Desconocido,2023,2023-10-14,standard_2023,0,387_439
387,4584,Koichi Nishida,United States,Lost Zone Box,39,12,regional,Regional Sacramento CA,United States,Desconocido,2023,2023-10-14,standard_2023,0,387_4584
387,5113,Joseph Post,United States,Giratina LZ Box,40,7,regional,Regional Sacramento CA,United States,Desconocido,2023,2023-10-14,standard_2023,0,387_5113
387,5114,Matthew Stratford,United States,Arceus Giratina,41,7,regional,Regional Sacramento CA,United States,Desconocido,2023,2023-10-14,standard_2023,0,387_5114
387,450,Jared Grimes,United States,Chien-Pao Baxcalibur,42,33,regional,Regional Sacramento CA,United States,Desconocido,2023,2023-10-14,standard_2023,0,387_450
387,5115,Alek Juarez,United States,Charizard,43,7,regional,Regional Sacramento CA,United States,Desconocido,2023,2023-10-14,standard_2023,0,387_5115
387,4120,Andres David Torres,Colombia,Gardevoir,44,41,regional,Regional Sacramento CA,United States,Desconocido,2023,2023-10-14,standard_2023,0,387_4120
387,4931,Michael Chen,United States,Lost Zone Box,45,25,regional,Regional Sacramento CA,United States,Desconocido,2023,2023-10-14,standard_2023,0,387_4931
387,4578,Joseph Franzo,United States,Gardevoir,46,12,regional,Regional Sacramento CA,United States,Desconocido,2023,2023-10-14,standard_2023,0,387_4578
387,5116,Jose Verduzco,United States,Chien-Pao Baxcalibur,47,7,regional,Regional Sacramento CA,United States,Desconocido,2023,2023-10-14,standard_2023,0,387_5116
387,5099,Enrique Castellon,United States,Charizard Arceus,48,10,regional,Regional Sacramento CA,United States,Desconocido,2023,2023-10-14,standard_2023,0,387_5099
387,2658,Ramon DeVilla,United States,LZ Dialga,49,22,regional,Regional Sacramento CA,United States,Desconocido,2023,2023-10-14,standard_2023,0,387_2658
387,1661,Michael Dones,United States,Charizard Arceus,50,25,regional,Regional Sacramento CA,United States,Desconocido,2023,2023-10-14,standard_2023,0,387_1661
387,138,Brent Tonisson,Australia,Gardevoir,51,449,regional,Regional Sacramento CA,United States,Desconocido,2023,2023-10-14,standard_2023,0,387_138
387,5117,Ethan Brownell,United States,Miraidon Flaaffy,52,7,regional,Regional Sacramento CA,United States,Desconocido,2023,2023-10-14,standard_2023,0,387_5117
387,5118,Jordan Sanchez,United States,Giratina LZ Box,53,7,regional,Regional Sacramento CA,United States,Desconocido,2023,2023-10-14,standard_2023,0,387_5118
387,5119,John Earley,United States,Inteleon Urshifu,54,7,regional,Regional Sacramento CA,United States,Desconocido,2023,2023-10-14,standard_2023,0,387_5119
387,984,Brandon Jones,United States,Hisuian Zoroark,55,28,regional,Regional Sacramento CA,United States,Desconocido,2023,2023-10-14,standard_2023,0,387_984
387,3959,Carlos Medina Astete,Peru,Chien-Pao Baxcalibur,56,65,regional,Regional Sacramento CA,United States,Desconocido,2023,2023-10-14,standard_2023,0,387_3959
387,3849,Blake Wray,United States,Lost Zone Box,57,27,regional,Regional Sacramento CA,United States,Desconocido,2023,2023-10-14,standard_2023,0,387_3849
387,3592,Tom Hellkamp,United States,Charizard LZ Box,58,21,regional,Regional Sacramento CA,United States,Desconocido,2023,2023-10-14,standard_2023,0,387_3592
387,3164,Avarin Villarreal,United States,Gardevoir,59,36,regional,Regional Sacramento CA,United States,Desconocido,2023,2023-10-14,standard_2023,0,387_3164
387,5120,Omar Quezada,United States,Giratina LZ Box,60,7,regional,Regional Sacramento CA,United States,Desconocido,2023,2023-10-14,standard_2023,0,387_5120
387,328,Caleb Gedemer,United States,Lost Zone Box,61,599,regional,Regional Sacramento CA,United States,Desconocido,2023,2023-10-14,standard_2023,0,387_328
387,5121,Cody Walker,United States,Lost Zone Box,62,7,regional,Regional Sacramento CA,United States,Desconocido,2023,2023-10-14,standard_2023,0,387_5121
387,3895,Andres Alderette,United States,Lugia Archeops,63,50,regional,Regional Sacramento CA,United States,Desconocido,2023,2023-10-14,standard_2023,0,387_3895
387,5122,Christopher Butler,United States,Lost Zone Box,64,7,regional,Regional Sacramento CA,United States,Desconocido,2023,2023-10-14,standard_2023,0,387_5122
387,5123,Aaron Arturo Aguirre Osuna,Mexico,Giratina LZ Box,65,5,regional,Regional Sacramento CA,United States,Desconocido,2023,2023-10-14,standard_2023,0,387_5123
387,4573,Dyson Umtuch,United States,Giratina LZ Box,66,10,regional,Regional Sacramento CA,United States,Desconocido,2023,2023-10-14,standard_2023,0,387_4573
387,3596,Jeremy Gumila,United States,Gardevoir,67,68,regional,Regional Sacramento CA,United States,Desconocido,2023,2023-10-14,standard_2023,0,387_3596
387,2770,Aidan Khus,United States,Chien-Pao Baxcalibur,68,180,regional,Regional Sacramento CA,United States,Desconocido,2023,2023-10-14,standard_2023,0,387_2770
387,5124,Joel Bergman,Canada,Lugia Archeops,69,5,regional,Regional Sacramento CA,United States,Desconocido,2023,2023-10-14,standard_2023,0,387_5124
387,914,Abaan Ahmed,United States,Inteleon Urshifu,70,25,regional,Regional Sacramento CA,United States,Desconocido,2023,2023-10-14,standard_2023,0,387_914
387,2766,Kyle Kemper,United States,Charizard,71,9,regional,Regional Sacramento CA,United States,Desconocido,2023,2023-10-14,standard_2023,0,387_2766
387,135,Israel Sosa,United States,Arceus,72,198,regional,Regional Sacramento CA,United States,Desconocido,2023,2023-10-14,standard_2023,0,387_135
387,434,Nathian Beck,United States,Lost Zone Box,73,49,regional,Regional Sacramento CA,United States,Desconocido,2023,2023-10-14,standard_2023,0,387_434
387,125,Michael Pramawat,United States,Lost Zone Box,74,602,regional,Regional Sacramento CA,United States,Desconocido,2023,2023-10-14,standard_2023,0,387_125
387,508,Christopher Silver,United States,Charizard,75,16,regional,Regional Sacramento CA,United States,Desconocido,2023,2023-10-14,standard_2023,0,387_508
387,4118,Javier Sanchez,United States,Charizard,76,15,regional,Regional Sacramento CA,United States,Desconocido,2023,2023-10-14,standard_2023,0,387_4118
387,196,Zach Lesage,Canada,Charizard,77,387,regional,Regional Sacramento CA,United States,Desconocido,2023,2023-10-14,standard_2023,0,387_196
387,778,Andy Hyun,United States,Chien-Pao Baxcalibur,78,15,regional,Regional Sacramento CA,United States,Desconocido,2023,2023-10-14,standard_2023,0,387_778
387,5125,Nathan Powell,United States,Mew Genesect,79,5,regional,Regional Sacramento CA,United States,Desconocido,2023,2023-10-14,standard_2023,0,387_5125
387,5126,Evan Aguilar,United States,Lost Zone Box,80,5,regional,Regional Sacramento CA,United States,Desconocido,2023,2023-10-14,standard_2023,0,387_5126
387,5127,Evan Jensen,United States,Miraidon Flaaffy,81,5,regional,Regional Sacramento CA,United States,Desconocido,2023,2023-10-14,standard_2023,0,387_5127
387,1859,Le Bui,United States,Mew Genesect,82,91,regional,Regional Sacramento CA,United States,Desconocido,2023,2023-10-14,standard_2023,0,387_1859
387,5128,Marco Carreras,United States,Miraidon Flaaffy,83,5,regional,Regional Sacramento CA,United States,Desconocido,2023,2023-10-14,standard_2023,0,387_5128
387,5129,Kristian Borrell,United States,Gardevoir,84,5,regional,Regional Sacramento CA,United States,Desconocido,2023,2023-10-14,standard_2023,0,387_5129
387,5130,Eric Marroquin,United States,Giratina LZ Box,85,5,regional,Regional Sacramento CA,United States,Desconocido,2023,2023-10-14,standard_2023,0,387_5130
387,3902,Samantha Turner,Australia,Gardevoir,86,10,regional,Regional Sacramento CA,United States,Desconocido,2023,2023-10-14,standard_2023,0,387_3902
387,1161,Nicolas Gist,United States,Fusion Mew,87,35,regional,Regional Sacramento CA,United States,Desconocido,2023,2023-10-14,standard_2023,0,387_1161
387,4957,Benjamin Nackman,United States,Inteleon Urshifu,88,12,regional,Regional Sacramento CA,United States,Desconocido,2023,2023-10-14,standard_2023,0,387_4957
387,5131,Juan Sanchez,United States,Palkia Chien-Pao,89,5,regional,Regional Sacramento CA,United States,Desconocido,2023,2023-10-14,standard_2023,0,387_5131
387,5132,Denny Khuu,United States,Chien-Pao Baxcalibur,90,5,regional,Regional Sacramento CA,United States,Desconocido,2023,2023-10-14,standard_2023,0,387_5132
387,5133,Steve Contreras,United States,Regis,91,5,regional,Regional Sacramento CA,United States,Desconocido,2023,2023-10-14,standard_2023,0,387_5133
387,2888,Ethan Yi,United States,Goodra LZ Box,92,15,regional,Regional Sacramento CA,United States,Desconocido,2023,2023-10-14,standard_2023,0,387_2888
387,972,John Collins,United States,Gardevoir,93,18,regional,Regional Sacramento CA,United States,Desconocido,2023,2023-10-14,standard_2023,0,387_972
387,558,Eric Rodriguez,United States,Lost Zone Box,94,67,regional,Regional Sacramento CA,United States,Desconocido,2023,2023-10-14,standard_2023,0,387_558
387,5134,Saumit Kukkadapu,United States,Gardevoir,95,5,regional,Regional Sacramento CA,United States,Desconocido,2023,2023-10-14,standard_2023,0,387_5134
387,1500,Bodhi Robinson,United States,Gardevoir,96,5,regional,Regional Sacramento CA,United States,Desconocido,2023,2023-10-14,standard_2023,0,387_1500
387,4002,Riyad Mechel,Canada,Lost Zone Box,97,10,regional,Regional Sacramento CA,United States,Desconocido,2023,2023-10-14,standard_2023,0,387_4002
387,5135,Daniel Valenzuela,United States,Inteleon Urshifu,98,5,regional,Regional Sacramento CA,United States,Desconocido,2023,2023-10-14,standard_2023,0,387_5135
387,5136,Harry Li,United States,Lost Zone Box,99,5,regional,Regional Sacramento CA,United States,Desconocido,2023,2023-10-14,standard_2023,0,387_5136
387,4764,Tiger Yang,United States,Lost Zone Box,100,10,regional,Regional Sacramento CA,United States,Desconocido,2023,2023-10-14,standard_2023,0,387_4764
387,1635,Zachary Cooper,United States,Lost Box Charizard,101,164,regional,Regional Sacramento CA,United States,Desconocido,2023,2023-10-14,standard_2023,0,387_1635
387,5137,Steve Abrahamsen,United States,Miraidon Flaaffy,102,5,regional,Regional Sacramento CA,United States,Desconocido,2023,2023-10-14,standard_2023,0,387_5137
387,3741,Eugene Davis,United States,Chien-Pao Baxcalibur,103,13,regional,Regional Sacramento CA,United States,Desconocido,2023,2023-10-14,standard_2023,0,387_3741
387,5138,David Nguyen,United States,Arceus Duraludon Umbreon,104,5,regional,Regional Sacramento CA,United States,Desconocido,2023,2023-10-14,standard_2023,0,387_5138
387,5139,Lexi Berger,United States,Charizard,105,5,regional,Regional Sacramento CA,United States,Desconocido,2023,2023-10-14,standard_2023,0,387_5139
387,5140,Aldo Figueroa,Mexico,Lost Zone Box,106,5,regional,Regional Sacramento CA,United States,Desconocido,2023,2023-10-14,standard_2023,0,387_5140
387,3641,Iain Harding,United States,Miraidon Flaaffy,107,10,regional,Regional Sacramento CA,United States,Desconocido,2023,2023-10-14,standard_2023,0,387_3641
387,5141,Cannon Jensen,United States,Chien-Pao Baxcalibur,108,5,regional,Regional Sacramento CA,United States,Desconocido,2023,2023-10-14,standard_2023,0,387_5141
387,5142,Quetzal Castaneda,United States,Inteleon Urshifu,109,5,regional,Regional Sacramento CA,United States,Desconocido,2023,2023-10-14,standard_2023,0,387_5142
387,4140,Ethan Rible,United States,Gardevoir,110,15,regional,Regional Sacramento CA,United States,Desconocido,2023,2023-10-14,standard_2023,0,387_4140
387,940,Jeremy Castro,United States,Gardevoir,111,36,regional,Regional Sacramento CA,United States,Desconocido,2023,2023-10-14,standard_2023,0,387_940
387,4581,Sou Her,United States,Charizard LZ Box,112,10,regional,Regional Sacramento CA,United States,Desconocido,2023,2023-10-14,standard_2023,0,387_4581
387,5143,Andy Fish,United States,Inteleon Urshifu,113,5,regional,Regional Sacramento CA,United States,Desconocido,2023,2023-10-14,standard_2023,0,387_5143
387,514,Dillon Carter,United States,Lost Zone Box,114,11,regional,Regional Sacramento CA,United States,Desconocido,2023,2023-10-14,standard_2023,0,387_514
387,5144,Daniel Cardno,United States,Charizard,115,5,regional,Regional Sacramento CA,United States,Desconocido,2023,2023-10-14,standard_2023,0,387_5144
387,3665,Lola Ross,Canada,Charizard,116,13,regional,Regional Sacramento CA,United States,Desconocido,2023,2023-10-14,standard_2023,0,387_3665
387,5145,Gilbert Vazquez,United States,Lost Zone Box,117,5,regional,Regional Sacramento CA,United States,Desconocido,2023,2023-10-14,standard_2023,0,387_5145
387,5146,Kean Carlos Oquendo,United States,Chien-Pao Baxcalibur,118,5,regional,Regional Sacramento CA,United States,Desconocido,2023,2023-10-14,standard_2023,0,387_5146
387,3215,Makani Tran,United States,Arceus Giratina,119,89,regional,Regional Sacramento CA,United States,Desconocido,2023,2023-10-14,standard_2023,0,387_3215
387,868,Jon Eng,United States,Mew Genesect,120,492,regional,Regional Sacramento CA,United States,Desconocido,2023,2023-10-14,standard_2023,0,387_868
387,5147,Jimmy Nguyen,United States,Mew Genesect,121,5,regional,Regional Sacramento CA,United States,Desconocido,2023,2023-10-14,standard_2023,0,387_5147
387,1870,Danny Prather,United States,Lost Box Charizard,122,64,regional,Regional Sacramento CA,United States,Desconocido,2023,2023-10-14,standard_2023,0,387_1870
387,5148,Kirin Sarangkasiri,Thailand,Miraidon Flaaffy,123,5,regional,Regional Sacramento CA,United States,Desconocido,2023,2023-10-14,standard_2023,0,387_5148
387,5149,Zach Negomir,United States,Lugia Archeops,124,5,regional,Regional Sacramento CA,United States,Desconocido,2023,2023-10-14,standard_2023,0,387_5149
387,5150,Jacob Nemeth,United States,Charizard,125,5,regional,Regional Sacramento CA,United States,Desconocido,2023,2023-10-14,standard_2023,0,387_5150
387,2594,Chris Stotts,United States,Lost Box Charizard,126,20,regional,Regional Sacramento CA,United States,Desconocido,2023,2023-10-14,standard_2023,0,387_2594
387,2661,Yasser Moreno,Mexico,Charizard,127,18,regional,Regional Sacramento CA,United States,Desconocido,2023,2023-10-14,standard_2023,0,387_2661
387,2952,Troy Campbell,United States,Inteleon Urshifu,128,9,regional,Regional Sacramento CA,United States,Desconocido,2023,2023-10-14,standard_2023,0,387_2952
387,5152,Jose Esquerra,United States,Charizard,129,3,regional,Regional Sacramento CA,United States,Desconocido,2023,2023-10-14,standard_2023,0,387_5152
387,4755,Duncan Crowley,United States,Mew Genesect,130,15,regional,Regional Sacramento CA,United States,Desconocido,2023,2023-10-14,standard_2023,0,387_4755
387,513,Mike Moreno III,United States,Lugia Archeops,131,14,regional,Regional Sacramento CA,United States,Desconocido,2023,2023-10-14,standard_2023,0,387_513
387,4133,Daniel Gallarza,United States,Lost Zone Box,132,8,regional,Regional Sacramento CA,United States,Desconocido,2023,2023-10-14,standard_2023,0,387_4133
387,5153,Crystal Trueborn,United States,Lost Zone Box,133,3,regional,Regional Sacramento CA,United States,Desconocido,2023,2023-10-14,standard_2023,0,387_5153
387,5154,William Penney,United States,Miraidon Flaaffy,134,3,regional,Regional Sacramento CA,United States,Desconocido,2023,2023-10-14,standard_2023,0,387_5154
387,4569,Eduardo Castillo,United States,Arceus,135,8,regional,Regional Sacramento CA,United States,Desconocido,2023,2023-10-14,standard_2023,0,387_4569
387,5155,Sam Ayubi,United States,Lost Zone Box,136,3,regional,Regional Sacramento CA,United States,Desconocido,2023,2023-10-14,standard_2023,0,387_5155
387,5156,Jowie Alejo,United States,Miraidon Flaaffy,137,3,regional,Regional Sacramento CA,United States,Desconocido,2023,2023-10-14,standard_2023,0,387_5156
387,5157,Devin Walker,United States,Lugia Archeops,138,3,regional,Regional Sacramento CA,United States,Desconocido,2023,2023-10-14,standard_2023,0,387_5157
387,4999,Davin Erickson,United States,Inteleon Urshifu,139,9,regional,Regional Sacramento CA,United States,Desconocido,2023,2023-10-14,standard_2023,0,387_4999
387,2354,Dalten Cross,United States,Mew Genesect,140,51,regional,Regional Sacramento CA,United States,Desconocido,2023,2023-10-14,standard_2023,0,387_2354
387,5158,Luis Arturo Martinez Reyes,Mexico,Miraidon Flaaffy,141,3,regional,Regional Sacramento CA,United States,Desconocido,2023,2023-10-14,standard_2023,0,387_5158
387,5159,Felipe Santiago,United States,Ting-Lu,142,3,regional,Regional Sacramento CA,United States,Desconocido,2023,2023-10-14,standard_2023,0,387_5159
387,5160,Jose Almanza,United States,Inteleon Urshifu,143,3,regional,Regional Sacramento CA,United States,Desconocido,2023,2023-10-14,standard_2023,0,387_5160
387,5161,Andrew Sakauye,United States,Snorlax Stall,144,3,regional,Regional Sacramento CA,United States,Desconocido,2023,2023-10-14,standard_2023,0,387_5161
387,5162,Francisco Cabanillas,United States,Miraidon Flaaffy,145,3,regional,Regional Sacramento CA,United States,Desconocido,2023,2023-10-14,standard_2023,0,387_5162
386,2533,Raymond Long,Canada,Lost Zone Box,1,138,regional,Regional Peoria IL,United States,Desconocido,2023,2023-10-07,standard_2023,1,386_2533
386,687,Jac Carter,United States,Lost Zone Box,2,59,regional,Regional Peoria IL,United States,Desconocido,2023,2023-10-07,standard_2023,1,386_687
386,2532,Rowan Stavenow,Canada,Mew Genesect,3,195,regional,Regional Peoria IL,United States,Desconocido,2023,2023-10-07,standard_2023,1,386_2532
386,739,JW Kriewall,United States,Miraidon Flaaffy,4,115,regional,Regional Peoria IL,United States,Desconocido,2023,2023-10-07,standard_2023,1,386_739
386,2028,Jesse Parker,United States,Miraidon Flaaffy,5,86,regional,Regional Peoria IL,United States,Desconocido,2023,2023-10-07,standard_2023,1,386_2028
386,3232,Terrence Miller,United States,Lost Box Charizard,6,51,regional,Regional Peoria IL,United States,Desconocido,2023,2023-10-07,standard_2023,1,386_3232
386,138,Brent Tonisson,Australia,Gardevoir,7,449,regional,Regional Peoria IL,United States,Desconocido,2023,2023-10-07,standard_2023,1,386_138
386,3723,Grant Shen,United States,Chien-Pao Baxcalibur,8,197,regional,Regional Peoria IL,United States,Desconocido,2023,2023-10-07,standard_2023,1,386_3723
386,2834,Wyatt Palguta,United States,Miraidon Flaaffy,9,44,regional,Regional Peoria IL,United States,Desconocido,2023,2023-10-07,standard_2023,0,386_2834
386,4970,Austin Daniels,United States,Charizard,10,17,regional,Regional Peoria IL,United States,Desconocido,2023,2023-10-07,standard_2023,0,386_4970
386,612,Caleb Patton,United States,Lost Zone Box,11,103,regional,Regional Peoria IL,United States,Desconocido,2023,2023-10-07,standard_2023,0,386_612
386,132,Drew Kennett,United States,Charizard,12,264,regional,Regional Peoria IL,United States,Desconocido,2023,2023-10-07,standard_2023,0,386_132
386,5043,Cole Rosario,United States,Miraidon Flaaffy,13,12,regional,Regional Peoria IL,United States,Desconocido,2023,2023-10-07,standard_2023,0,386_5043
386,1228,Jerrick Gumila,United States,Charizard,14,49,regional,Regional Peoria IL,United States,Desconocido,2023,2023-10-07,standard_2023,0,386_1228
386,4295,Jesse Spencer,United States,Gardevoir,15,17,regional,Regional Peoria IL,United States,Desconocido,2023,2023-10-07,standard_2023,0,386_4295
386,3472,Collin Merli-Matthews,United States,Mew Genesect,16,93,regional,Regional Peoria IL,United States,Desconocido,2023,2023-10-07,standard_2023,0,386_3472
386,5044,Tyler Ashlock,United States,Mew Genesect,17,10,regional,Regional Peoria IL,United States,Desconocido,2023,2023-10-07,standard_2023,0,386_5044
386,712,Charlie Kerr,United States,Lugia Archeops,18,151,regional,Regional Peoria IL,United States,Desconocido,2023,2023-10-07,standard_2023,0,386_712
386,3195,Lucas Thiele,United States,Lugia Archeops,19,65,regional,Regional Peoria IL,United States,Desconocido,2023,2023-10-07,standard_2023,0,386_3195
386,5045,Keaton Ash,United States,Lost Zone Box,20,10,regional,Regional Peoria IL,United States,Desconocido,2023,2023-10-07,standard_2023,0,386_5045
386,321,Rahul Reddy,United States,Chien-Pao Baxcalibur,21,550,regional,Regional Peoria IL,United States,Desconocido,2023,2023-10-07,standard_2023,0,386_321
386,4058,Billy Chan,Canada,Lugia Archeops,22,37,regional,Regional Peoria IL,United States,Desconocido,2023,2023-10-07,standard_2023,0,386_4058
386,2572,Conner Hurst,United States,Miraidon Flaaffy,23,14,regional,Regional Peoria IL,United States,Desconocido,2023,2023-10-07,standard_2023,0,386_2572
386,1131,Ian McGregor,United States,Gardevoir,24,24,regional,Regional Peoria IL,United States,Desconocido,2023,2023-10-07,standard_2023,0,386_1131
386,610,Cory Koehler,United States,Chien-Pao Baxcalibur,25,25,regional,Regional Peoria IL,United States,Desconocido,2023,2023-10-07,standard_2023,0,386_610
386,5046,Cody Hope,United States,Lugia Archeops,26,10,regional,Regional Peoria IL,United States,Desconocido,2023,2023-10-07,standard_2023,0,386_5046
386,3481,Ming Weng,China,Arceus Duraludon,27,20,regional,Regional Peoria IL,United States,Desconocido,2023,2023-10-07,standard_2023,0,386_3481
386,2354,Dalten Cross,United States,Mew Genesect,28,51,regional,Regional Peoria IL,United States,Desconocido,2023,2023-10-07,standard_2023,0,386_2354
386,5047,Justin Blanchard,United States,Gardevoir,29,10,regional,Regional Peoria IL,United States,Desconocido,2023,2023-10-07,standard_2023,0,386_5047
386,5048,Aaron West,United States,Giratina LZ Box,30,10,regional,Regional Peoria IL,United States,Desconocido,2023,2023-10-07,standard_2023,0,386_5048
386,5049,Devin Feather,United States,Fusion Mew,31,10,regional,Regional Peoria IL,United States,Desconocido,2023,2023-10-07,standard_2023,0,386_5049
386,3714,Chris Knudsvig,United States,Chien-Pao Baxcalibur,32,35,regional,Regional Peoria IL,United States,Desconocido,2023,2023-10-07,standard_2023,0,386_3714
386,1123,Zack Martin,United States,Charizard,33,30,regional,Regional Peoria IL,United States,Desconocido,2023,2023-10-07,standard_2023,0,386_1123
386,909,Ryan Antonucci,United States,Gardevoir,34,192,regional,Regional Peoria IL,United States,Desconocido,2023,2023-10-07,standard_2023,0,386_909
386,1908,Alec Geissler,United States,Lugia Archeops,35,51,regional,Regional Peoria IL,United States,Desconocido,2023,2023-10-07,standard_2023,0,386_1908
386,5050,Anthony Zheng,United States,Mew Genesect,36,7,regional,Regional Peoria IL,United States,Desconocido,2023,2023-10-07,standard_2023,0,386_5050
386,5051,Callie Moore,Canada,Palkia Chien-Pao,37,7,regional,Regional Peoria IL,United States,Desconocido,2023,2023-10-07,standard_2023,0,386_5051
386,2122,Gabriel Smart,United States,Charizard,38,223,regional,Regional Peoria IL,United States,Desconocido,2023,2023-10-07,standard_2023,0,386_2122
386,3880,Trenton Lichter,United States,Lugia Archeops,39,12,regional,Regional Peoria IL,United States,Desconocido,2023,2023-10-07,standard_2023,0,386_3880
386,3596,Jeremy Gumila,United States,Charizard,40,68,regional,Regional Peoria IL,United States,Desconocido,2023,2023-10-07,standard_2023,0,386_3596
386,4846,Andrew Nisen,United States,Mew Genesect,41,22,regional,Regional Peoria IL,United States,Desconocido,2023,2023-10-07,standard_2023,0,386_4846
386,4430,Jeremy Wang,Canada,Arceus Duraludon,42,25,regional,Regional Peoria IL,United States,Desconocido,2023,2023-10-07,standard_2023,0,386_4430
386,4406,Abery Ohayon,United States,Lost Zone Box,43,12,regional,Regional Peoria IL,United States,Desconocido,2023,2023-10-07,standard_2023,0,386_4406
386,1630,Nicholas Moffitt,United States,Lost Zone Box,44,266,regional,Regional Peoria IL,United States,Desconocido,2023,2023-10-07,standard_2023,0,386_1630
386,524,Joseph Perez,United States,Charizard,45,45,regional,Regional Peoria IL,United States,Desconocido,2023,2023-10-07,standard_2023,0,386_524
386,3601,Sackett Brehmer,United States,Lost Zone Box,46,59,regional,Regional Peoria IL,United States,Desconocido,2023,2023-10-07,standard_2023,0,386_3601
386,2553,Iyla Sutherland,United States,Giratina LZ Box,47,62,regional,Regional Peoria IL,United States,Desconocido,2023,2023-10-07,standard_2023,0,386_2553
386,4703,Andrew Reinhardt,United States,Giratina LZ Box,48,12,regional,Regional Peoria IL,United States,Desconocido,2023,2023-10-07,standard_2023,0,386_4703
386,424,Aaron Tarbell,United States,Miraidon Flaaffy,49,288,regional,Regional Peoria IL,United States,Desconocido,2023,2023-10-07,standard_2023,0,386_424
386,2770,Aidan Khus,United States,Chien-Pao Baxcalibur,50,180,regional,Regional Peoria IL,United States,Desconocido,2023,2023-10-07,standard_2023,0,386_2770
386,5052,Jordon Barrow,United States,Giratina LZ Box,51,7,regional,Regional Peoria IL,United States,Desconocido,2023,2023-10-07,standard_2023,0,386_5052
386,86,Tord Reklev,Norway,Gardevoir,52,832,regional,Regional Peoria IL,United States,Desconocido,2023,2023-10-07,standard_2023,0,386_86
386,5053,Dillon Ryan,United States,Charizard,53,7,regional,Regional Peoria IL,United States,Desconocido,2023,2023-10-07,standard_2023,0,386_5053
386,898,Sam Liggett,United States,Mew Genesect,54,63,regional,Regional Peoria IL,United States,Desconocido,2023,2023-10-07,standard_2023,0,386_898
386,534,Aaron Friedman,United States,Charizard,55,147,regional,Regional Peoria IL,United States,Desconocido,2023,2023-10-07,standard_2023,0,386_534
386,196,Zach Lesage,Canada,Charizard,56,387,regional,Regional Peoria IL,United States,Desconocido,2023,2023-10-07,standard_2023,0,386_196
386,5054,Aaron Sowell,United States,Giratina LZ Box,57,7,regional,Regional Peoria IL,United States,Desconocido,2023,2023-10-07,standard_2023,0,386_5054
386,1700,Daniel Hugar,United States,Giratina LZ Box,58,53,regional,Regional Peoria IL,United States,Desconocido,2023,2023-10-07,standard_2023,0,386_1700
386,885,Michael Zele,United States,Miraidon Flaaffy,59,55,regional,Regional Peoria IL,United States,Desconocido,2023,2023-10-07,standard_2023,0,386_885
386,5055,David Martinez,United States,Giratina LZ Box,60,7,regional,Regional Peoria IL,United States,Desconocido,2023,2023-10-07,standard_2023,0,386_5055
386,4866,Evan Madonna,United States,Charizard Arceus,61,15,regional,Regional Peoria IL,United States,Desconocido,2023,2023-10-07,standard_2023,0,386_4866
386,175,Xander Pero,United States,Chien-Pao Baxcalibur,62,417,regional,Regional Peoria IL,United States,Desconocido,2023,2023-10-07,standard_2023,0,386_175
386,2348,Daniel Velez,United States,Charizard,63,12,regional,Regional Peoria IL,United States,Desconocido,2023,2023-10-07,standard_2023,0,386_2348
386,2899,Piper Lepine,United States,Gardevoir,64,156,regional,Regional Peoria IL,United States,Desconocido,2023,2023-10-07,standard_2023,0,386_2899
386,1593,Gabriel Massaroth,Brazil,Lugia Archeops,65,40,regional,Regional Peoria IL,United States,Desconocido,2023,2023-10-07,standard_2023,0,386_1593
386,2031,John Mostowy,United States,Lost Zone Box,66,57,regional,Regional Peoria IL,United States,Desconocido,2023,2023-10-07,standard_2023,0,386_2031
386,5056,Bryson Hunt,Canada,Lugia Archeops,67,5,regional,Regional Peoria IL,United States,Desconocido,2023,2023-10-07,standard_2023,0,386_5056
386,3614,Shashi Naraine,Canada,Miraidon Flaaffy,68,40,regional,Regional Peoria IL,United States,Desconocido,2023,2023-10-07,standard_2023,0,386_3614
386,5057,Mario Martinez,United States,Lugia Archeops,69,5,regional,Regional Peoria IL,United States,Desconocido,2023,2023-10-07,standard_2023,0,386_5057
386,3086,Vaughn O'Brien,United States,Charizard,70,69,regional,Regional Peoria IL,United States,Desconocido,2023,2023-10-07,standard_2023,0,386_3086
386,5058,Thomas Patterson,United States,Chien-Pao Baxcalibur,71,5,regional,Regional Peoria IL,United States,Desconocido,2023,2023-10-07,standard_2023,0,386_5058
386,5059,Brandon Lane,United States,Lost Zone Box,72,5,regional,Regional Peoria IL,United States,Desconocido,2023,2023-10-07,standard_2023,0,386_5059
386,3471,Devin Ardissono,United States,Charizard Arceus,73,34,regional,Regional Peoria IL,United States,Desconocido,2023,2023-10-07,standard_2023,0,386_3471
386,5060,Brock VanWye,United States,Miraidon Flaaffy,74,5,regional,Regional Peoria IL,United States,Desconocido,2023,2023-10-07,standard_2023,0,386_5060
386,688,Kyle Lesniewicz,United States,Charizard,75,106,regional,Regional Peoria IL,United States,Desconocido,2023,2023-10-07,standard_2023,0,386_688
386,1913,Ben Cryer,United States,Giratina LZ Box,76,87,regional,Regional Peoria IL,United States,Desconocido,2023,2023-10-07,standard_2023,0,386_1913
386,678,Gibson Archer-Tang,United States,Charizard Arceus,77,123,regional,Regional Peoria IL,United States,Desconocido,2023,2023-10-07,standard_2023,0,386_678
386,2421,Gregory Playter,United States,Lost Zone Box,78,30,regional,Regional Peoria IL,United States,Desconocido,2023,2023-10-07,standard_2023,0,386_2421
386,5061,Brad Hamilton,United States,Miraidon Flaaffy,79,5,regional,Regional Peoria IL,United States,Desconocido,2023,2023-10-07,standard_2023,0,386_5061
386,1770,Noah Peltier,United States,Lost Zone Box,80,59,regional,Regional Peoria IL,United States,Desconocido,2023,2023-10-07,standard_2023,0,386_1770
386,5062,Todd Adams,United States,Miraidon Flaaffy,81,5,regional,Regional Peoria IL,United States,Desconocido,2023,2023-10-07,standard_2023,0,386_5062
386,3984,Adam Kalamat,Canada,Mew Genesect,82,20,regional,Regional Peoria IL,United States,Desconocido,2023,2023-10-07,standard_2023,0,386_3984
386,390,Michael Slutsky,United States,Gardevoir,83,56,regional,Regional Peoria IL,United States,Desconocido,2023,2023-10-07,standard_2023,0,386_390
386,5063,Felipe Luna,Mexico,Charizard,84,5,regional,Regional Peoria IL,United States,Desconocido,2023,2023-10-07,standard_2023,0,386_5063
386,3863,William Heffernan,United States,Inteleon Urshifu,85,17,regional,Regional Peoria IL,United States,Desconocido,2023,2023-10-07,standard_2023,0,386_3863
386,5064,Wilfred Worland,United States,Charizard,86,5,regional,Regional Peoria IL,United States,Desconocido,2023,2023-10-07,standard_2023,0,386_5064
386,5065,Jovad Cruz,United States,Chien-Pao Baxcalibur,87,5,regional,Regional Peoria IL,United States,Desconocido,2023,2023-10-07,standard_2023,0,386_5065
386,2427,Adam Reinhardt,United States,Miraidon Flaaffy,88,93,regional,Regional Peoria IL,United States,Desconocido,2023,2023-10-07,standard_2023,0,386_2427
386,4000,Nick Dela Torre,United States,Gardevoir,89,18,regional,Regional Peoria IL,United States,Desconocido,2023,2023-10-07,standard_2023,0,386_4000
386,829,Ryne Morgan,United States,Charizard Arceus,90,49,regional,Regional Peoria IL,United States,Desconocido,2023,2023-10-07,standard_2023,0,386_829
386,4969,Julia Butenhoff,United States,Lugia Archeops,91,10,regional,Regional Peoria IL,United States,Desconocido,2023,2023-10-07,standard_2023,0,386_4969
386,2346,Braiden Elfert,United States,Arceus Vulpix,92,116,regional,Regional Peoria IL,United States,Desconocido,2023,2023-10-07,standard_2023,0,386_2346
386,2843,Tyler Annaert,Canada,Chien-Pao Baxcalibur,93,17,regional,Regional Peoria IL,United States,Desconocido,2023,2023-10-07,standard_2023,0,386_2843
386,4888,Alejandro Avila Cisneros,United States,Miraidon Flaaffy,94,10,regional,Regional Peoria IL,United States,Desconocido,2023,2023-10-07,standard_2023,0,386_4888
386,1212,Eddie North,United States,Chien-Pao Baxcalibur,95,49,regional,Regional Peoria IL,United States,Desconocido,2023,2023-10-07,standard_2023,0,386_1212
386,5066,Benjamin Keller,United States,Fusion Mew,96,5,regional,Regional Peoria IL,United States,Desconocido,2023,2023-10-07,standard_2023,0,386_5066
386,4308,Mathew Boat,United States,Inteleon Urshifu,97,15,regional,Regional Peoria IL,United States,Desconocido,2023,2023-10-07,standard_2023,0,386_4308
386,5067,May Hayden,United States,Fusion Mew,98,5,regional,Regional Peoria IL,United States,Desconocido,2023,2023-10-07,standard_2023,0,386_5067
386,4686,Vikas Parmar,United States,Charizard,99,10,regional,Regional Peoria IL,United States,Desconocido,2023,2023-10-07,standard_2023,0,386_4686
386,736,David Cook,United States,Lost Zone Box,100,27,regional,Regional Peoria IL,United States,Desconocido,2023,2023-10-07,standard_2023,0,386_736
386,847,Cody Graham,United States,Arceus Flying Pikachu,101,69,regional,Regional Peoria IL,United States,Desconocido,2023,2023-10-07,standard_2023,0,386_847
386,5068,James Musser,United States,Gardevoir,102,5,regional,Regional Peoria IL,United States,Desconocido,2023,2023-10-07,standard_2023,0,386_5068
386,2530,Gabe Shumway,United States,Charizard,103,65,regional,Regional Peoria IL,United States,Desconocido,2023,2023-10-07,standard_2023,0,386_2530
386,5069,Anthony Allmond,United States,Miraidon Flaaffy,104,5,regional,Regional Peoria IL,United States,Desconocido,2023,2023-10-07,standard_2023,0,386_5069
386,322,Grant Manley,United States,Gardevoir,105,535,regional,Regional Peoria IL,United States,Desconocido,2023,2023-10-07,standard_2023,0,386_322
386,3587,Sawyer Melban,United States,Lost Zone Box,106,114,regional,Regional Peoria IL,United States,Desconocido,2023,2023-10-07,standard_2023,0,386_3587
386,4669,Bryan Okrey,United States,Charizard,107,23,regional,Regional Peoria IL,United States,Desconocido,2023,2023-10-07,standard_2023,0,386_4669
386,1011,Zander Bennett,United States,Lost Zone Box,108,74,regional,Regional Peoria IL,United States,Desconocido,2023,2023-10-07,standard_2023,0,386_1011
386,2623,Jackson Ford,Canada,Gardevoir,109,31,regional,Regional Peoria IL,United States,Desconocido,2023,2023-10-07,standard_2023,0,386_2623
386,874,Chris Wilkinson,United States,Lost Zone Box,110,26,regional,Regional Peoria IL,United States,Desconocido,2023,2023-10-07,standard_2023,0,386_874
386,5070,Reed Casterlin,United States,Miraidon Flaaffy,111,5,regional,Regional Peoria IL,United States,Desconocido,2023,2023-10-07,standard_2023,0,386_5070
386,328,Caleb Gedemer,United States,Gardevoir,112,599,regional,Regional Peoria IL,United States,Desconocido,2023,2023-10-07,standard_2023,0,386_328
386,5071,Kevin Cate,United States,Mew Genesect,113,5,regional,Regional Peoria IL,United States,Desconocido,2023,2023-10-07,standard_2023,0,386_5071
386,2636,Axel Alvarez,United States,Mew Genesect,114,79,regional,Regional Peoria IL,United States,Desconocido,2023,2023-10-07,standard_2023,0,386_2636
386,3259,Dan Onderko,United States,Lugia Archeops,115,11,regional,Regional Peoria IL,United States,Desconocido,2023,2023-10-07,standard_2023,0,386_3259
386,686,Zach Zamora,United States,Palkia Gardevoir,116,60,regional,Regional Peoria IL,United States,Desconocido,2023,2023-10-07,standard_2023,0,386_686
386,3593,Zach Cohen,United States,Gardevoir,117,29,regional,Regional Peoria IL,United States,Desconocido,2023,2023-10-07,standard_2023,0,386_3593
386,1689,Dustin Parker,United States,Charizard,118,15,regional,Regional Peoria IL,United States,Desconocido,2023,2023-10-07,standard_2023,0,386_1689
386,4275,Sebastian Moceri,United States,Giratina LZ Box,119,12,regional,Regional Peoria IL,United States,Desconocido,2023,2023-10-07,standard_2023,0,386_4275
386,5072,Michael Ceculski,United States,Miraidon,120,5,regional,Regional Peoria IL,United States,Desconocido,2023,2023-10-07,standard_2023,0,386_5072
386,466,Jonathan Soto,United States,Chien-Pao Baxcalibur,121,35,regional,Regional Peoria IL,United States,Desconocido,2023,2023-10-07,standard_2023,0,386_466
386,5073,Lily Hoekstra,United States,Chien-Pao Baxcalibur,122,5,regional,Regional Peoria IL,United States,Desconocido,2023,2023-10-07,standard_2023,0,386_5073
386,5074,Jackson Paulson,United States,Gardevoir,123,5,regional,Regional Peoria IL,United States,Desconocido,2023,2023-10-07,standard_2023,0,386_5074
386,5075,Ethan Wray,United States,Lost Zone Box,124,5,regional,Regional Peoria IL,United States,Desconocido,2023,2023-10-07,standard_2023,0,386_5075
386,5076,Andrew Zheng,United States,Gardevoir,125,5,regional,Regional Peoria IL,United States,Desconocido,2023,2023-10-07,standard_2023,0,386_5076
386,5077,Zhiwei Zhang,China,Gardevoir,126,5,regional,Regional Peoria IL,United States,Desconocido,2023,2023-10-07,standard_2023,0,386_5077
386,5078,Geneses Pabuna,Canada,Charizard Arceus,127,5,regional,Regional Peoria IL,United States,Desconocido,2023,2023-10-07,standard_2023,0,386_5078
386,5079,Josh de Jesus,Canada,Goodra LZ Box,128,5,regional,Regional Peoria IL,United States,Desconocido,2023,2023-10-07,standard_2023,0,386_5079
386,5080,Scott Zelenak,United States,Charizard,129,3,regional,Regional Peoria IL,United States,Desconocido,2023,2023-10-07,standard_2023,0,386_5080
386,1050,Jalen Jones,United States,Charizard,130,32,regional,Regional Peoria IL,United States,Desconocido,2023,2023-10-07,standard_2023,0,386_1050
386,3599,Austin Swayne,United States,Gardevoir,131,14,regional,Regional Peoria IL,United States,Desconocido,2023,2023-10-07,standard_2023,0,386_3599
386,4845,Daniel Rao,Canada,Lugia Archeops,132,18,regional,Regional Peoria IL,United States,Desconocido,2023,2023-10-07,standard_2023,0,386_4845
386,450,Jared Grimes,United States,Chien-Pao Baxcalibur,133,33,regional,Regional Peoria IL,United States,Desconocido,2023,2023-10-07,standard_2023,0,386_450
386,5081,Wendy Novak,United States,Charizard,134,3,regional,Regional Peoria IL,United States,Desconocido,2023,2023-10-07,standard_2023,0,386_5081
386,5082,Domenick Ritchie,Canada,Inteleon Urshifu,135,3,regional,Regional Peoria IL,United States,Desconocido,2023,2023-10-07,standard_2023,0,386_5082
386,5083,Jordan Johnson,United States,Gardevoir,136,3,regional,Regional Peoria IL,United States,Desconocido,2023,2023-10-07,standard_2023,0,386_5083
386,5084,Justin Beck,United States,Miraidon Flaaffy,137,3,regional,Regional Peoria IL,United States,Desconocido,2023,2023-10-07,standard_2023,0,386_5084
386,316,Ryan Sabelhaus,United States,Chien-Pao Baxcalibur,138,270,regional,Regional Peoria IL,United States,Desconocido,2023,2023-10-07,standard_2023,0,386_316
386,5085,Paul Miller,United States,Giratina LZ Box,139,3,regional,Regional Peoria IL,United States,Desconocido,2023,2023-10-07,standard_2023,0,386_5085
386,1415,Ryan Prusak,United States,Mew Genesect,140,23,regional,Regional Peoria IL,United States,Desconocido,2023,2023-10-07,standard_2023,0,386_1415
386,476,Kyle Sabelhaus,United States,Chien-Pao Baxcalibur,141,67,regional,Regional Peoria IL,United States,Desconocido,2023,2023-10-07,standard_2023,0,386_476
386,5086,Connor Schmaus,United States,Lugia Archeops,142,3,regional,Regional Peoria IL,United States,Desconocido,2023,2023-10-07,standard_2023,0,386_5086
386,3847,Liam Petrie,United States,Lost Zone Box,143,27,regional,Regional Peoria IL,United States,Desconocido,2023,2023-10-07,standard_2023,0,386_3847
386,5087,Thomas Veazie,United States,Inteleon Urshifu,144,3,regional,Regional Peoria IL,United States,Desconocido,2023,2023-10-07,standard_2023,0,386_5087
386,694,Enrique Avila,United States,Gardevoir,145,49,regional,Regional Peoria IL,United States,Desconocido,2023,2023-10-07,standard_2023,0,386_694
386,850,Justin Lambert,United States,Gardevoir,146,46,regional,Regional Peoria IL,United States,Desconocido,2023,2023-10-07,standard_2023,0,386_850
386,5088,Austin Pritchett,United States,Arceus Duraludon,147,3,regional,Regional Peoria IL,United States,Desconocido,2023,2023-10-07,standard_2023,0,386_5088
386,420,Michael Diaz,United States,Gardevoir,148,72,regional,Regional Peoria IL,United States,Desconocido,2023,2023-10-07,standard_2023,0,386_420
386,3856,Tou Moua,United States,Lost Zone Box,149,8,regional,Regional Peoria IL,United States,Desconocido,2023,2023-10-07,standard_2023,0,386_3856
386,584,Andrew Estrada,Canada,Chien-Pao Baxcalibur,150,200,regional,Regional Peoria IL,United States,Desconocido,2023,2023-10-07,standard_2023,0,386_584
386,4681,Ruben Alejandro Canul Mendoza,Mexico,Lugia Archeops,151,10,regional,Regional Peoria IL,United States,Desconocido,2023,2023-10-07,standard_2023,0,386_4681
386,5089,Tyler Owens,United States,Miraidon Flaaffy,152,3,regional,Regional Peoria IL,United States,Desconocido,2023,2023-10-07,standard_2023,0,386_5089
386,5090,Troy Velasquez,United States,Lugia Archeops,153,3,regional,Regional Peoria IL,United States,Desconocido,2023,2023-10-07,standard_2023,0,386_5090
386,3621,John Wanggaard,United States,Gardevoir,154,25,regional,Regional Peoria IL,United States,Desconocido,2023,2023-10-07,standard_2023,0,386_3621
386,455,Kyle Warner,United States,Charizard LZ Box,155,37,regional,Regional Peoria IL,United States,Desconocido,2023,2023-10-07,standard_2023,0,386_455
386,3594,Kenneth Mauder,United States,Inteleon Urshifu,156,10,regional,Regional Peoria IL,United States,Desconocido,2023,2023-10-07,standard_2023,0,386_3594
386,2837,Maximino Mendez,United States,Charizard Gallade,157,20,regional,Regional Peoria IL,United States,Desconocido,2023,2023-10-07,standard_2023,0,386_2837
386,4061,Elliot Gordon,United States,Giratina LZ Box,158,8,regional,Regional Peoria IL,United States,Desconocido,2023,2023-10-07,standard_2023,0,386_4061
386,1906,Clayton Fagan,United States,Chien-Pao Baxcalibur,159,19,regional,Regional Peoria IL,United States,Desconocido,2023,2023-10-07,standard_2023,0,386_1906
386,5091,Tim Saben,United States,Charizard,160,3,regional,Regional Peoria IL,United States,Desconocido,2023,2023-10-07,standard_2023,0,386_5091
386,5092,Anthony Anderson,United States,Lost Zone Box,161,3,regional,Regional Peoria IL,United States,Desconocido,2023,2023-10-07,standard_2023,0,386_5092
386,5093,Amanda VanWye,United States,Gardevoir,162,3,regional,Regional Peoria IL,United States,Desconocido,2023,2023-10-07,standard_2023,0,386_5093
386,4305,Edwin Arrollo,United States,Gardevoir,163,38,regional,Regional Peoria IL,United States,Desconocido,2023,2023-10-07,standard_2023,0,386_4305
386,5094,Jason Whittle,United States,Mew Genesect,164,3,regional,Regional Peoria IL,United States,Desconocido,2023,2023-10-07,standard_2023,0,386_5094
386,1047,Hector Ibarra,United States,Lost Zone Box,165,90,regional,Regional Peoria IL,United States,Desconocido,2023,2023-10-07,standard_2023,0,386_1047
386,1644,Will Stevens,United States,Charizard,166,10,regional,Regional Peoria IL,United States,Desconocido,2023,2023-10-07,standard_2023,0,386_1644
386,4999,Davin Erickson,United States,Inteleon Urshifu,167,9,regional,Regional Peoria IL,United States,Desconocido,2023,2023-10-07,standard_2023,0,386_4999
386,5095,Aaron Hunt,United States,Charizard LZ Box,168,3,regional,Regional Peoria IL,United States,Desconocido,2023,2023-10-07,standard_2023,0,386_5095
386,5096,Calvin Tathanhlong,Canada,Lugia Archeops,169,3,regional,Regional Peoria IL,United States,Desconocido,2023,2023-10-07,standard_2023,0,386_5096
386,5097,Thomas Trently,United States,Miraidon Flaaffy,170,3,regional,Regional Peoria IL,United States,Desconocido,2023,2023-10-07,standard_2023,0,386_5097
386,5098,Ryan Dingle,United States,Inteleon Urshifu,171,3,regional,Regional Peoria IL,United States,Desconocido,2023,2023-10-07,standard_2023,0,386_5098
386,3879,Xavier Higgins,United States,Giratina LZ Box,172,8,regional,Regional Peoria IL,United States,Desconocido,2023,2023-10-07,standard_2023,0,386_3879
386,5099,Enrique Castellon,United States,Charizard Arceus,173,10,regional,Regional Peoria IL,United States,Desconocido,2023,2023-10-07,standard_2023,0,386_5099
386,438,Wesley Hollenberg,United States,Miraidon Flaaffy,174,97,regional,Regional Peoria IL,United States,Desconocido,2023,2023-10-07,standard_2023,0,386_438
386,4227,Matthew Keyes,United States,Charizard,175,6,regional,Regional Peoria IL,United States,Desconocido,2023,2023-10-07,standard_2023,0,386_4227
386,3636,Tyler Mathews,United States,Lost Zone Box,176,91,regional,Regional Peoria IL,United States,Desconocido,2023,2023-10-07,standard_2023,0,386_3636
386,5100,Paul McCann,United States,Giratina LZ Box,177,3,regional,Regional Peoria IL,United States,Desconocido,2023,2023-10-07,standard_2023,0,386_5100
385,649,William Azevedo,Brazil,Charizard,1,299,regional,Regional Curitiba,Brazil,SA,2023,2023-09-23,standard_2023,1,385_649
385,790,Francisco Osorio,Chile,Giratina LZ Box,2,82,regional,Regional Curitiba,Brazil,SA,2023,2023-09-23,standard_2023,1,385_790
385,5032,Leonardo Walbrinch,Brazil,Charizard,3,15,regional,Regional Curitiba,Brazil,SA,2023,2023-09-23,standard_2023,1,385_5032
385,5033,João Requena,Brazil,Charizard Arceus,4,15,regional,Regional Curitiba,Brazil,SA,2023,2023-09-23,standard_2023,1,385_5033
385,4345,Juliana Alves Marques,Brazil,Arceus Umbreon,5,18,regional,Regional Curitiba,Brazil,SA,2023,2023-09-23,standard_2023,1,385_4345
385,651,Dalton Acchetta,Brazil,Charizard Arceus,6,161,regional,Regional Curitiba,Brazil,SA,2023,2023-09-23,standard_2023,1,385_651
385,2802,Juan Andree Mejía,Chile,Gardevoir,7,73,regional,Regional Curitiba,Brazil,SA,2023,2023-09-23,standard_2023,1,385_2802
385,2774,Pedro Pertusi,Brazil,Charizard,8,235,regional,Regional Curitiba,Brazil,SA,2023,2023-09-23,standard_2023,1,385_2774
385,1172,Facundo Facio,Argentina,Inteleon Urshifu,9,26,regional,Regional Curitiba,Brazil,SA,2023,2023-09-23,standard_2023,0,385_1172
385,3522,Ariel Oliveira,Brazil,Inteleon Urshifu,10,44,regional,Regional Curitiba,Brazil,SA,2023,2023-09-23,standard_2023,0,385_3522
385,1198,Matias Matricardi,Argentina,Gardevoir,11,126,regional,Regional Curitiba,Brazil,SA,2023,2023-09-23,standard_2023,0,385_1198
385,261,Ricardo Felipe Hille,Brazil,Charizard,12,71,regional,Regional Curitiba,Brazil,SA,2023,2023-09-23,standard_2023,0,385_261
385,165,Gustavo Wada,Brazil,Gardevoir,13,766,regional,Regional Curitiba,Brazil,SA,2023,2023-09-23,standard_2023,0,385_165
385,4798,Gustavo Serafim,Brazil,Miraidon Flaaffy,14,13,regional,Regional Curitiba,Brazil,SA,2023,2023-09-23,standard_2023,0,385_4798
385,1593,Gabriel Massaroth,Brazil,Lugia Archeops,15,40,regional,Regional Curitiba,Brazil,SA,2023,2023-09-23,standard_2023,0,385_1593
385,1148,Fabrizio Inga Silva,Peru,Mew Genesect,16,158,regional,Regional Curitiba,Brazil,SA,2023,2023-09-23,standard_2023,0,385_1148
385,152,Gabriel Pino Semedo,Brazil,Charizard Arceus,17,130,regional,Regional Curitiba,Brazil,SA,2023,2023-09-23,standard_2023,0,385_152
385,5034,Vinícius Fernandez,Brazil,Lost Zone Box,18,6,regional,Regional Curitiba,Brazil,SA,2023,2023-09-23,standard_2023,0,385_5034
385,1278,Gabriel Eduardo Reiter,Brazil,Inteleon Urshifu,19,33,regional,Regional Curitiba,Brazil,SA,2023,2023-09-23,standard_2023,0,385_1278
385,4794,Bruno Guerra,Brazil,Arceus Duraludon Umbreon,20,11,regional,Regional Curitiba,Brazil,SA,2023,2023-09-23,standard_2023,0,385_4794
385,208,Otavio Gouveia,Brazil,Charizard,21,256,regional,Regional Curitiba,Brazil,SA,2023,2023-09-23,standard_2023,0,385_208
385,217,Augusto Cesar Beringuer,Brazil,Lugia Archeops,22,55,regional,Regional Curitiba,Brazil,SA,2023,2023-09-23,standard_2023,0,385_217
385,5035,Winston Chiba,Brazil,Charizard,23,6,regional,Regional Curitiba,Brazil,SA,2023,2023-09-23,standard_2023,0,385_5035
385,4812,Andrei Imada,Brazil,Arceus,24,14,regional,Regional Curitiba,Brazil,SA,2023,2023-09-23,standard_2023,0,385_4812
385,2775,Joao Bastos,Brazil,Giratina LZ Box,25,27,regional,Regional Curitiba,Brazil,SA,2023,2023-09-23,standard_2023,0,385_2775
385,1081,Victor Freitas,Brazil,Lugia Archeops,26,79,regional,Regional Curitiba,Brazil,SA,2023,2023-09-23,standard_2023,0,385_1081
385,5036,Vinicius Correia,Brazil,Lost Zone Box,27,6,regional,Regional Curitiba,Brazil,SA,2023,2023-09-23,standard_2023,0,385_5036
385,3238,Guilherme Cazzonato,Brazil,Charizard Gallade,28,18,regional,Regional Curitiba,Brazil,SA,2023,2023-09-23,standard_2023,0,385_3238
385,4534,Pedro Pasqualini de Andrade,Brazil,Charizard LZ Box,29,21,regional,Regional Curitiba,Brazil,SA,2023,2023-09-23,standard_2023,0,385_4534
385,5037,Henrique de Almeida Scabbia,Brazil,Charizard LZ Box,30,6,regional,Regional Curitiba,Brazil,SA,2023,2023-09-23,standard_2023,0,385_5037
385,5038,Thiers Klimczuk,Brazil,Miraidon Flaaffy,31,6,regional,Regional Curitiba,Brazil,SA,2023,2023-09-23,standard_2023,0,385_5038
385,5039,Gustavo Mariano,Brazil,Gardevoir,32,6,regional,Regional Curitiba,Brazil,SA,2023,2023-09-23,standard_2023,0,385_5039
385,230,Diego Cassiraga,Argentina,Gardevoir,33,317,regional,Regional Curitiba,Brazil,SA,2023,2023-09-23,standard_2023,0,385_230
385,5040,João Alcim Neves,Brazil,Miraidon Flaaffy,34,4,regional,Regional Curitiba,Brazil,SA,2023,2023-09-23,standard_2023,0,385_5040
385,3959,Carlos Medina Astete,Peru,Lost Zone Box,35,65,regional,Regional Curitiba,Brazil,SA,2023,2023-09-23,standard_2023,0,385_3959
385,1761,Ricardo Pereira Celebroni,Brazil,Lugia Archeops,36,31,regional,Regional Curitiba,Brazil,SA,2023,2023-09-23,standard_2023,0,385_1761
385,5041,Nicolas Volpi,Brazil,Lugia Archeops,37,4,regional,Regional Curitiba,Brazil,SA,2023,2023-09-23,standard_2023,0,385_5041
385,1679,Lucas Matheus,Brazil,Gardevoir,38,79,regional,Regional Curitiba,Brazil,SA,2023,2023-09-23,standard_2023,0,385_1679
385,1505,João Pedro Medeiros Zambrano,Brazil,Gardevoir,39,191,regional,Regional Curitiba,Brazil,SA,2023,2023-09-23,standard_2023,0,385_1505
385,5042,Arthur Mesquita,Brazil,Lugia Archeops,40,4,regional,Regional Curitiba,Brazil,SA,2023,2023-09-23,standard_2023,0,385_5042
383,584,Andrew Estrada,Canada,Lost Zone Box,1,200,regional,Regional Pittsburgh PA,United States,Desconocido,2023,2023-09-09,standard_2023,1,383_584
383,2028,Jesse Parker,United States,Miraidon Flaaffy,2,86,regional,Regional Pittsburgh PA,United States,Desconocido,2023,2023-09-09,standard_2023,1,383_2028
383,3472,Collin Merli-Matthews,United States,Fusion Mew,3,93,regional,Regional Pittsburgh PA,United States,Desconocido,2023,2023-09-09,standard_2023,1,383_3472
383,2875,Andrew Hedrick,United States,Lugia Archeops,4,222,regional,Regional Pittsburgh PA,United States,Desconocido,2023,2023-09-09,standard_2023,1,383_2875
383,4931,Michael Chen,United States,Giratina LZ Box,5,25,regional,Regional Pittsburgh PA,United States,Desconocido,2023,2023-09-09,standard_2023,1,383_4931
383,2427,Adam Reinhardt,United States,Miraidon Flaaffy,6,93,regional,Regional Pittsburgh PA,United States,Desconocido,2023,2023-09-09,standard_2023,1,383_2427
383,2340,Lucas Xing,Canada,Chien-Pao Baxcalibur,7,77,regional,Regional Pittsburgh PA,United States,Desconocido,2023,2023-09-09,standard_2023,1,383_2340
383,321,Rahul Reddy,United States,Lugia Archeops,8,550,regional,Regional Pittsburgh PA,United States,Desconocido,2023,2023-09-09,standard_2023,1,383_321
383,1626,Isaiah Bradner,United States,Giratina LZ Box,9,332,regional,Regional Pittsburgh PA,United States,Desconocido,2023,2023-09-09,standard_2023,0,383_1626
383,1630,Nicholas Moffitt,United States,Lost Zone Box,10,266,regional,Regional Pittsburgh PA,United States,Desconocido,2023,2023-09-09,standard_2023,0,383_1630
383,4946,Michael Davidson,United States,Gardevoir,11,12,regional,Regional Pittsburgh PA,United States,Desconocido,2023,2023-09-09,standard_2023,0,383_4946
383,849,Hunter Butler,United States,Lost Zone Box,12,176,regional,Regional Pittsburgh PA,United States,Desconocido,2023,2023-09-09,standard_2023,0,383_849
383,3587,Sawyer Melban,United States,Lost Zone Box,13,114,regional,Regional Pittsburgh PA,United States,Desconocido,2023,2023-09-09,standard_2023,0,383_3587
383,449,Noah Sawyer,United States,Lugia Archeops,14,166,regional,Regional Pittsburgh PA,United States,Desconocido,2023,2023-09-09,standard_2023,0,383_449
383,3636,Tyler Mathews,United States,Lost Zone Box,15,91,regional,Regional Pittsburgh PA,United States,Desconocido,2023,2023-09-09,standard_2023,0,383_3636
383,328,Caleb Gedemer,United States,Fusion Mew,16,599,regional,Regional Pittsburgh PA,United States,Desconocido,2023,2023-09-09,standard_2023,0,383_328
383,3895,Andres Alderette,United States,Lost Zone Box,17,50,regional,Regional Pittsburgh PA,United States,Desconocido,2023,2023-09-09,standard_2023,0,383_3895
383,4947,Brendan Cevasco,United States,Lugia Archeops,18,10,regional,Regional Pittsburgh PA,United States,Desconocido,2023,2023-09-09,standard_2023,0,383_4947
383,1157,Landen Kaetler,Canada,Lugia Archeops,19,92,regional,Regional Pittsburgh PA,United States,Desconocido,2023,2023-09-09,standard_2023,0,383_1157
383,4948,Benjamin Howard,United States,Miraidon Flaaffy,20,10,regional,Regional Pittsburgh PA,United States,Desconocido,2023,2023-09-09,standard_2023,0,383_4948
383,1700,Daniel Hugar,United States,Giratina LZ Box,21,53,regional,Regional Pittsburgh PA,United States,Desconocido,2023,2023-09-09,standard_2023,0,383_1700
383,4949,Bryan McDaniel,United States,Miraidon Flaaffy,22,10,regional,Regional Pittsburgh PA,United States,Desconocido,2023,2023-09-09,standard_2023,0,383_4949
383,697,Austin Ellis,Canada,Giratina LZ Box,23,110,regional,Regional Pittsburgh PA,United States,Desconocido,2023,2023-09-09,standard_2023,0,383_697
383,2530,Gabe Shumway,United States,Lugia Archeops,24,65,regional,Regional Pittsburgh PA,United States,Desconocido,2023,2023-09-09,standard_2023,0,383_2530
383,2401,Vance Kelley,United States,Fusion Mew,25,131,regional,Regional Pittsburgh PA,United States,Desconocido,2023,2023-09-09,standard_2023,0,383_2401
383,3174,Vincent D'Arcy,United States,Giratina LZ Box,26,16,regional,Regional Pittsburgh PA,United States,Desconocido,2023,2023-09-09,standard_2023,0,383_3174
383,868,Jon Eng,United States,Fusion Mew,27,492,regional,Regional Pittsburgh PA,United States,Desconocido,2023,2023-09-09,standard_2023,0,383_868
383,4950,Noah Hanerland,United States,Lugia Archeops,28,10,regional,Regional Pittsburgh PA,United States,Desconocido,2023,2023-09-09,standard_2023,0,383_4950
383,550,Johnny Rabus,United States,Lugia Archeops,29,58,regional,Regional Pittsburgh PA,United States,Desconocido,2023,2023-09-09,standard_2023,0,383_550
383,86,Tord Reklev,Norway,Gardevoir,30,832,regional,Regional Pittsburgh PA,United States,Desconocido,2023,2023-09-09,standard_2023,0,383_86
383,4951,Elliott Chereches,Canada,Miraidon Flaaffy,31,10,regional,Regional Pittsburgh PA,United States,Desconocido,2023,2023-09-09,standard_2023,0,383_4951
383,2545,Christian Chase,United States,Lost Zone Box,32,26,regional,Regional Pittsburgh PA,United States,Desconocido,2023,2023-09-09,standard_2023,0,383_2545
383,322,Grant Manley,United States,Fusion Mew,33,535,regional,Regional Pittsburgh PA,United States,Desconocido,2023,2023-09-09,standard_2023,0,383_322
383,2628,Calvin Connor,United States,Lugia Archeops,34,260,regional,Regional Pittsburgh PA,United States,Desconocido,2023,2023-09-09,standard_2023,0,383_2628
383,685,Christopher Venier,Canada,Fusion Mew,35,139,regional,Regional Pittsburgh PA,United States,Desconocido,2023,2023-09-09,standard_2023,0,383_685
383,345,Jeremy Gibson,United States,Gardevoir,36,93,regional,Regional Pittsburgh PA,United States,Desconocido,2023,2023-09-09,standard_2023,0,383_345
383,3106,Haru Nishikawa,Japan,Gardevoir,37,82,regional,Regional Pittsburgh PA,United States,Desconocido,2023,2023-09-09,standard_2023,0,383_3106
383,2537,Luke Smith,United States,Lugia Archeops,38,67,regional,Regional Pittsburgh PA,United States,Desconocido,2023,2023-09-09,standard_2023,0,383_2537
383,2898,Regan Retzloff,United States,Lugia Archeops,39,210,regional,Regional Pittsburgh PA,United States,Desconocido,2023,2023-09-09,standard_2023,0,383_2898
383,2532,Rowan Stavenow,Canada,Gardevoir,40,195,regional,Regional Pittsburgh PA,United States,Desconocido,2023,2023-09-09,standard_2023,0,383_2532
383,733,Isaiah Cheville,United States,Fusion Mew,41,73,regional,Regional Pittsburgh PA,United States,Desconocido,2023,2023-09-09,standard_2023,0,383_733
383,4952,Joshua Curtin,United States,Miraidon Flaaffy,42,7,regional,Regional Pittsburgh PA,United States,Desconocido,2023,2023-09-09,standard_2023,0,383_4952
383,4953,Ivan Chan,United States,Gardevoir,43,7,regional,Regional Pittsburgh PA,United States,Desconocido,2023,2023-09-09,standard_2023,0,383_4953
383,1647,Mike Newey,United States,Chien-Pao Baxcalibur,44,60,regional,Regional Pittsburgh PA,United States,Desconocido,2023,2023-09-09,standard_2023,0,383_1647
383,2421,Gregory Playter,United States,Lost Zone Box,45,30,regional,Regional Pittsburgh PA,United States,Desconocido,2023,2023-09-09,standard_2023,0,383_2421
383,678,Gibson Archer-Tang,United States,Inteleon Urshifu,46,123,regional,Regional Pittsburgh PA,United States,Desconocido,2023,2023-09-09,standard_2023,0,383_678
383,196,Zach Lesage,Canada,Lugia Archeops,47,387,regional,Regional Pittsburgh PA,United States,Desconocido,2023,2023-09-09,standard_2023,0,383_196
383,2581,Benjamin McEachen,United States,Fusion Mew,48,21,regional,Regional Pittsburgh PA,United States,Desconocido,2023,2023-09-09,standard_2023,0,383_2581
383,3752,Grayson Lang,United States,Inteleon Urshifu,49,20,regional,Regional Pittsburgh PA,United States,Desconocido,2023,2023-09-09,standard_2023,0,383_3752
383,4201,Hunter Smith,United States,Inteleon Urshifu,50,24,regional,Regional Pittsburgh PA,United States,Desconocido,2023,2023-09-09,standard_2023,0,383_4201
383,4954,Jacky Su,Canada,Lugia Archeops,51,7,regional,Regional Pittsburgh PA,United States,Desconocido,2023,2023-09-09,standard_2023,0,383_4954
383,365,Daniel Lopez,United States,Lost Zone Box,52,46,regional,Regional Pittsburgh PA,United States,Desconocido,2023,2023-09-09,standard_2023,0,383_365
383,4955,Erin McCann,United States,Mew Genesect,53,7,regional,Regional Pittsburgh PA,United States,Desconocido,2023,2023-09-09,standard_2023,0,383_4955
383,4956,Ryan Bownes,United States,Lugia Archeops,54,7,regional,Regional Pittsburgh PA,United States,Desconocido,2023,2023-09-09,standard_2023,0,383_4956
383,2536,Harris Noor,United States,Lugia Archeops,55,43,regional,Regional Pittsburgh PA,United States,Desconocido,2023,2023-09-09,standard_2023,0,383_2536
383,4957,Benjamin Nackman,United States,Inteleon Urshifu,56,12,regional,Regional Pittsburgh PA,United States,Desconocido,2023,2023-09-09,standard_2023,0,383_4957
383,765,Ryan Harris,United States,Lost Zone Box,57,86,regional,Regional Pittsburgh PA,United States,Desconocido,2023,2023-09-09,standard_2023,0,383_765
383,316,Ryan Sabelhaus,United States,Giratina LZ Box,58,270,regional,Regional Pittsburgh PA,United States,Desconocido,2023,2023-09-09,standard_2023,0,383_316
383,4958,Christopher Wigelsworth,United States,Charizard Arceus,59,7,regional,Regional Pittsburgh PA,United States,Desconocido,2023,2023-09-09,standard_2023,0,383_4958
383,3815,George Gebhardt,United States,Gardevoir,60,41,regional,Regional Pittsburgh PA,United States,Desconocido,2023,2023-09-09,standard_2023,0,383_3815
383,1693,Evan Campbell,United States,Giratina LZ Box,61,66,regional,Regional Pittsburgh PA,United States,Desconocido,2023,2023-09-09,standard_2023,0,383_1693
383,914,Abaan Ahmed,United States,Fusion Mew,62,25,regional,Regional Pittsburgh PA,United States,Desconocido,2023,2023-09-09,standard_2023,0,383_914
383,3596,Jeremy Gumila,United States,Gardevoir,63,68,regional,Regional Pittsburgh PA,United States,Desconocido,2023,2023-09-09,standard_2023,0,383_3596
383,4959,Colton Ames,United States,Giratina LZ Box,64,7,regional,Regional Pittsburgh PA,United States,Desconocido,2023,2023-09-09,standard_2023,0,383_4959
383,413,Noel Totomoch,United States,Giratina LZ Box,65,96,regional,Regional Pittsburgh PA,United States,Desconocido,2023,2023-09-09,standard_2023,0,383_413
383,4867,Jonathan Ramirez,United States,Lost Zone Box,66,13,regional,Regional Pittsburgh PA,United States,Desconocido,2023,2023-09-09,standard_2023,0,383_4867
383,364,Alex Schemanske,United States,Inteleon Urshifu,67,602,regional,Regional Pittsburgh PA,United States,Desconocido,2023,2023-09-09,standard_2023,0,383_364
383,4960,Michael Otero,United States,Lugia Archeops,68,5,regional,Regional Pittsburgh PA,United States,Desconocido,2023,2023-09-09,standard_2023,0,383_4960
383,3835,Ryan Soety,United States,Giratina LZ Box,69,10,regional,Regional Pittsburgh PA,United States,Desconocido,2023,2023-09-09,standard_2023,0,383_3835
383,1874,Dylan Gunn,United States,Lost Zone Box,70,81,regional,Regional Pittsburgh PA,United States,Desconocido,2023,2023-09-09,standard_2023,0,383_1874
383,4052,Keaton Gill,United States,Lugia Archeops,71,30,regional,Regional Pittsburgh PA,United States,Desconocido,2023,2023-09-09,standard_2023,0,383_4052
383,4961,Colton Meahl,United States,Lost Zone Box,72,5,regional,Regional Pittsburgh PA,United States,Desconocido,2023,2023-09-09,standard_2023,0,383_4961
383,441,Darin O'Meara,United States,Fusion Mew,73,135,regional,Regional Pittsburgh PA,United States,Desconocido,2023,2023-09-09,standard_2023,0,383_441
383,4962,Soumil Dusara,United States,Lost Zone Box,74,5,regional,Regional Pittsburgh PA,United States,Desconocido,2023,2023-09-09,standard_2023,0,383_4962
383,2437,Michele Schiraldi,Canada,Gardevoir,75,53,regional,Regional Pittsburgh PA,United States,Desconocido,2023,2023-09-09,standard_2023,0,383_2437
383,4963,Conner Truitt,United States,Gardevoir,76,5,regional,Regional Pittsburgh PA,United States,Desconocido,2023,2023-09-09,standard_2023,0,383_4963
383,2448,Kamil Colatosti,Canada,Lost Zone Box,77,22,regional,Regional Pittsburgh PA,United States,Desconocido,2023,2023-09-09,standard_2023,0,383_2448
383,1779,Chris Fulop,United States,Lugia Archeops,78,17,regional,Regional Pittsburgh PA,United States,Desconocido,2023,2023-09-09,standard_2023,0,383_1779
383,4206,Prin Basser,United States,Fusion Mew,79,15,regional,Regional Pittsburgh PA,United States,Desconocido,2023,2023-09-09,standard_2023,0,383_4206
383,4200,Owen Rhoads,United States,Lost Zone Box,80,28,regional,Regional Pittsburgh PA,United States,Desconocido,2023,2023-09-09,standard_2023,0,383_4200
383,4682,Joe Sturino,United States,Inteleon Urshifu,81,12,regional,Regional Pittsburgh PA,United States,Desconocido,2023,2023-09-09,standard_2023,0,383_4682
383,4964,Joshua Sambrano,United States,Inteleon Urshifu,82,5,regional,Regional Pittsburgh PA,United States,Desconocido,2023,2023-09-09,standard_2023,0,383_4964
383,4706,Peyton Bauermeister,United States,Lost Zone Box,83,10,regional,Regional Pittsburgh PA,United States,Desconocido,2023,2023-09-09,standard_2023,0,383_4706
383,4965,Kyle Caruthers,United States,Charizard Arceus,84,5,regional,Regional Pittsburgh PA,United States,Desconocido,2023,2023-09-09,standard_2023,0,383_4965
383,4966,Calvin Chang,United States,Lost Zone Box,85,5,regional,Regional Pittsburgh PA,United States,Desconocido,2023,2023-09-09,standard_2023,0,383_4966
383,4967,Morgan Purdy,United States,Gardevoir,86,5,regional,Regional Pittsburgh PA,United States,Desconocido,2023,2023-09-09,standard_2023,0,383_4967
383,1220,Aden Cunningham,United States,Lost Zone Box,87,17,regional,Regional Pittsburgh PA,United States,Desconocido,2023,2023-09-09,standard_2023,0,383_1220
383,4394,Andrew Wu,United States,Lost Zone Box,88,10,regional,Regional Pittsburgh PA,United States,Desconocido,2023,2023-09-09,standard_2023,0,383_4394
383,4968,Zeryx Schaefer,United States,Charizard Arceus,89,5,regional,Regional Pittsburgh PA,United States,Desconocido,2023,2023-09-09,standard_2023,0,383_4968
383,2352,Brad Brown,United States,Miraidon Flaaffy,90,16,regional,Regional Pittsburgh PA,United States,Desconocido,2023,2023-09-09,standard_2023,0,383_2352
383,4969,Julia Butenhoff,United States,Lugia Archeops,91,10,regional,Regional Pittsburgh PA,United States,Desconocido,2023,2023-09-09,standard_2023,0,383_4969
383,902,Riley Hulbert,United States,Miraidon Flaaffy,92,216,regional,Regional Pittsburgh PA,United States,Desconocido,2023,2023-09-09,standard_2023,0,383_902
383,864,Ian Robb,United States,Lugia Archeops,93,512,regional,Regional Pittsburgh PA,United States,Desconocido,2023,2023-09-09,standard_2023,0,383_864
383,739,JW Kriewall,United States,Miraidon Flaaffy,94,115,regional,Regional Pittsburgh PA,United States,Desconocido,2023,2023-09-09,standard_2023,0,383_739
383,4970,Austin Daniels,United States,Lost Zone Box,95,17,regional,Regional Pittsburgh PA,United States,Desconocido,2023,2023-09-09,standard_2023,0,383_4970
383,772,Arron Sanyer,United States,Lost Box Charizard,96,33,regional,Regional Pittsburgh PA,United States,Desconocido,2023,2023-09-09,standard_2023,0,383_772
383,420,Michael Diaz,United States,Gardevoir,97,72,regional,Regional Pittsburgh PA,United States,Desconocido,2023,2023-09-09,standard_2023,0,383_420
383,847,Cody Graham,United States,Arceus Flying Pikachu,98,69,regional,Regional Pittsburgh PA,United States,Desconocido,2023,2023-09-09,standard_2023,0,383_847
383,4971,Mitchell Roberge,United States,Charizard,99,5,regional,Regional Pittsburgh PA,United States,Desconocido,2023,2023-09-09,standard_2023,0,383_4971
383,1535,Christian Franco,United States,Fusion Mew,100,72,regional,Regional Pittsburgh PA,United States,Desconocido,2023,2023-09-09,standard_2023,0,383_1535
383,2044,Ben Dobberstein,United States,Lugia Archeops,101,30,regional,Regional Pittsburgh PA,United States,Desconocido,2023,2023-09-09,standard_2023,0,383_2044
383,814,Luke Morsa,United States,Lost Zone Box,102,38,regional,Regional Pittsburgh PA,United States,Desconocido,2023,2023-09-09,standard_2023,0,383_814
383,4896,Corey Patterson,United States,Mew Genesect,103,10,regional,Regional Pittsburgh PA,United States,Desconocido,2023,2023-09-09,standard_2023,0,383_4896
383,4385,Brandon Dean,United States,Inteleon Urshifu,104,12,regional,Regional Pittsburgh PA,United States,Desconocido,2023,2023-09-09,standard_2023,0,383_4385
383,4972,Suchit Koparde,United States,Lost Zone Box,105,5,regional,Regional Pittsburgh PA,United States,Desconocido,2023,2023-09-09,standard_2023,0,383_4972
383,3614,Shashi Naraine,Canada,Mew Genesect,106,40,regional,Regional Pittsburgh PA,United States,Desconocido,2023,2023-09-09,standard_2023,0,383_3614
383,4305,Edwin Arrollo,United States,Lost Zone Box,107,38,regional,Regional Pittsburgh PA,United States,Desconocido,2023,2023-09-09,standard_2023,0,383_4305
383,4973,Andrew Ryals,United States,Giratina LZ Box,108,5,regional,Regional Pittsburgh PA,United States,Desconocido,2023,2023-09-09,standard_2023,0,383_4973
383,4129,Ryan Miller,United States,Miraidon Flaaffy,109,17,regional,Regional Pittsburgh PA,United States,Desconocido,2023,2023-09-09,standard_2023,0,383_4129
383,4974,Brayden Karvelas,United States,Lost Zone Box,110,5,regional,Regional Pittsburgh PA,United States,Desconocido,2023,2023-09-09,standard_2023,0,383_4974
383,4181,Erich Francis,United States,Miraidon Flaaffy,111,15,regional,Regional Pittsburgh PA,United States,Desconocido,2023,2023-09-09,standard_2023,0,383_4181
383,2127,Vincent Vuong,Canada,Miraidon Flaaffy,112,11,regional,Regional Pittsburgh PA,United States,Desconocido,2023,2023-09-09,standard_2023,0,383_2127
383,1212,Eddie North,United States,Giratina LZ Box,113,49,regional,Regional Pittsburgh PA,United States,Desconocido,2023,2023-09-09,standard_2023,0,383_1212
383,2547,Dakota Davey,United States,Charizard LZ Box,114,10,regional,Regional Pittsburgh PA,United States,Desconocido,2023,2023-09-09,standard_2023,0,383_2547
383,4975,Jacob Noel,United States,Inteleon Urshifu,115,5,regional,Regional Pittsburgh PA,United States,Desconocido,2023,2023-09-09,standard_2023,0,383_4975
383,4976,Chris Pagan,United States,Arceus Tapu Koko,116,5,regional,Regional Pittsburgh PA,United States,Desconocido,2023,2023-09-09,standard_2023,0,383_4976
383,4977,Jacob Stock,United States,Lugia Archeops,117,5,regional,Regional Pittsburgh PA,United States,Desconocido,2023,2023-09-09,standard_2023,0,383_4977
383,323,Michael Canaves,United States,Palkia Chien-Pao,118,48,regional,Regional Pittsburgh PA,United States,Desconocido,2023,2023-09-09,standard_2023,0,383_323
383,4978,Kenny Hernandez,United States,Lost Zone Box,119,5,regional,Regional Pittsburgh PA,United States,Desconocido,2023,2023-09-09,standard_2023,0,383_4978
383,4979,Justin Norris,United States,Charizard Arceus,120,5,regional,Regional Pittsburgh PA,United States,Desconocido,2023,2023-09-09,standard_2023,0,383_4979
383,4980,Jose Medina,United States,Charizard,121,5,regional,Regional Pittsburgh PA,United States,Desconocido,2023,2023-09-09,standard_2023,0,383_4980
383,4981,Kyle Tokarczyk,United States,Lugia Archeops,122,5,regional,Regional Pittsburgh PA,United States,Desconocido,2023,2023-09-09,standard_2023,0,383_4981
383,4982,Sanjay Sundararajan,United States,Palkia Chien-Pao,123,5,regional,Regional Pittsburgh PA,United States,Desconocido,2023,2023-09-09,standard_2023,0,383_4982
383,4060,Tyler Perry,United States,Giratina LZ Box,124,10,regional,Regional Pittsburgh PA,United States,Desconocido,2023,2023-09-09,standard_2023,0,383_4060
383,3979,Giancarlo Bortolon,Canada,Fusion Mew,125,17,regional,Regional Pittsburgh PA,United States,Desconocido,2023,2023-09-09,standard_2023,0,383_3979
383,4983,Nicholas Moses,United States,Palkia Chien-Pao,126,5,regional,Regional Pittsburgh PA,United States,Desconocido,2023,2023-09-09,standard_2023,0,383_4983
383,4984,Patrick Scharff,United States,Inteleon Urshifu,127,5,regional,Regional Pittsburgh PA,United States,Desconocido,2023,2023-09-09,standard_2023,0,383_4984
383,1206,Edwin Lopez,United States,Fusion Mew,128,68,regional,Regional Pittsburgh PA,United States,Desconocido,2023,2023-09-09,standard_2023,0,383_1206
383,4985,Gilberto Acosta,United States,Gardevoir,129,3,regional,Regional Pittsburgh PA,United States,Desconocido,2023,2023-09-09,standard_2023,0,383_4985
383,4986,Jonathan Twigg,United States,Fusion Mew,130,3,regional,Regional Pittsburgh PA,United States,Desconocido,2023,2023-09-09,standard_2023,0,383_4986
383,2148,Ely Greenfeld,United States,Lugia Archeops,131,13,regional,Regional Pittsburgh PA,United States,Desconocido,2023,2023-09-09,standard_2023,0,383_2148
383,4987,Krystal Florendo,Canada,Inteleon Urshifu,132,3,regional,Regional Pittsburgh PA,United States,Desconocido,2023,2023-09-09,standard_2023,0,383_4987
383,4988,Nick Trausch,United States,Miraidon Flaaffy,133,3,regional,Regional Pittsburgh PA,United States,Desconocido,2023,2023-09-09,standard_2023,0,383_4988
383,4989,Mario Vivas,Canada,Lugia Archeops,134,3,regional,Regional Pittsburgh PA,United States,Desconocido,2023,2023-09-09,standard_2023,0,383_4989
383,909,Ryan Antonucci,United States,Gardevoir,135,192,regional,Regional Pittsburgh PA,United States,Desconocido,2023,2023-09-09,standard_2023,0,383_909
383,4990,Christian Cantelon,Canada,Miraidon Flaaffy,136,3,regional,Regional Pittsburgh PA,United States,Desconocido,2023,2023-09-09,standard_2023,0,383_4990
383,457,Dalen Dockery,United States,Lugia Archeops,137,47,regional,Regional Pittsburgh PA,United States,Desconocido,2023,2023-09-09,standard_2023,0,383_457
383,4991,Teja Gummadi,United States,Giratina LZ Box,138,3,regional,Regional Pittsburgh PA,United States,Desconocido,2023,2023-09-09,standard_2023,0,383_4991
383,4992,Cody Bruder,United States,Lugia Archeops,139,3,regional,Regional Pittsburgh PA,United States,Desconocido,2023,2023-09-09,standard_2023,0,383_4992
383,2173,Matthew Connors,United States,Fusion Mew,140,20,regional,Regional Pittsburgh PA,United States,Desconocido,2023,2023-09-09,standard_2023,0,383_2173
383,2812,Jose Marzan,Puerto Rico,Giratina LZ Box,141,87,regional,Regional Pittsburgh PA,United States,Desconocido,2023,2023-09-09,standard_2023,0,383_2812
383,3595,Jake Riggs,United States,Charizard Arceus,142,20,regional,Regional Pittsburgh PA,United States,Desconocido,2023,2023-09-09,standard_2023,0,383_3595
383,4993,Tristan Bennett,United States,Lost Zone Box,143,3,regional,Regional Pittsburgh PA,United States,Desconocido,2023,2023-09-09,standard_2023,0,383_4993
383,3827,Justin Tse,Canada,Giratina LZ Box,144,23,regional,Regional Pittsburgh PA,United States,Desconocido,2023,2023-09-09,standard_2023,0,383_3827
383,4994,Joshua Acevedo,United States,Giratina LZ Box,145,3,regional,Regional Pittsburgh PA,United States,Desconocido,2023,2023-09-09,standard_2023,0,383_4994
383,4995,Alexander Phillips,United States,Lost Zone Box,146,3,regional,Regional Pittsburgh PA,United States,Desconocido,2023,2023-09-09,standard_2023,0,383_4995
383,3747,Mason Lovato,United States,Miraidon Flaaffy,147,26,regional,Regional Pittsburgh PA,United States,Desconocido,2023,2023-09-09,standard_2023,0,383_3747
383,3560,Andrew Weiss,United States,Mew Genesect,148,50,regional,Regional Pittsburgh PA,United States,Desconocido,2023,2023-09-09,standard_2023,0,383_3560
383,2122,Gabriel Smart,United States,Lugia Archeops,149,223,regional,Regional Pittsburgh PA,United States,Desconocido,2023,2023-09-09,standard_2023,0,383_2122
383,2891,Caleb Rogerson,United States,Gardevoir,150,87,regional,Regional Pittsburgh PA,United States,Desconocido,2023,2023-09-09,standard_2023,0,383_2891
383,1901,Cyrus Davis,Canada,Lost Box Charizard,151,148,regional,Regional Pittsburgh PA,United States,Desconocido,2023,2023-09-09,standard_2023,0,383_1901
383,3829,Elliot Sayles,United States,Lugia Archeops,152,8,regional,Regional Pittsburgh PA,United States,Desconocido,2023,2023-09-09,standard_2023,0,383_3829
383,4996,Brennon Conner,United States,Lugia Archeops,153,3,regional,Regional Pittsburgh PA,United States,Desconocido,2023,2023-09-09,standard_2023,0,383_4996
383,4997,Nathan Bumbarger,United States,Arceus Vulpix,154,3,regional,Regional Pittsburgh PA,United States,Desconocido,2023,2023-09-09,standard_2023,0,383_4997
383,4998,McKinley Freeman,United States,Giratina LZ Box,155,3,regional,Regional Pittsburgh PA,United States,Desconocido,2023,2023-09-09,standard_2023,0,383_4998
383,4383,Matthew Hammond,United States,Giratina LZ Box,156,10,regional,Regional Pittsburgh PA,United States,Desconocido,2023,2023-09-09,standard_2023,0,383_4383
383,4999,Davin Erickson,United States,Inteleon Urshifu,157,9,regional,Regional Pittsburgh PA,United States,Desconocido,2023,2023-09-09,standard_2023,0,383_4999
383,5000,Liam Conant,United States,Lost Zone Box,158,3,regional,Regional Pittsburgh PA,United States,Desconocido,2023,2023-09-09,standard_2023,0,383_5000
383,2553,Iyla Sutherland,United States,Giratina LZ Box,159,62,regional,Regional Pittsburgh PA,United States,Desconocido,2023,2023-09-09,standard_2023,0,383_2553
383,5001,Ralts Musser,United States,Gardevoir,160,3,regional,Regional Pittsburgh PA,United States,Desconocido,2023,2023-09-09,standard_2023,0,383_5001
383,5002,Aleaner Pabonnie,United States,Giratina LZ Box,161,3,regional,Regional Pittsburgh PA,United States,Desconocido,2023,2023-09-09,standard_2023,0,383_5002
383,3859,Jonathan Valenzuela,United States,Inteleon Urshifu,162,27,regional,Regional Pittsburgh PA,United States,Desconocido,2023,2023-09-09,standard_2023,0,383_3859
383,867,Ryan Tongue,United States,Miraidon Flaaffy,163,30,regional,Regional Pittsburgh PA,United States,Desconocido,2023,2023-09-09,standard_2023,0,383_867
383,5003,Dregan Shook,United States,Arceus Duraludon Umbreon,164,3,regional,Regional Pittsburgh PA,United States,Desconocido,2023,2023-09-09,standard_2023,0,383_5003
383,5004,Joseph Sumner,United States,Lugia Archeops,165,3,regional,Regional Pittsburgh PA,United States,Desconocido,2023,2023-09-09,standard_2023,0,383_5004
383,5005,Omar Ben-Gacem,Great Britain,Giratina LZ Box,166,3,regional,Regional Pittsburgh PA,United States,Desconocido,2023,2023-09-09,standard_2023,0,383_5005
383,5006,Dang Pho,United States,Giratina LZ Box,167,3,regional,Regional Pittsburgh PA,United States,Desconocido,2023,2023-09-09,standard_2023,0,383_5006
383,4874,Jake Abrams,United States,Lost Zone Box,168,11,regional,Regional Pittsburgh PA,United States,Desconocido,2023,2023-09-09,standard_2023,0,383_4874
383,5007,June Norber,United States,Lost Zone Box,169,3,regional,Regional Pittsburgh PA,United States,Desconocido,2023,2023-09-09,standard_2023,0,383_5007
383,5008,Scott Cottrell,United States,Mew Genesect,170,3,regional,Regional Pittsburgh PA,United States,Desconocido,2023,2023-09-09,standard_2023,0,383_5008
383,2341,Harrison Zipp,United States,Miraidon Flaaffy,171,26,regional,Regional Pittsburgh PA,United States,Desconocido,2023,2023-09-09,standard_2023,0,383_2341
383,3386,Owen Johnson,Canada,Gardevoir,172,15,regional,Regional Pittsburgh PA,United States,Desconocido,2023,2023-09-09,standard_2023,0,383_3386
383,5009,Michael Zheng,United States,Mew Genesect,173,3,regional,Regional Pittsburgh PA,United States,Desconocido,2023,2023-09-09,standard_2023,0,383_5009
383,5010,Jack Bray,United States,Giratina LZ Box,174,3,regional,Regional Pittsburgh PA,United States,Desconocido,2023,2023-09-09,standard_2023,0,383_5010
383,3842,Maxim Korobov,United States,Lost Zone Box,175,8,regional,Regional Pittsburgh PA,United States,Desconocido,2023,2023-09-09,standard_2023,0,383_3842
383,5011,Victor Carrillo,United States,Lugia Archeops,176,3,regional,Regional Pittsburgh PA,United States,Desconocido,2023,2023-09-09,standard_2023,0,383_5011
383,5012,Mateo Thompson Soto,United States,Arceus Giratina,177,3,regional,Regional Pittsburgh PA,United States,Desconocido,2023,2023-09-09,standard_2023,0,383_5012
383,5013,Andres Estrada,United States,Fusion Mew,178,3,regional,Regional Pittsburgh PA,United States,Desconocido,2023,2023-09-09,standard_2023,0,383_5013
383,5014,Nhan Le,United States,Gardevoir,179,3,regional,Regional Pittsburgh PA,United States,Desconocido,2023,2023-09-09,standard_2023,0,383_5014
383,5015,Miguel Arocho,United States,Charizard Arceus,180,3,regional,Regional Pittsburgh PA,United States,Desconocido,2023,2023-09-09,standard_2023,0,383_5015
383,4450,Andrew Dombroski,United States,Lugia Archeops,181,13,regional,Regional Pittsburgh PA,United States,Desconocido,2023,2023-09-09,standard_2023,0,383_4450
383,5016,Zoe Jacobsen,United States,Arceus Giratina,182,3,regional,Regional Pittsburgh PA,United States,Desconocido,2023,2023-09-09,standard_2023,0,383_5016
383,712,Charlie Kerr,United States,Fusion Mew,183,151,regional,Regional Pittsburgh PA,United States,Desconocido,2023,2023-09-09,standard_2023,0,383_712
383,2347,Joseph Horth,United States,Inteleon Urshifu,184,13,regional,Regional Pittsburgh PA,United States,Desconocido,2023,2023-09-09,standard_2023,0,383_2347
383,5017,Jeffrey Chau,Canada,Mew Genesect,185,3,regional,Regional Pittsburgh PA,United States,Desconocido,2023,2023-09-09,standard_2023,0,383_5017
383,3626,Sammy Allen,United States,Chien-Pao Baxcalibur,186,21,regional,Regional Pittsburgh PA,United States,Desconocido,2023,2023-09-09,standard_2023,0,383_3626
357,2898,Regan Retzloff,United States,Lugia Archeops,1,210,regional,Regional Fresno CA,United States,Desconocido,2023,2023-06-10,standard_2023,1,357_2898
357,328,Caleb Gedemer,United States,Lost Zone Box,2,599,regional,Regional Fresno CA,United States,Desconocido,2023,2023-06-10,standard_2023,1,357_328
357,2875,Andrew Hedrick,United States,Mew Genesect,3,222,regional,Regional Fresno CA,United States,Desconocido,2023,2023-06-10,standard_2023,1,357_2875
357,2628,Calvin Connor,United States,Gardevoir,4,260,regional,Regional Fresno CA,United States,Desconocido,2023,2023-06-10,standard_2023,1,357_2628
357,572,David Tomhave-Alexie,United States,Darkrai,5,82,regional,Regional Fresno CA,United States,Desconocido,2023,2023-06-10,standard_2023,1,357_572
357,1178,Kris Kemp,United States,Lugia Archeops,6,75,regional,Regional Fresno CA,United States,Desconocido,2023,2023-06-10,standard_2023,1,357_1178
357,3587,Sawyer Melban,United States,Arceus Aerodactyl,7,114,regional,Regional Fresno CA,United States,Desconocido,2023,2023-06-10,standard_2023,1,357_3587
357,1859,Le Bui,United States,Mew Genesect,8,91,regional,Regional Fresno CA,United States,Desconocido,2023,2023-06-10,standard_2023,1,357_1859
357,2674,Jonathan Rodriguez,United States,Lost Zone Box,9,29,regional,Regional Fresno CA,United States,Desconocido,2023,2023-06-10,standard_2023,0,357_2674
357,2401,Vance Kelley,United States,Mew Genesect,10,131,regional,Regional Fresno CA,United States,Desconocido,2023,2023-06-10,standard_2023,0,357_2401
357,322,Grant Manley,United States,Lost Zone Box,11,535,regional,Regional Fresno CA,United States,Desconocido,2023,2023-06-10,standard_2023,0,357_322
357,3888,Evan Lubeley,United States,Gardevoir,12,44,regional,Regional Fresno CA,United States,Desconocido,2023,2023-06-10,standard_2023,0,357_3888
357,4746,German Herrera,United States,Mew Genesect,13,12,regional,Regional Fresno CA,United States,Desconocido,2023,2023-06-10,standard_2023,0,357_4746
357,4747,Ira Pearlman,United States,Lugia Archeops,14,12,regional,Regional Fresno CA,United States,Desconocido,2023,2023-06-10,standard_2023,0,357_4747
357,779,Alex McNeill,United States,Mew Genesect,15,60,regional,Regional Fresno CA,United States,Desconocido,2023,2023-06-10,standard_2023,0,357_779
357,3895,Andres Alderette,United States,Fusion Mew,16,50,regional,Regional Fresno CA,United States,Desconocido,2023,2023-06-10,standard_2023,0,357_3895
357,4748,Peter Buddensiek,United States,Inteleon Urshifu,17,10,regional,Regional Fresno CA,United States,Desconocido,2023,2023-06-10,standard_2023,0,357_4748
357,2838,Alexander Pineda,United States,Mew Genesect,18,42,regional,Regional Fresno CA,United States,Desconocido,2023,2023-06-10,standard_2023,0,357_2838
357,1105,Henry Brand,Australia,Gardevoir,19,232,regional,Regional Fresno CA,United States,Desconocido,2023,2023-06-10,standard_2023,0,357_1105
357,4116,Nathan Ginsburg,United States,Lost Zone Box,20,51,regional,Regional Fresno CA,United States,Desconocido,2023,2023-06-10,standard_2023,0,357_4116
357,4749,David Hura,United States,Mew Genesect,21,10,regional,Regional Fresno CA,United States,Desconocido,2023,2023-06-10,standard_2023,0,357_4749
357,2321,Aaron Walker,United States,Inteleon Urshifu,22,37,regional,Regional Fresno CA,United States,Desconocido,2023,2023-06-10,standard_2023,0,357_2321
357,2564,Victor Aung,United States,Lost Zone Box,23,75,regional,Regional Fresno CA,United States,Desconocido,2023,2023-06-10,standard_2023,0,357_2564
357,3215,Makani Tran,United States,Arceus Aerodactyl,24,89,regional,Regional Fresno CA,United States,Desconocido,2023,2023-06-10,standard_2023,0,357_3215
357,3883,Ryan Adams,United States,Lugia Archeops,25,22,regional,Regional Fresno CA,United States,Desconocido,2023,2023-06-10,standard_2023,0,357_3883
357,602,Steven Toman,United States,Lost Zone Box,26,36,regional,Regional Fresno CA,United States,Desconocido,2023,2023-06-10,standard_2023,0,357_602
357,3828,Hamza Khan,Canada,Gardevoir,27,30,regional,Regional Fresno CA,United States,Desconocido,2023,2023-06-10,standard_2023,0,357_3828
357,141,Justin Bokhari,United States,Lost Zone Box,28,455,regional,Regional Fresno CA,United States,Desconocido,2023,2023-06-10,standard_2023,0,357_141
357,2899,Piper Lepine,United States,Lost Box Charizard,29,156,regional,Regional Fresno CA,United States,Desconocido,2023,2023-06-10,standard_2023,0,357_2899
357,2315,Adrian Mejia Galvez,Mexico,Gardevoir,30,32,regional,Regional Fresno CA,United States,Desconocido,2023,2023-06-10,standard_2023,0,357_2315
357,4219,Maddox Corcoran,United States,Mew Genesect,31,20,regional,Regional Fresno CA,United States,Desconocido,2023,2023-06-10,standard_2023,0,357_4219
357,3457,Muhammad Ideis,United States,Gardevoir,32,54,regional,Regional Fresno CA,United States,Desconocido,2023,2023-06-10,standard_2023,0,357_3457
357,153,Azul Garcia Griego,United States,Lost Zone Box,33,943,regional,Regional Fresno CA,United States,Desconocido,2023,2023-06-10,standard_2023,0,357_153
357,1919,Kevin Tran,United States,Arceus Giratina,34,42,regional,Regional Fresno CA,United States,Desconocido,2023,2023-06-10,standard_2023,0,357_1919
357,2319,Maurino Lopez,United States,Lugia Archeops,35,15,regional,Regional Fresno CA,United States,Desconocido,2023,2023-06-10,standard_2023,0,357_2319
357,1872,Jack Fedrow,United States,Arceus Giratina,36,17,regional,Regional Fresno CA,United States,Desconocido,2023,2023-06-10,standard_2023,0,357_1872
357,4123,Jakob Friedman,United States,Arceus Giratina,37,24,regional,Regional Fresno CA,United States,Desconocido,2023,2023-06-10,standard_2023,0,357_4123
357,4750,Ian DiCarlo,United States,Lugia Archeops,38,7,regional,Regional Fresno CA,United States,Desconocido,2023,2023-06-10,standard_2023,0,357_4750
357,3164,Avarin Villarreal,United States,Gardevoir,39,36,regional,Regional Fresno CA,United States,Desconocido,2023,2023-06-10,standard_2023,0,357_3164
357,4751,Avery Phimmasehn,United States,Inteleon Urshifu,40,7,regional,Regional Fresno CA,United States,Desconocido,2023,2023-06-10,standard_2023,0,357_4751
357,329,Daniel Lynch,United States,Lost Zone Box,41,235,regional,Regional Fresno CA,United States,Desconocido,2023,2023-06-10,standard_2023,0,357_329
357,4752,Tanner Leonardo,United States,Arceus Giratina,42,7,regional,Regional Fresno CA,United States,Desconocido,2023,2023-06-10,standard_2023,0,357_4752
357,4753,Christopher Lopez,United States,Miraidon Flaaffy,43,7,regional,Regional Fresno CA,United States,Desconocido,2023,2023-06-10,standard_2023,0,357_4753
357,2324,David Zheng,United States,Lugia Archeops,44,52,regional,Regional Fresno CA,United States,Desconocido,2023,2023-06-10,standard_2023,0,357_2324
357,4754,Matt Bridges,United States,Goodra LZ Box,45,7,regional,Regional Fresno CA,United States,Desconocido,2023,2023-06-10,standard_2023,0,357_4754
357,4131,Jonathan Cortez,United States,Mew Genesect,46,12,regional,Regional Fresno CA,United States,Desconocido,2023,2023-06-10,standard_2023,0,357_4131
357,132,Drew Kennett,United States,Arceus Aerodactyl,47,264,regional,Regional Fresno CA,United States,Desconocido,2023,2023-06-10,standard_2023,0,357_132
357,4755,Duncan Crowley,United States,Mew Genesect,48,15,regional,Regional Fresno CA,United States,Desconocido,2023,2023-06-10,standard_2023,0,357_4755
357,4756,John Chilingerian,United States,Giratina LZ Box,49,7,regional,Regional Fresno CA,United States,Desconocido,2023,2023-06-10,standard_2023,0,357_4756
357,2834,Wyatt Palguta,United States,Miraidon Flaaffy,50,44,regional,Regional Fresno CA,United States,Desconocido,2023,2023-06-10,standard_2023,0,357_2834
357,687,Jac Carter,United States,Arceus Duraludon Umbreon,51,59,regional,Regional Fresno CA,United States,Desconocido,2023,2023-06-10,standard_2023,0,357_687
357,324,Jackie Moc,United States,Arceus Giratina,52,45,regional,Regional Fresno CA,United States,Desconocido,2023,2023-06-10,standard_2023,0,357_324
357,4757,William Zhang Sam,United States,Lost Zone Box,53,7,regional,Regional Fresno CA,United States,Desconocido,2023,2023-06-10,standard_2023,0,357_4757
357,3476,Jonathan Means,United States,Arceus Giratina,54,32,regional,Regional Fresno CA,United States,Desconocido,2023,2023-06-10,standard_2023,0,357_3476
357,4758,Riley Scanlan,United States,Arceus Aerodactyl,55,7,regional,Regional Fresno CA,United States,Desconocido,2023,2023-06-10,standard_2023,0,357_4758
357,4566,Edgar Fletes,United States,Miraidon,56,12,regional,Regional Fresno CA,United States,Desconocido,2023,2023-06-10,standard_2023,0,357_4566
357,596,Andy Gray,United States,Gardevoir,57,58,regional,Regional Fresno CA,United States,Desconocido,2023,2023-06-10,standard_2023,0,357_596
357,623,Irving Xavier Garcia Aldana,Mexico,Lost Zone Box,58,27,regional,Regional Fresno CA,United States,Desconocido,2023,2023-06-10,standard_2023,0,357_623
357,2122,Gabriel Smart,United States,Mew Genesect,59,223,regional,Regional Fresno CA,United States,Desconocido,2023,2023-06-10,standard_2023,0,357_2122
357,4759,Raul Navarro,United States,Lost Zone Box,60,7,regional,Regional Fresno CA,United States,Desconocido,2023,2023-06-10,standard_2023,0,357_4759
357,4129,Ryan Miller,United States,Lost Zone Box,61,17,regional,Regional Fresno CA,United States,Desconocido,2023,2023-06-10,standard_2023,0,357_4129
357,4760,Jonathon Hosbrook,United States,Lost Box Charizard,62,7,regional,Regional Fresno CA,United States,Desconocido,2023,2023-06-10,standard_2023,0,357_4760
357,4761,Kevin Cohou,United States,Gardevoir,63,7,regional,Regional Fresno CA,United States,Desconocido,2023,2023-06-10,standard_2023,0,357_4761
357,4038,Nathan Stratford,United States,Arceus Aerodactyl,64,75,regional,Regional Fresno CA,United States,Desconocido,2023,2023-06-10,standard_2023,0,357_4038
357,1058,Alexander Elisalde,United States,Lost Zone Box,65,12,regional,Regional Fresno CA,United States,Desconocido,2023,2023-06-10,standard_2023,0,357_1058
357,4762,Christopher Edwards,United States,Lugia Archeops,66,5,regional,Regional Fresno CA,United States,Desconocido,2023,2023-06-10,standard_2023,0,357_4762
357,2661,Yasser Moreno,Mexico,Arceus Duraludon Umbreon,67,18,regional,Regional Fresno CA,United States,Desconocido,2023,2023-06-10,standard_2023,0,357_2661
357,2384,Nathaniel Kaplan,United States,Lugia Archeops,68,95,regional,Regional Fresno CA,United States,Desconocido,2023,2023-06-10,standard_2023,0,357_2384
357,4763,Vincent Hardy,United States,Gardevoir,69,5,regional,Regional Fresno CA,United States,Desconocido,2023,2023-06-10,standard_2023,0,357_4763
357,4282,Donavon LaBelle,United States,Lost Zone Box,70,10,regional,Regional Fresno CA,United States,Desconocido,2023,2023-06-10,standard_2023,0,357_4282
357,2421,Gregory Playter,United States,Lost Zone Box,71,30,regional,Regional Fresno CA,United States,Desconocido,2023,2023-06-10,standard_2023,0,357_2421
357,511,Luis Gadea,United States,Fusion Mew,72,17,regional,Regional Fresno CA,United States,Desconocido,2023,2023-06-10,standard_2023,0,357_511
357,4764,Tiger Yang,United States,Lost Zone Box,73,10,regional,Regional Fresno CA,United States,Desconocido,2023,2023-06-10,standard_2023,0,357_4764
357,4765,Rose Little,United States,Lugia Archeops,74,5,regional,Regional Fresno CA,United States,Desconocido,2023,2023-06-10,standard_2023,0,357_4765
357,4766,Ben Vasquez,United States,Gardevoir,75,5,regional,Regional Fresno CA,United States,Desconocido,2023,2023-06-10,standard_2023,0,357_4766
357,4767,Caleb Gardner,United States,Arceus Aerodactyl,76,5,regional,Regional Fresno CA,United States,Desconocido,2023,2023-06-10,standard_2023,0,357_4767
357,4768,Kurt Hirata,United States,Gardevoir,77,5,regional,Regional Fresno CA,United States,Desconocido,2023,2023-06-10,standard_2023,0,357_4768
357,1926,Carter Barsh,United States,Arceus Giratina,78,56,regional,Regional Fresno CA,United States,Desconocido,2023,2023-06-10,standard_2023,0,357_1926
357,3730,Michael Perez,United States,Lost Zone Box,79,28,regional,Regional Fresno CA,United States,Desconocido,2023,2023-06-10,standard_2023,0,357_3730
357,4769,Ivan Lu,United States,Lugia Archeops,80,5,regional,Regional Fresno CA,United States,Desconocido,2023,2023-06-10,standard_2023,0,357_4769
357,4770,Guadalupe Hernandez,United States,Fusion Mew,81,5,regional,Regional Fresno CA,United States,Desconocido,2023,2023-06-10,standard_2023,0,357_4770
357,4771,Geovany Ramirez,United States,Arceus Duraludon,82,5,regional,Regional Fresno CA,United States,Desconocido,2023,2023-06-10,standard_2023,0,357_4771
357,4772,Edgar Enriquez,United States,Lugia Archeops,83,5,regional,Regional Fresno CA,United States,Desconocido,2023,2023-06-10,standard_2023,0,357_4772
357,4773,Don Tran,United States,Lugia Archeops,84,5,regional,Regional Fresno CA,United States,Desconocido,2023,2023-06-10,standard_2023,0,357_4773
357,4774,Carlo De Castro,United States,Mew Genesect,85,5,regional,Regional Fresno CA,United States,Desconocido,2023,2023-06-10,standard_2023,0,357_4774
357,2356,Tyler Renfro,United States,Mew Genesect,86,33,regional,Regional Fresno CA,United States,Desconocido,2023,2023-06-10,standard_2023,0,357_2356
357,4775,Alex Kim,United States,Lugia Archeops,87,5,regional,Regional Fresno CA,United States,Desconocido,2023,2023-06-10,standard_2023,0,357_4775
357,4776,Adrian Villalobos,United States,Gardevoir Mewtwo,88,5,regional,Regional Fresno CA,United States,Desconocido,2023,2023-06-10,standard_2023,0,357_4776
357,4777,Marcus Rodriguez,United States,Fusion Mew,89,5,regional,Regional Fresno CA,United States,Desconocido,2023,2023-06-10,standard_2023,0,357_4777
357,4778,Eric Ho,United States,Lugia Archeops,90,5,regional,Regional Fresno CA,United States,Desconocido,2023,2023-06-10,standard_2023,0,357_4778
357,3997,Garrett Williamson,United States,Mew Genesect,91,15,regional,Regional Fresno CA,United States,Desconocido,2023,2023-06-10,standard_2023,0,357_3997
357,4779,Gaspar Armenta,United States,Arceus Giratina,92,5,regional,Regional Fresno CA,United States,Desconocido,2023,2023-06-10,standard_2023,0,357_4779
357,3603,Grant Mathey,United States,Lugia Archeops,93,38,regional,Regional Fresno CA,United States,Desconocido,2023,2023-06-10,standard_2023,0,357_3603
357,4780,Eduardo Rivera,United States,Gardevoir,94,5,regional,Regional Fresno CA,United States,Desconocido,2023,2023-06-10,standard_2023,0,357_4780
357,4781,Ryan Mecey,United States,Arceus Duraludon Umbreon,95,5,regional,Regional Fresno CA,United States,Desconocido,2023,2023-06-10,standard_2023,0,357_4781
357,4782,Tyler Zikorus,United States,Lugia Archeops,96,15,regional,Regional Fresno CA,United States,Desconocido,2023,2023-06-10,standard_2023,0,357_4782
330,1105,Henry Brand,Australia,Gardevoir,1,232,regional,Regional Milwaukee WI,United States,Desconocido,2023,2023-06-03,standard_2023,1,330_1105
330,328,Caleb Gedemer,United States,Lost Zone Box,2,599,regional,Regional Milwaukee WI,United States,Desconocido,2023,2023-06-03,standard_2023,1,330_328
330,1913,Ben Cryer,United States,Arceus Giratina,3,87,regional,Regional Milwaukee WI,United States,Desconocido,2023,2023-06-03,standard_2023,1,330_1913
330,153,Azul Garcia Griego,United States,Lost Zone Box,4,943,regional,Regional Milwaukee WI,United States,Desconocido,2023,2023-06-03,standard_2023,1,330_153
330,4669,Bryan Okrey,United States,Mew Genesect,5,23,regional,Regional Milwaukee WI,United States,Desconocido,2023,2023-06-03,standard_2023,1,330_4669
330,322,Grant Manley,United States,Lost Zone Box,6,535,regional,Regional Milwaukee WI,United States,Desconocido,2023,2023-06-03,standard_2023,1,330_322
330,444,Jared Woitalla,United States,Gardevoir,7,50,regional,Regional Milwaukee WI,United States,Desconocido,2023,2023-06-03,standard_2023,1,330_444
330,693,Michael Long,Canada,Mew Genesect,8,105,regional,Regional Milwaukee WI,United States,Desconocido,2023,2023-06-03,standard_2023,1,330_693
330,3560,Andrew Weiss,United States,Mew Genesect,9,50,regional,Regional Milwaukee WI,United States,Desconocido,2023,2023-06-03,standard_2023,0,330_3560
330,3457,Muhammad Ideis,United States,Lugia Archeops,10,54,regional,Regional Milwaukee WI,United States,Desconocido,2023,2023-06-03,standard_2023,0,330_3457
330,2410,Aneil Saini,Canada,Mew Genesect,11,44,regional,Regional Milwaukee WI,United States,Desconocido,2023,2023-06-03,standard_2023,0,330_2410
330,4397,Loc Nguyen,United States,Arceus Giratina,12,35,regional,Regional Milwaukee WI,United States,Desconocido,2023,2023-06-03,standard_2023,0,330_4397
330,971,Isaac Milaski,United States,Lugia Archeops,13,143,regional,Regional Milwaukee WI,United States,Desconocido,2023,2023-06-03,standard_2023,0,330_971
330,438,Wesley Hollenberg,United States,Miraidon Flaaffy,14,97,regional,Regional Milwaukee WI,United States,Desconocido,2023,2023-06-03,standard_2023,0,330_438
330,155,Connor Finton,United States,Lugia Archeops,15,368,regional,Regional Milwaukee WI,United States,Desconocido,2023,2023-06-03,standard_2023,0,330_155
330,3618,Daniel Zhou,Canada,Lost Zone Box,16,60,regional,Regional Milwaukee WI,United States,Desconocido,2023,2023-06-03,standard_2023,0,330_3618
330,3181,Christian Fontenot,Denmark,Arceus Aerodactyl,17,77,regional,Regional Milwaukee WI,United States,Desconocido,2023,2023-06-03,standard_2023,0,330_3181
330,125,Michael Pramawat,United States,Gardevoir,18,602,regional,Regional Milwaukee WI,United States,Desconocido,2023,2023-06-03,standard_2023,0,330_125
330,334,Daniel Altavilla,United States,Lost Zone Box,19,637,regional,Regional Milwaukee WI,United States,Desconocido,2023,2023-06-03,standard_2023,0,330_334
330,3865,Jeffrey Weiss,United States,Lugia Archeops,20,45,regional,Regional Milwaukee WI,United States,Desconocido,2023,2023-06-03,standard_2023,0,330_3865
330,4674,Wyatt York,United States,Arceus Duraludon Umbreon,21,10,regional,Regional Milwaukee WI,United States,Desconocido,2023,2023-06-03,standard_2023,0,330_4674
330,4675,Corey Herbert,United States,Arceus Duraludon Umbreon,22,10,regional,Regional Milwaukee WI,United States,Desconocido,2023,2023-06-03,standard_2023,0,330_4675
330,3251,Jack Moore,Canada,Lost Zone Box,23,59,regional,Regional Milwaukee WI,United States,Desconocido,2023,2023-06-03,standard_2023,0,330_3251
330,2044,Ben Dobberstein,United States,Lugia Archeops,24,30,regional,Regional Milwaukee WI,United States,Desconocido,2023,2023-06-03,standard_2023,0,330_2044
330,1781,Drew Cate,United States,Lugia Archeops,25,125,regional,Regional Milwaukee WI,United States,Desconocido,2023,2023-06-03,standard_2023,0,330_1781
330,4286,John Maas,United States,Lugia Archeops,26,23,regional,Regional Milwaukee WI,United States,Desconocido,2023,2023-06-03,standard_2023,0,330_4286
330,2875,Andrew Hedrick,United States,Lost Zone Box,27,222,regional,Regional Milwaukee WI,United States,Desconocido,2023,2023-06-03,standard_2023,0,330_2875
330,556,Yehoshua Tate,United States,Inteleon Urshifu,28,63,regional,Regional Milwaukee WI,United States,Desconocido,2023,2023-06-03,standard_2023,0,330_556
330,1700,Daniel Hugar,United States,Arceus Giratina,29,53,regional,Regional Milwaukee WI,United States,Desconocido,2023,2023-06-03,standard_2023,0,330_1700
330,4265,Christian Moreno,United States,Lugia Archeops,30,20,regional,Regional Milwaukee WI,United States,Desconocido,2023,2023-06-03,standard_2023,0,330_4265
330,4676,Jermell Parrish,United States,Gardevoir,31,10,regional,Regional Milwaukee WI,United States,Desconocido,2023,2023-06-03,standard_2023,0,330_4676
330,909,Ryan Antonucci,United States,Lugia Archeops,32,192,regional,Regional Milwaukee WI,United States,Desconocido,2023,2023-06-03,standard_2023,0,330_909
330,574,Jordan Nelle,United States,Arceus Duraludon Umbreon,33,65,regional,Regional Milwaukee WI,United States,Desconocido,2023,2023-06-03,standard_2023,0,330_574
330,4677,Steve Menkel,United States,Arceus Duraludon Umbreon,34,7,regional,Regional Milwaukee WI,United States,Desconocido,2023,2023-06-03,standard_2023,0,330_4677
330,3995,Riley McKay,Canada,Arceus Duraludon Umbreon,35,38,regional,Regional Milwaukee WI,United States,Desconocido,2023,2023-06-03,standard_2023,0,330_3995
330,3747,Mason Lovato,United States,Miraidon Flaaffy,36,26,regional,Regional Milwaukee WI,United States,Desconocido,2023,2023-06-03,standard_2023,0,330_3747
330,712,Charlie Kerr,United States,Fusion Mew,37,151,regional,Regional Milwaukee WI,United States,Desconocido,2023,2023-06-03,standard_2023,0,330_712
330,2812,Jose Marzan,Puerto Rico,Miraidon,38,87,regional,Regional Milwaukee WI,United States,Desconocido,2023,2023-06-03,standard_2023,0,330_2812
330,4289,Gian Carlo Diaz,United States,Fusion Mew,39,12,regional,Regional Milwaukee WI,United States,Desconocido,2023,2023-06-03,standard_2023,0,330_4289
330,4058,Billy Chan,Canada,Lost Zone Box,40,37,regional,Regional Milwaukee WI,United States,Desconocido,2023,2023-06-03,standard_2023,0,330_4058
330,4059,Tony Vuong,United States,Arceus Flying Pikachu,41,12,regional,Regional Milwaukee WI,United States,Desconocido,2023,2023-06-03,standard_2023,0,330_4059
330,3850,Ludwig Llanos,United States,Arceus Giratina,42,21,regional,Regional Milwaukee WI,United States,Desconocido,2023,2023-06-03,standard_2023,0,330_3850
330,733,Isaiah Cheville,United States,Lugia Archeops,43,73,regional,Regional Milwaukee WI,United States,Desconocido,2023,2023-06-03,standard_2023,0,330_733
330,2533,Raymond Long,Canada,Mew Genesect,44,138,regional,Regional Milwaukee WI,United States,Desconocido,2023,2023-06-03,standard_2023,0,330_2533
330,610,Cory Koehler,United States,Goodra LZ Box,45,25,regional,Regional Milwaukee WI,United States,Desconocido,2023,2023-06-03,standard_2023,0,330_610
330,4678,Brandon Woodward,United States,Fusion Mew,46,7,regional,Regional Milwaukee WI,United States,Desconocido,2023,2023-06-03,standard_2023,0,330_4678
330,1212,Eddie North,United States,Inteleon Urshifu,47,49,regional,Regional Milwaukee WI,United States,Desconocido,2023,2023-06-03,standard_2023,0,330_1212
330,4679,Trevor Liu,United States,Lost Zone Box,48,7,regional,Regional Milwaukee WI,United States,Desconocido,2023,2023-06-03,standard_2023,0,330_4679
330,4680,Steve Wang,United States,Mew Genesect,49,7,regional,Regional Milwaukee WI,United States,Desconocido,2023,2023-06-03,standard_2023,0,330_4680
330,895,Dan Irish,United States,Mew Genesect,50,70,regional,Regional Milwaukee WI,United States,Desconocido,2023,2023-06-03,standard_2023,0,330_895
330,4681,Ruben Alejandro Canul Mendoza,Mexico,Lugia Archeops,51,10,regional,Regional Milwaukee WI,United States,Desconocido,2023,2023-06-03,standard_2023,0,330_4681
330,3714,Chris Knudsvig,United States,Lugia Archeops,52,35,regional,Regional Milwaukee WI,United States,Desconocido,2023,2023-06-03,standard_2023,0,330_3714
330,412,Mike Fouchet,United States,Lugia Archeops,53,120,regional,Regional Milwaukee WI,United States,Desconocido,2023,2023-06-03,standard_2023,0,330_412
330,2570,Abe Morales,United States,Lugia Archeops,54,17,regional,Regional Milwaukee WI,United States,Desconocido,2023,2023-06-03,standard_2023,0,330_2570
330,1117,Kyle Madison,United States,Lugia Archeops,55,29,regional,Regional Milwaukee WI,United States,Desconocido,2023,2023-06-03,standard_2023,0,330_1117
330,1785,Joe Turrentine,United States,Arceus Aerodactyl,56,58,regional,Regional Milwaukee WI,United States,Desconocido,2023,2023-06-03,standard_2023,0,330_1785
330,4631,Mark Marullo,United States,Mew Genesect,57,14,regional,Regional Milwaukee WI,United States,Desconocido,2023,2023-06-03,standard_2023,0,330_4631
330,4682,Joe Sturino,United States,Arceus Giratina,58,12,regional,Regional Milwaukee WI,United States,Desconocido,2023,2023-06-03,standard_2023,0,330_4682
330,321,Rahul Reddy,United States,Arceus Duraludon Umbreon,59,550,regional,Regional Milwaukee WI,United States,Desconocido,2023,2023-06-03,standard_2023,0,330_321
330,2028,Jesse Parker,United States,Lugia Archeops,60,86,regional,Regional Milwaukee WI,United States,Desconocido,2023,2023-06-03,standard_2023,0,330_2028
330,3724,Derrick Schwarz,United States,Miraidon Flaaffy,61,22,regional,Regional Milwaukee WI,United States,Desconocido,2023,2023-06-03,standard_2023,0,330_3724
330,4683,Savannah Cruz,United States,Gardevoir,62,7,regional,Regional Milwaukee WI,United States,Desconocido,2023,2023-06-03,standard_2023,0,330_4683
330,3603,Grant Mathey,United States,Lugia Archeops,63,38,regional,Regional Milwaukee WI,United States,Desconocido,2023,2023-06-03,standard_2023,0,330_3603
330,3583,David Hendrickson,United States,Lost Zone Box,64,42,regional,Regional Milwaukee WI,United States,Desconocido,2023,2023-06-03,standard_2023,0,330_3583
330,2346,Braiden Elfert,United States,Arceus Giratina,65,116,regional,Regional Milwaukee WI,United States,Desconocido,2023,2023-06-03,standard_2023,0,330_2346
330,4684,Ezekiel Hederer,United States,Lost Zone Box,66,5,regional,Regional Milwaukee WI,United States,Desconocido,2023,2023-06-03,standard_2023,0,330_4684
330,2663,Raymond Liu,United States,Arceus Duraludon Umbreon,67,37,regional,Regional Milwaukee WI,United States,Desconocido,2023,2023-06-03,standard_2023,0,330_2663
330,4685,Corey Weidner,United States,Lost Box Charizard,68,5,regional,Regional Milwaukee WI,United States,Desconocido,2023,2023-06-03,standard_2023,0,330_4685
330,2360,Peter Benson,United States,Arceus Giratina,69,10,regional,Regional Milwaukee WI,United States,Desconocido,2023,2023-06-03,standard_2023,0,330_2360
330,4305,Edwin Arrollo,United States,Gardevoir,70,38,regional,Regional Milwaukee WI,United States,Desconocido,2023,2023-06-03,standard_2023,0,330_4305
330,4226,Bradley Erickson,United States,Lugia Archeops,71,18,regional,Regional Milwaukee WI,United States,Desconocido,2023,2023-06-03,standard_2023,0,330_4226
330,2122,Gabriel Smart,United States,Fusion Mew,72,223,regional,Regional Milwaukee WI,United States,Desconocido,2023,2023-06-03,standard_2023,0,330_2122
330,3670,Christian LaBella,Canada,Arceus Duraludon Umbreon,73,127,regional,Regional Milwaukee WI,United States,Desconocido,2023,2023-06-03,standard_2023,0,330_3670
330,3472,Collin Merli-Matthews,United States,Fusion Mew,74,93,regional,Regional Milwaukee WI,United States,Desconocido,2023,2023-06-03,standard_2023,0,330_3472
330,4686,Vikas Parmar,United States,Lugia Archeops,75,10,regional,Regional Milwaukee WI,United States,Desconocido,2023,2023-06-03,standard_2023,0,330_4686
330,4687,Larry Russano,United States,Mew Genesect,76,5,regional,Regional Milwaukee WI,United States,Desconocido,2023,2023-06-03,standard_2023,0,330_4687
330,4688,Joshua Frei,United States,Lost Box Charizard,77,5,regional,Regional Milwaukee WI,United States,Desconocido,2023,2023-06-03,standard_2023,0,330_4688
330,2407,Cameron Kawasaki,United States,Lost Zone Box,78,44,regional,Regional Milwaukee WI,United States,Desconocido,2023,2023-06-03,standard_2023,0,330_2407
330,4689,Rahim Ameti,United States,Lost Zone Box,79,5,regional,Regional Milwaukee WI,United States,Desconocido,2023,2023-06-03,standard_2023,0,330_4689
330,1908,Alec Geissler,United States,Gardevoir,80,51,regional,Regional Milwaukee WI,United States,Desconocido,2023,2023-06-03,standard_2023,0,330_1908
330,686,Zach Zamora,United States,Palkia Gardevoir,81,60,regional,Regional Milwaukee WI,United States,Desconocido,2023,2023-06-03,standard_2023,0,330_686
330,1116,Mason Galvan,United States,Lost Zone Box,82,22,regional,Regional Milwaukee WI,United States,Desconocido,2023,2023-06-03,standard_2023,0,330_1116
330,584,Andrew Estrada,Canada,Lost Zone Box,83,200,regional,Regional Milwaukee WI,United States,Desconocido,2023,2023-06-03,standard_2023,0,330_584
330,2922,Brian Kim,United States,Lugia Archeops,84,66,regional,Regional Milwaukee WI,United States,Desconocido,2023,2023-06-03,standard_2023,0,330_2922
330,4690,Luke Johnson,United States,Gardevoir,85,5,regional,Regional Milwaukee WI,United States,Desconocido,2023,2023-06-03,standard_2023,0,330_4690
330,4691,Brandon Campbell,United States,Lugia Archeops,86,5,regional,Regional Milwaukee WI,United States,Desconocido,2023,2023-06-03,standard_2023,0,330_4691
330,175,Xander Pero,United States,Lost Zone Box,87,417,regional,Regional Milwaukee WI,United States,Desconocido,2023,2023-06-03,standard_2023,0,330_175
330,4692,Andy Jiang,United States,Lugia Archeops,88,5,regional,Regional Milwaukee WI,United States,Desconocido,2023,2023-06-03,standard_2023,0,330_4692
330,4693,Zack Umstead,United States,Arceus Duraludon,89,5,regional,Regional Milwaukee WI,United States,Desconocido,2023,2023-06-03,standard_2023,0,330_4693
330,4411,Justin Stites,United States,Lugia Archeops,90,26,regional,Regional Milwaukee WI,United States,Desconocido,2023,2023-06-03,standard_2023,0,330_4411
330,4694,Josh Clark,United States,Lugia Archeops,91,5,regional,Regional Milwaukee WI,United States,Desconocido,2023,2023-06-03,standard_2023,0,330_4694
330,3601,Sackett Brehmer,United States,Miraidon Flaaffy,92,59,regional,Regional Milwaukee WI,United States,Desconocido,2023,2023-06-03,standard_2023,0,330_3601
330,3735,Cyrus McCane,United States,Goodra LZ Box,93,29,regional,Regional Milwaukee WI,United States,Desconocido,2023,2023-06-03,standard_2023,0,330_3735
330,483,Nathan Brower,United States,Lugia Archeops,94,96,regional,Regional Milwaukee WI,United States,Desconocido,2023,2023-06-03,standard_2023,0,330_483
330,4695,James Funk,United States,Darkrai,95,5,regional,Regional Milwaukee WI,United States,Desconocido,2023,2023-06-03,standard_2023,0,330_4695
330,4447,Marvin Fuentes,United States,Lugia Archeops,96,10,regional,Regional Milwaukee WI,United States,Desconocido,2023,2023-06-03,standard_2023,0,330_4447
330,4696,Yangrong Zhao,China,Palkia,97,5,regional,Regional Milwaukee WI,United States,Desconocido,2023,2023-06-03,standard_2023,0,330_4696
330,4697,Mitch Moritz,United States,Miraidon Flaaffy,98,5,regional,Regional Milwaukee WI,United States,Desconocido,2023,2023-06-03,standard_2023,0,330_4697
330,563,Gregory Fortier,Canada,Arceus Giratina,99,26,regional,Regional Milwaukee WI,United States,Desconocido,2023,2023-06-03,standard_2023,0,330_563
330,1011,Zander Bennett,United States,Lost Zone Box,100,74,regional,Regional Milwaukee WI,United States,Desconocido,2023,2023-06-03,standard_2023,0,330_1011
330,4698,Max Vang,United States,Arceus Duraludon Umbreon,101,5,regional,Regional Milwaukee WI,United States,Desconocido,2023,2023-06-03,standard_2023,0,330_4698
330,4699,Jason Truchan,United States,Mew Genesect,102,5,regional,Regional Milwaukee WI,United States,Desconocido,2023,2023-06-03,standard_2023,0,330_4699
330,4700,Bryan Funk,United States,Arceus Aerodactyl,103,5,regional,Regional Milwaukee WI,United States,Desconocido,2023,2023-06-03,standard_2023,0,330_4700
330,868,Jon Eng,United States,Lost Zone Box,104,492,regional,Regional Milwaukee WI,United States,Desconocido,2023,2023-06-03,standard_2023,0,330_868
330,4701,Richard Haeder,United States,Gardevoir,105,5,regional,Regional Milwaukee WI,United States,Desconocido,2023,2023-06-03,standard_2023,0,330_4701
330,4702,Logan Pfannebecker,United States,Arceus Pikachu Umbreon,106,5,regional,Regional Milwaukee WI,United States,Desconocido,2023,2023-06-03,standard_2023,0,330_4702
330,4703,Andrew Reinhardt,United States,Giratina LZ Box,107,12,regional,Regional Milwaukee WI,United States,Desconocido,2023,2023-06-03,standard_2023,0,330_4703
330,4704,Eric Ridgeway,United States,Lost Zone Box,108,5,regional,Regional Milwaukee WI,United States,Desconocido,2023,2023-06-03,standard_2023,0,330_4704
330,4705,Seth Poore,United States,Arceus Duraludon,109,5,regional,Regional Milwaukee WI,United States,Desconocido,2023,2023-06-03,standard_2023,0,330_4705
330,4706,Peyton Bauermeister,United States,Lost Zone Box,110,10,regional,Regional Milwaukee WI,United States,Desconocido,2023,2023-06-03,standard_2023,0,330_4706
330,4308,Mathew Boat,United States,Lugia Archeops,111,15,regional,Regional Milwaukee WI,United States,Desconocido,2023,2023-06-03,standard_2023,0,330_4308
330,1661,Michael Dones,United States,Darkrai,112,25,regional,Regional Milwaukee WI,United States,Desconocido,2023,2023-06-03,standard_2023,0,330_1661
330,714,Michael Hopkins,United States,Gardevoir,113,23,regional,Regional Milwaukee WI,United States,Desconocido,2023,2023-06-03,standard_2023,0,330_714
330,4707,Zack Prather,United States,Lugia Archeops,114,5,regional,Regional Milwaukee WI,United States,Desconocido,2023,2023-06-03,standard_2023,0,330_4707
330,2808,Lucas Benson,United States,Mew Genesect,115,31,regional,Regional Milwaukee WI,United States,Desconocido,2023,2023-06-03,standard_2023,0,330_2808
330,4708,Michael Grieco,United States,Arceus Duraludon Umbreon,116,5,regional,Regional Milwaukee WI,United States,Desconocido,2023,2023-06-03,standard_2023,0,330_4708
330,4224,Brian Myers,United States,Mew Genesect,117,13,regional,Regional Milwaukee WI,United States,Desconocido,2023,2023-06-03,standard_2023,0,330_4224
330,4625,Samuel Gay,United States,Lost Zone Box,118,17,regional,Regional Milwaukee WI,United States,Desconocido,2023,2023-06-03,standard_2023,0,330_4625
330,4709,Hezekiah Rich,United States,Arceus Giratina,119,5,regional,Regional Milwaukee WI,United States,Desconocido,2023,2023-06-03,standard_2023,0,330_4709
330,4301,Nikita Matyukov,United States,Lugia Archeops,120,10,regional,Regional Milwaukee WI,United States,Desconocido,2023,2023-06-03,standard_2023,0,330_4301
330,4710,Jeffrey Cernohous,United States,Lost Zone Box,121,5,regional,Regional Milwaukee WI,United States,Desconocido,2023,2023-06-03,standard_2023,0,330_4710
330,4711,Rodney Whiteside,United States,Arceus Aerodactyl,122,5,regional,Regional Milwaukee WI,United States,Desconocido,2023,2023-06-03,standard_2023,0,330_4711
330,4712,Max Quint,United States,Goodra LZ Box,123,5,regional,Regional Milwaukee WI,United States,Desconocido,2023,2023-06-03,standard_2023,0,330_4712
330,3003,Jake Jensen,United States,Lugia Archeops,124,27,regional,Regional Milwaukee WI,United States,Desconocido,2023,2023-06-03,standard_2023,0,330_3003
376,2774,Pedro Pertusi,Brazil,Gardevoir Mewtwo,1,235,regional,Regional Santiago,Chile,SA,2023,2023-06-03,standard_2023,1,376_2774
376,4670,Bernardo Sanchez,Chile,Arceus Giratina,2,21,regional,Regional Santiago,Chile,SA,2023,2023-06-03,standard_2023,1,376_4670
376,1148,Fabrizio Inga Silva,Peru,Lost Zone Box,3,158,regional,Regional Santiago,Chile,SA,2023,2023-06-03,standard_2023,1,376_1148
376,4671,Vicente Salinas,Chile,Arceus Duraludon Umbreon,4,18,regional,Regional Santiago,Chile,SA,2023,2023-06-03,standard_2023,1,376_4671
376,1391,Marco Cifuentes Meta,Chile,Gardevoir,5,110,regional,Regional Santiago,Chile,SA,2023,2023-06-03,standard_2023,1,376_1391
376,2802,Juan Andree Mejía,Chile,Lost Zone Box,6,73,regional,Regional Santiago,Chile,SA,2023,2023-06-03,standard_2023,1,376_2802
376,4672,Sergio Plaza,Chile,Gardevoir,7,15,regional,Regional Santiago,Chile,SA,2023,2023-06-03,standard_2023,1,376_4672
376,4673,David Fernandez,Chile,Giratina LZ Box,8,15,regional,Regional Santiago,Chile,SA,2023,2023-06-03,standard_2023,1,376_4673
376,209,Rafael Yuiti,Brazil,Lugia Archeops,9,97,regional,Regional Santiago,Chile,SA,2023,2023-06-03,standard_2023,0,376_209
376,1198,Matias Matricardi,Argentina,Lost Zone Box,10,126,regional,Regional Santiago,Chile,SA,2023,2023-06-03,standard_2023,0,376_1198
376,1759,Giovanni Peragallo,Chile,Gardevoir,11,87,regional,Regional Santiago,Chile,SA,2023,2023-06-03,standard_2023,0,376_1759
376,1291,Emanuel Jose Diogo Guerreiro,Argentina,Miraidon Flaaffy,12,23,regional,Regional Santiago,Chile,SA,2023,2023-06-03,standard_2023,0,376_1291
376,2936,Manuel Gonzalez,Chile,Lost Zone Box,13,22,regional,Regional Santiago,Chile,SA,2023,2023-06-03,standard_2023,0,376_2936
376,261,Ricardo Felipe Hille,Brazil,Gardevoir,14,71,regional,Regional Santiago,Chile,SA,2023,2023-06-03,standard_2023,0,376_261
376,4805,Víctor Muñoz Morales,Chile,Lugia Archeops,15,10,regional,Regional Santiago,Chile,SA,2023,2023-06-03,standard_2023,0,376_4805
376,131,Jonathan Fabrizio Bellucci Lanciano,Argentina,Lugia Archeops,16,188,regional,Regional Santiago,Chile,SA,2023,2023-06-03,standard_2023,0,376_131
376,4665,Manuel Alcaíno Vergara,Chile,Lugia Archeops,17,12,regional,Regional Santiago,Chile,SA,2023,2023-06-03,standard_2023,0,376_4665
376,2375,Santiago Iván Rossi,Argentina,Fusion Mew,18,20,regional,Regional Santiago,Chile,SA,2023,2023-06-03,standard_2023,0,376_2375
376,4807,Tomas Riquelme,Chile,Lost Zone Box,19,8,regional,Regional Santiago,Chile,SA,2023,2023-06-03,standard_2023,0,376_4807
376,3955,Jonatan Torres,Colombia,Lost Zone Box,20,22,regional,Regional Santiago,Chile,SA,2023,2023-06-03,standard_2023,0,376_3955
376,4808,Ivan Velez,Chile,Lugia Archeops,21,8,regional,Regional Santiago,Chile,SA,2023,2023-06-03,standard_2023,0,376_4808
376,1507,Carlos Rojas,Chile,Arceus Giratina,22,20,regional,Regional Santiago,Chile,SA,2023,2023-06-03,standard_2023,0,376_1507
376,1399,Sebastian Carvajal Campos,Chile,Lost Zone Box,23,24,regional,Regional Santiago,Chile,SA,2023,2023-06-03,standard_2023,0,376_1399
376,4809,Miguel Angel,Chile,Lost Zone Box,24,8,regional,Regional Santiago,Chile,SA,2023,2023-06-03,standard_2023,0,376_4809
376,3234,Angel Aranibar Huamaní,Peru,Fusion Mew,25,49,regional,Regional Santiago,Chile,SA,2023,2023-06-03,standard_2023,0,376_3234
376,4810,Felix Velasquez,Chile,Arceus Giratina,26,8,regional,Regional Santiago,Chile,SA,2023,2023-06-03,standard_2023,0,376_4810
376,4811,Nicolas Pino Contreras,Chile,Lugia Archeops,28,8,regional,Regional Santiago,Chile,SA,2023,2023-06-03,standard_2023,0,376_4811
376,4812,Andrei Imada,Brazil,Arceus,29,14,regional,Regional Santiago,Chile,SA,2023,2023-06-03,standard_2023,0,376_4812
376,660,Agustin Campo,Argentina,Lugia Archeops,30,78,regional,Regional Santiago,Chile,SA,2023,2023-06-03,standard_2023,0,376_660
376,236,Sebastian Mena,Chile,Fusion Mew,31,32,regional,Regional Santiago,Chile,SA,2023,2023-06-03,standard_2023,0,376_236
376,2678,David Soto Jeldes,Chile,Mew Genesect,32,16,regional,Regional Santiago,Chile,SA,2023,2023-06-03,standard_2023,0,376_2678
376,3690,Nelson Garces,Chile,Arceus Giratina,33,11,regional,Regional Santiago,Chile,SA,2023,2023-06-03,standard_2023,0,376_3690
376,4813,Nelson Barros,Brazil,Inteleon Urshifu,34,5,regional,Regional Santiago,Chile,SA,2023,2023-06-03,standard_2023,0,376_4813
376,790,Francisco Osorio,Chile,Gardevoir,35,82,regional,Regional Santiago,Chile,SA,2023,2023-06-03,standard_2023,0,376_790
376,3802,Leonardo Nascimento,Brazil,Lost Box Charizard,36,11,regional,Regional Santiago,Chile,SA,2023,2023-06-03,standard_2023,0,376_3802
376,3692,Pascal Aros Oyarzún,Chile,Lugia Archeops,37,11,regional,Regional Santiago,Chile,SA,2023,2023-06-03,standard_2023,0,376_3692
376,4814,Jose Rodrigo Vilca Vargas,Peru,Miraidon Regieleki,38,5,regional,Regional Santiago,Chile,SA,2023,2023-06-03,standard_2023,0,376_4814
376,2860,Carlos Felipe Pardo Narvaez,Chile,Mew Genesect,39,9,regional,Regional Santiago,Chile,SA,2023,2023-06-03,standard_2023,0,376_2860
376,2803,Kevin Haro,Chile,Goodra LZ Box,40,7,regional,Regional Santiago,Chile,SA,2023,2023-06-03,standard_2023,0,376_2803
376,4815,Ramón Espinoza,Chile,Arceus Duraludon Umbreon,41,5,regional,Regional Santiago,Chile,SA,2023,2023-06-03,standard_2023,0,376_4815
376,1237,Nicolás Hurtado,Chile,Gardevoir,42,21,regional,Regional Santiago,Chile,SA,2023,2023-06-03,standard_2023,0,376_1237
376,4817,Claudio Tapia Balboa,Chile,Mew Genesect,43,5,regional,Regional Santiago,Chile,SA,2023,2023-06-03,standard_2023,0,376_4817
376,4818,Vicente Miralles,Chile,Lost Zone Box,44,5,regional,Regional Santiago,Chile,SA,2023,2023-06-03,standard_2023,0,376_4818
376,2372,Jonatan Espinoza,Chile,Blaziken Urshifu,45,11,regional,Regional Santiago,Chile,SA,2023,2023-06-03,standard_2023,0,376_2372
376,4819,Sebastian Faundez,Chile,Inteleon Urshifu,46,5,regional,Regional Santiago,Chile,SA,2023,2023-06-03,standard_2023,0,376_4819
376,2373,Gustavo Pastorín Rojas,Chile,Lost Zone Box,47,22,regional,Regional Santiago,Chile,SA,2023,2023-06-03,standard_2023,0,376_2373
376,4820,Emilio Gomez,Chile,Lost Zone Box,48,5,regional,Regional Santiago,Chile,SA,2023,2023-06-03,standard_2023,0,376_4820
376,229,Ian Anderson Fukuda,Brazil,Gardevoir Mewtwo,49,127,regional,Regional Santiago,Chile,SA,2023,2023-06-03,standard_2023,0,376_229
376,1143,Bastian Silva,Chile,Lugia Archeops,50,153,regional,Regional Santiago,Chile,SA,2023,2023-06-03,standard_2023,0,376_1143
376,208,Otavio Gouveia,Brazil,Mew Genesect,51,256,regional,Regional Santiago,Chile,SA,2023,2023-06-03,standard_2023,0,376_208
376,152,Gabriel Pino Semedo,Brazil,Gardevoir,52,130,regional,Regional Santiago,Chile,SA,2023,2023-06-03,standard_2023,0,376_152
376,1067,Pedro Dossi,Brazil,Gardevoir,53,62,regional,Regional Santiago,Chile,SA,2023,2023-06-03,standard_2023,0,376_1067
376,3688,Ignacio Vargas,Chile,Lost Box Charizard,54,13,regional,Regional Santiago,Chile,SA,2023,2023-06-03,standard_2023,0,376_3688
376,4821,Fernando Gonzalez,Chile,Arceus Giratina,55,5,regional,Regional Santiago,Chile,SA,2023,2023-06-03,standard_2023,0,376_4821
376,4822,Camilo Gonzalez,Chile,Goodra LZ Box,56,5,regional,Regional Santiago,Chile,SA,2023,2023-06-03,standard_2023,0,376_4822
376,4823,Oscar Taboada Rojas,Peru,Fusion Mew,57,5,regional,Regional Santiago,Chile,SA,2023,2023-06-03,standard_2023,0,376_4823
376,1505,João Pedro Medeiros Zambrano,Brazil,Lost Box Charizard,58,191,regional,Regional Santiago,Chile,SA,2023,2023-06-03,standard_2023,0,376_1505
376,2680,Marcelo Pacaje,Chile,Gardevoir,59,16,regional,Regional Santiago,Chile,SA,2023,2023-06-03,standard_2023,0,376_2680
376,1259,Nicolas Silva Perez,Chile,Gardevoir,60,20,regional,Regional Santiago,Chile,SA,2023,2023-06-03,standard_2023,0,376_1259
376,4824,Leonardo Andres Ferreria Oliva,Chile,Lost Zone Box,61,5,regional,Regional Santiago,Chile,SA,2023,2023-06-03,standard_2023,0,376_4824
376,3698,Nataniel Lovagnini,Argentina,Lost Zone Box,62,9,regional,Regional Santiago,Chile,SA,2023,2023-06-03,standard_2023,0,376_3698
376,4623,Alexander Monroy Hidalgo,Peru,Mew Genesect,63,9,regional,Regional Santiago,Chile,SA,2023,2023-06-03,standard_2023,0,376_4623
376,4825,Fabian Roman,Chile,Mew Genesect,64,5,regional,Regional Santiago,Chile,SA,2023,2023-06-03,standard_2023,0,376_4825
376,3966,Gonzalo Zamorano,Chile,Fusion Mew,65,12,regional,Regional Santiago,Chile,SA,2023,2023-06-03,standard_2023,0,376_3966
376,4826,Francisco Javier Piñones Pineda,Chile,Lugia Archeops,66,4,regional,Regional Santiago,Chile,SA,2023,2023-06-03,standard_2023,0,376_4826
376,4827,Hugo León,Peru,Lost Zone Box,67,4,regional,Regional Santiago,Chile,SA,2023,2023-06-03,standard_2023,0,376_4827
376,4828,Kleisver Rodríguez Ruiz,Chile,Arceus Duraludon,68,4,regional,Regional Santiago,Chile,SA,2023,2023-06-03,standard_2023,0,376_4828
376,4829,Sebastian Oyarzun,Chile,Mew Genesect,69,4,regional,Regional Santiago,Chile,SA,2023,2023-06-03,standard_2023,0,376_4829
376,4830,Eduardo Paulini Villanueva,Peru,Snorlax Stall,70,4,regional,Regional Santiago,Chile,SA,2023,2023-06-03,standard_2023,0,376_4830
376,3431,Joaquin Reyes,Chile,Mew Genesect,71,14,regional,Regional Santiago,Chile,SA,2023,2023-06-03,standard_2023,0,376_3431
376,4831,Hans Garling,Chile,Arceus Giratina,72,4,regional,Regional Santiago,Chile,SA,2023,2023-06-03,standard_2023,0,376_4831
376,4832,Davis Figueroa,Chile,Giratina LZ Box,73,4,regional,Regional Santiago,Chile,SA,2023,2023-06-03,standard_2023,0,376_4832
329,2532,Rowan Stavenow,Canada,Fusion Mew,1,195,regional,Regional Hartford CT,United States,Desconocido,2023,2023-05-20,standard_2023,1,329_2532
329,3723,Grant Shen,United States,Lugia Archeops,2,197,regional,Regional Hartford CT,United States,Desconocido,2023,2023-05-20,standard_2023,1,329_3723
329,2898,Regan Retzloff,United States,Lugia Archeops,3,210,regional,Regional Hartford CT,United States,Desconocido,2023,2023-05-20,standard_2023,1,329_2898
329,2537,Luke Smith,United States,Mew Genesect,4,67,regional,Regional Hartford CT,United States,Desconocido,2023,2023-05-20,standard_2023,1,329_2537
329,334,Daniel Altavilla,United States,Lost Zone Box,5,637,regional,Regional Hartford CT,United States,Desconocido,2023,2023-05-20,standard_2023,1,329_334
329,2533,Raymond Long,Canada,Lost Zone Box,6,138,regional,Regional Hartford CT,United States,Desconocido,2023,2023-05-20,standard_2023,1,329_2533
329,765,Ryan Harris,United States,Arceus Duraludon Umbreon,7,86,regional,Regional Hartford CT,United States,Desconocido,2023,2023-05-20,standard_2023,1,329_765
329,3614,Shashi Naraine,Canada,Mew Genesect,8,40,regional,Regional Hartford CT,United States,Desconocido,2023,2023-05-20,standard_2023,1,329_3614
329,3670,Christian LaBella,Canada,Arceus Duraludon Umbreon,9,127,regional,Regional Hartford CT,United States,Desconocido,2023,2023-05-20,standard_2023,0,329_3670
329,2636,Axel Alvarez,United States,Mew Genesect,10,79,regional,Regional Hartford CT,United States,Desconocido,2023,2023-05-20,standard_2023,0,329_2636
329,685,Christopher Venier,Canada,Mew Genesect,11,139,regional,Regional Hartford CT,United States,Desconocido,2023,2023-05-20,standard_2023,0,329_685
329,4625,Samuel Gay,United States,Lost Zone Box,12,17,regional,Regional Hartford CT,United States,Desconocido,2023,2023-05-20,standard_2023,0,329_4625
329,868,Jon Eng,United States,Lost Zone Box,13,492,regional,Regional Hartford CT,United States,Desconocido,2023,2023-05-20,standard_2023,0,329_868
329,2663,Raymond Liu,United States,Arceus Duraludon Umbreon,14,37,regional,Regional Hartford CT,United States,Desconocido,2023,2023-05-20,standard_2023,0,329_2663
329,153,Azul Garcia Griego,United States,Lost Zone Box,15,943,regional,Regional Hartford CT,United States,Desconocido,2023,2023-05-20,standard_2023,0,329_153
329,1785,Joe Turrentine,United States,Arceus Duraludon Umbreon,16,58,regional,Regional Hartford CT,United States,Desconocido,2023,2023-05-20,standard_2023,0,329_1785
329,328,Caleb Gedemer,United States,Lost Zone Box,17,599,regional,Regional Hartford CT,United States,Desconocido,2023,2023-05-20,standard_2023,0,329_328
329,4626,Daniel Greco,United States,Lugia Archeops,18,10,regional,Regional Hartford CT,United States,Desconocido,2023,2023-05-20,standard_2023,0,329_4626
329,441,Darin O'Meara,United States,Lost Zone Box,19,135,regional,Regional Hartford CT,United States,Desconocido,2023,2023-05-20,standard_2023,0,329_441
329,2812,Jose Marzan,Puerto Rico,Arceus Duraludon Umbreon,20,87,regional,Regional Hartford CT,United States,Desconocido,2023,2023-05-20,standard_2023,0,329_2812
329,584,Andrew Estrada,Canada,Lost Zone Box,21,200,regional,Regional Hartford CT,United States,Desconocido,2023,2023-05-20,standard_2023,0,329_584
329,4627,Ray Cipoletti,United States,Lugia Archeops,22,15,regional,Regional Hartford CT,United States,Desconocido,2023,2023-05-20,standard_2023,0,329_4627
329,4203,Matthew Wood,Canada,Arceus Duraludon Umbreon,23,15,regional,Regional Hartford CT,United States,Desconocido,2023,2023-05-20,standard_2023,0,329_4203
329,885,Michael Zele,United States,Goodra LZ Box,24,55,regional,Regional Hartford CT,United States,Desconocido,2023,2023-05-20,standard_2023,0,329_885
329,4628,Bradley Sumoge,United States,Lost Zone Box,25,10,regional,Regional Hartford CT,United States,Desconocido,2023,2023-05-20,standard_2023,0,329_4628
329,4397,Loc Nguyen,United States,Arceus Giratina,26,35,regional,Regional Hartford CT,United States,Desconocido,2023,2023-05-20,standard_2023,0,329_4397
329,3828,Hamza Khan,Canada,Gardevoir,27,30,regional,Regional Hartford CT,United States,Desconocido,2023,2023-05-20,standard_2023,0,329_3828
329,567,Justin Kulas,United States,Arceus Giratina,28,194,regional,Regional Hartford CT,United States,Desconocido,2023,2023-05-20,standard_2023,0,329_567
329,712,Charlie Kerr,United States,Arceus Giratina,29,151,regional,Regional Hartford CT,United States,Desconocido,2023,2023-05-20,standard_2023,0,329_712
329,1537,Andrew Scott,United States,Arceus Duraludon Umbreon,30,89,regional,Regional Hartford CT,United States,Desconocido,2023,2023-05-20,standard_2023,0,329_1537
329,4399,Adinson Hiraldo,United States,Fusion Mew,31,15,regional,Regional Hartford CT,United States,Desconocido,2023,2023-05-20,standard_2023,0,329_4399
329,4629,Derek Dolan,United States,Goodra LZ Box,32,10,regional,Regional Hartford CT,United States,Desconocido,2023,2023-05-20,standard_2023,0,329_4629
329,3195,Lucas Thiele,United States,Mew Genesect,33,65,regional,Regional Hartford CT,United States,Desconocido,2023,2023-05-20,standard_2023,0,329_3195
329,4630,Sky DelaCruz,United States,Arceus Duraludon Umbreon,34,13,regional,Regional Hartford CT,United States,Desconocido,2023,2023-05-20,standard_2023,0,329_4630
329,3911,Mark Nilson,United States,Lugia Archeops,35,29,regional,Regional Hartford CT,United States,Desconocido,2023,2023-05-20,standard_2023,0,329_3911
329,850,Justin Lambert,United States,Gardevoir,36,46,regional,Regional Hartford CT,United States,Desconocido,2023,2023-05-20,standard_2023,0,329_850
329,3850,Ludwig Llanos,United States,Arceus Giratina,37,21,regional,Regional Hartford CT,United States,Desconocido,2023,2023-05-20,standard_2023,0,329_3850
329,345,Jeremy Gibson,United States,Lost Zone Box,38,93,regional,Regional Hartford CT,United States,Desconocido,2023,2023-05-20,standard_2023,0,329_345
329,2883,Tory Dunworth,United States,Goodra LZ Box,39,15,regional,Regional Hartford CT,United States,Desconocido,2023,2023-05-20,standard_2023,0,329_2883
329,3587,Sawyer Melban,United States,Arceus Duraludon Umbreon,40,114,regional,Regional Hartford CT,United States,Desconocido,2023,2023-05-20,standard_2023,0,329_3587
329,394,Zakwani Clay,United States,Gardevoir,41,24,regional,Regional Hartford CT,United States,Desconocido,2023,2023-05-20,standard_2023,0,329_394
329,4631,Mark Marullo,United States,Mew Genesect,42,14,regional,Regional Hartford CT,United States,Desconocido,2023,2023-05-20,standard_2023,0,329_4631
329,322,Grant Manley,United States,Lost Zone Box,43,535,regional,Regional Hartford CT,United States,Desconocido,2023,2023-05-20,standard_2023,0,329_322
329,2118,Marvin Lu-Banzon,Canada,Lost Zone Box,44,24,regional,Regional Hartford CT,United States,Desconocido,2023,2023-05-20,standard_2023,0,329_2118
329,425,Jimmy O'Brien,United States,Mew Genesect,45,47,regional,Regional Hartford CT,United States,Desconocido,2023,2023-05-20,standard_2023,0,329_425
329,4632,Benjamin Cusack,Canada,Lost Zone Box,46,7,regional,Regional Hartford CT,United States,Desconocido,2023,2023-05-20,standard_2023,0,329_4632
329,4633,Karl Alvarez,Puerto Rico,Gardevoir,47,7,regional,Regional Hartford CT,United States,Desconocido,2023,2023-05-20,standard_2023,0,329_4633
329,3844,Abijah Jongsma,Canada,Lugia Archeops,48,29,regional,Regional Hartford CT,United States,Desconocido,2023,2023-05-20,standard_2023,0,329_3844
329,4298,Chesney Anderson,United States,Lugia Archeops,49,12,regional,Regional Hartford CT,United States,Desconocido,2023,2023-05-20,standard_2023,0,329_4298
329,1913,Ben Cryer,United States,Arceus Giratina,50,87,regional,Regional Hartford CT,United States,Desconocido,2023,2023-05-20,standard_2023,0,329_1913
329,423,William Crawford,Canada,Lugia Archeops,51,33,regional,Regional Hartford CT,United States,Desconocido,2023,2023-05-20,standard_2023,0,329_423
329,928,Ramon Miranda,Puerto Rico,Lost Box Charizard,52,37,regional,Regional Hartford CT,United States,Desconocido,2023,2023-05-20,standard_2023,0,329_928
329,2551,Nicholas Hacquebord,United States,Mew Genesect,53,42,regional,Regional Hartford CT,United States,Desconocido,2023,2023-05-20,standard_2023,0,329_2551
329,3632,Brandon Morris,United States,Lost Box Charizard,54,17,regional,Regional Hartford CT,United States,Desconocido,2023,2023-05-20,standard_2023,0,329_3632
329,4634,Eduardo Melendez,Puerto Rico,Arceus Giratina,55,7,regional,Regional Hartford CT,United States,Desconocido,2023,2023-05-20,standard_2023,0,329_4634
329,412,Mike Fouchet,United States,Lugia Archeops,56,120,regional,Regional Hartford CT,United States,Desconocido,2023,2023-05-20,standard_2023,0,329_412
329,2427,Adam Reinhardt,United States,Miraidon Flaaffy,57,93,regional,Regional Hartford CT,United States,Desconocido,2023,2023-05-20,standard_2023,0,329_2427
329,4409,Gabriel Perez,Puerto Rico,Palkia,58,15,regional,Regional Hartford CT,United States,Desconocido,2023,2023-05-20,standard_2023,0,329_4409
329,4635,Alejandro Rodriguez,United States,Arceus Duraludon Umbreon,59,7,regional,Regional Hartford CT,United States,Desconocido,2023,2023-05-20,standard_2023,0,329_4635
329,2834,Wyatt Palguta,United States,Lugia Archeops,60,44,regional,Regional Hartford CT,United States,Desconocido,2023,2023-05-20,standard_2023,0,329_2834
329,2437,Michele Schiraldi,Canada,Gardevoir,61,53,regional,Regional Hartford CT,United States,Desconocido,2023,2023-05-20,standard_2023,0,329_2437
329,2845,Connor Chiappetta,United States,Arceus Duraludon Umbreon,62,21,regional,Regional Hartford CT,United States,Desconocido,2023,2023-05-20,standard_2023,0,329_2845
329,3716,Vincent Owen,United States,Arceus Giratina,63,64,regional,Regional Hartford CT,United States,Desconocido,2023,2023-05-20,standard_2023,0,329_3716
329,3560,Andrew Weiss,United States,Mew Genesect,64,50,regional,Regional Hartford CT,United States,Desconocido,2023,2023-05-20,standard_2023,0,329_3560
329,1641,Richard Rogers,United States,Arceus Giratina Umbreon,65,25,regional,Regional Hartford CT,United States,Desconocido,2023,2023-05-20,standard_2023,0,329_1641
329,4384,Zach Robinson,United States,Goodra LZ Box,66,12,regional,Regional Hartford CT,United States,Desconocido,2023,2023-05-20,standard_2023,0,329_4384
329,4430,Jeremy Wang,Canada,Arceus Duraludon,67,25,regional,Regional Hartford CT,United States,Desconocido,2023,2023-05-20,standard_2023,0,329_4430
329,1138,Parker Greenwald,United States,Arceus Duraludon Umbreon,68,12,regional,Regional Hartford CT,United States,Desconocido,2023,2023-05-20,standard_2023,0,329_1138
329,449,Noah Sawyer,United States,Lugia Archeops,69,166,regional,Regional Hartford CT,United States,Desconocido,2023,2023-05-20,standard_2023,0,329_449
329,3995,Riley McKay,Canada,Arceus Duraludon Umbreon,70,38,regional,Regional Hartford CT,United States,Desconocido,2023,2023-05-20,standard_2023,0,329_3995
329,3715,Frank Mintmire,United States,Lugia Archeops,71,52,regional,Regional Hartford CT,United States,Desconocido,2023,2023-05-20,standard_2023,0,329_3715
329,918,Pedro Hernandez,United States,Mew Genesect,72,30,regional,Regional Hartford CT,United States,Desconocido,2023,2023-05-20,standard_2023,0,329_918
329,2875,Andrew Hedrick,United States,Lost Zone Box,73,222,regional,Regional Hartford CT,United States,Desconocido,2023,2023-05-20,standard_2023,0,329_2875
329,4636,James Coyle,United States,Miraidon Flaaffy,74,20,regional,Regional Hartford CT,United States,Desconocido,2023,2023-05-20,standard_2023,0,329_4636
329,3443,Dylan Lefavour,United States,Mew Genesect,75,47,regional,Regional Hartford CT,United States,Desconocido,2023,2023-05-20,standard_2023,0,329_3443
329,3815,George Gebhardt,United States,Gardevoir,76,41,regional,Regional Hartford CT,United States,Desconocido,2023,2023-05-20,standard_2023,0,329_3815
329,3458,Mikey Sanagustin,United States,Arceus Duraludon Umbreon,77,30,regional,Regional Hartford CT,United States,Desconocido,2023,2023-05-20,standard_2023,0,329_3458
329,4637,Douglas Bornhoeft,United States,Arceus Gallade,78,5,regional,Regional Hartford CT,United States,Desconocido,2023,2023-05-20,standard_2023,0,329_4637
329,2173,Matthew Connors,United States,Mew Genesect,79,20,regional,Regional Hartford CT,United States,Desconocido,2023,2023-05-20,standard_2023,0,329_2173
329,4638,Matt Cruz,United States,Mew Genesect,80,5,regional,Regional Hartford CT,United States,Desconocido,2023,2023-05-20,standard_2023,0,329_4638
329,4639,Jonathan Zarco,United States,Goodra LZ Box,81,5,regional,Regional Hartford CT,United States,Desconocido,2023,2023-05-20,standard_2023,0,329_4639
329,3980,Calvin Yau,United States,Mew Genesect,82,15,regional,Regional Hartford CT,United States,Desconocido,2023,2023-05-20,standard_2023,0,329_3980
329,3881,James Thiel,United States,Mew Genesect,83,41,regional,Regional Hartford CT,United States,Desconocido,2023,2023-05-20,standard_2023,0,329_3881
329,3591,Case Bennink,United States,Mew Genesect,84,12,regional,Regional Hartford CT,United States,Desconocido,2023,2023-05-20,standard_2023,0,329_3591
329,149,Jose Marrero,United States,Miraidon Regieleki,85,359,regional,Regional Hartford CT,United States,Desconocido,2023,2023-05-20,standard_2023,0,329_149
329,4640,Anthony Balko,United States,Inteleon Urshifu,86,5,regional,Regional Hartford CT,United States,Desconocido,2023,2023-05-20,standard_2023,0,329_4640
329,2592,Kiernan Wagner,United States,Lost Zone Box,87,41,regional,Regional Hartford CT,United States,Desconocido,2023,2023-05-20,standard_2023,0,329_2592
329,3284,Tyson Blatter,United States,Lost Zone Box,88,32,regional,Regional Hartford CT,United States,Desconocido,2023,2023-05-20,standard_2023,0,329_3284
329,4641,Eric Mei,United States,Gardevoir,89,5,regional,Regional Hartford CT,United States,Desconocido,2023,2023-05-20,standard_2023,0,329_4641
329,4642,Maxwell Douglass,United States,Lugia Archeops,90,5,regional,Regional Hartford CT,United States,Desconocido,2023,2023-05-20,standard_2023,0,329_4642
329,4643,Cody Gibson,United States,Arceus Giratina,91,5,regional,Regional Hartford CT,United States,Desconocido,2023,2023-05-20,standard_2023,0,329_4643
329,3633,Stephen Richardson,United States,Miraidon Regieleki,92,15,regional,Regional Hartford CT,United States,Desconocido,2023,2023-05-20,standard_2023,0,329_3633
329,4644,Jacob Carrasco,United States,Gardevoir,93,5,regional,Regional Hartford CT,United States,Desconocido,2023,2023-05-20,standard_2023,0,329_4644
329,4645,Jonathan Lupercio,United States,Lugia Archeops,94,5,regional,Regional Hartford CT,United States,Desconocido,2023,2023-05-20,standard_2023,0,329_4645
329,578,Simon Luong,Canada,Lost Zone Box,95,53,regional,Regional Hartford CT,United States,Desconocido,2023,2023-05-20,standard_2023,0,329_578
329,4646,Kimberly Serocki,United States,Fusion Mew,96,5,regional,Regional Hartford CT,United States,Desconocido,2023,2023-05-20,standard_2023,0,329_4646
329,4647,Grayson Jones,United States,Arceus Duraludon Umbreon,97,5,regional,Regional Hartford CT,United States,Desconocido,2023,2023-05-20,standard_2023,0,329_4647
329,4648,Ryan Leykis,United States,Mew Genesect,98,5,regional,Regional Hartford CT,United States,Desconocido,2023,2023-05-20,standard_2023,0,329_4648
329,4649,Cy Medeiros,United States,Lost Box Charizard,99,5,regional,Regional Hartford CT,United States,Desconocido,2023,2023-05-20,standard_2023,0,329_4649
329,549,Simon Trottier-Lacasse,Canada,Gardevoir,100,66,regional,Regional Hartford CT,United States,Desconocido,2023,2023-05-20,standard_2023,0,329_549
329,4650,Malakhi Pizar,United States,Goodra LZ Box,101,5,regional,Regional Hartford CT,United States,Desconocido,2023,2023-05-20,standard_2023,0,329_4650
329,4651,Joe Perez,United States,Arceus Giratina,102,5,regional,Regional Hartford CT,United States,Desconocido,2023,2023-05-20,standard_2023,0,329_4651
329,1635,Zachary Cooper,United States,Lost Zone Box,103,164,regional,Regional Hartford CT,United States,Desconocido,2023,2023-05-20,standard_2023,0,329_1635
329,4206,Prin Basser,United States,Lost Zone Box,104,15,regional,Regional Hartford CT,United States,Desconocido,2023,2023-05-20,standard_2023,0,329_4206
329,132,Drew Kennett,United States,Lugia Archeops,105,264,regional,Regional Hartford CT,United States,Desconocido,2023,2023-05-20,standard_2023,0,329_132
329,380,Christian Ortiz,United States,Palkia Gardevoir,106,42,regional,Regional Hartford CT,United States,Desconocido,2023,2023-05-20,standard_2023,0,329_380
329,4652,Takuya Yamaguchi,United States,Lost Box Charizard,107,5,regional,Regional Hartford CT,United States,Desconocido,2023,2023-05-20,standard_2023,0,329_4652
329,4653,Brendan Murphy,United States,Gardevoir,108,5,regional,Regional Hartford CT,United States,Desconocido,2023,2023-05-20,standard_2023,0,329_4653
329,472,Byron Isaiah Williams,United States,Lost Zone Box,109,359,regional,Regional Hartford CT,United States,Desconocido,2023,2023-05-20,standard_2023,0,329_472
329,4413,Sean Munn,United States,Lugia Archeops,110,15,regional,Regional Hartford CT,United States,Desconocido,2023,2023-05-20,standard_2023,0,329_4413
329,1535,Christian Franco,United States,Lost Zone Box,111,72,regional,Regional Hartford CT,United States,Desconocido,2023,2023-05-20,standard_2023,0,329_1535
338,1041,Lasse Puisto,Finland,Fusion Mew,1,45,regional,Regional Malmö,Sweden,EU,2023,2023-05-20,standard_2023,1,338_1041
338,1861,Konsta Kallama,Finland,Mew Genesect,2,109,regional,Regional Malmö,Sweden,EU,2023,2023-05-20,standard_2023,1,338_1861
338,2504,Brennan Kamerman,Netherlands,Lost Zone Box,3,141,regional,Regional Malmö,Sweden,EU,2023,2023-05-20,standard_2023,1,338_2504
338,79,Piotr Orleański,Poland,Lost Zone Box,4,132,regional,Regional Malmö,Sweden,EU,2023,2023-05-20,standard_2023,1,338_79
338,3929,Jan Hausmann,Germany,Lost Box Charizard,5,34,regional,Regional Malmö,Sweden,EU,2023,2023-05-20,standard_2023,1,338_3929
338,1548,Bryan de Vries,Netherlands,Gardevoir,6,275,regional,Regional Malmö,Sweden,EU,2023,2023-05-20,standard_2023,1,338_1548
338,1664,Dario Scarnò,Italy,Mew Genesect,7,94,regional,Regional Malmö,Sweden,EU,2023,2023-05-20,standard_2023,1,338_1664
338,254,Lucas Henrique de Araujo Pereira,Brazil,Mew Genesect,8,176,regional,Regional Malmö,Sweden,EU,2023,2023-05-20,standard_2023,1,338_254
338,4654,Sebastian Uziuk,Poland,Lugia Archeops,9,15,regional,Regional Malmö,Sweden,EU,2023,2023-05-20,standard_2023,0,338_4654
338,4655,Philip Rowley,Great Britain,Lugia Archeops,10,10,regional,Regional Malmö,Sweden,EU,2023,2023-05-20,standard_2023,0,338_4655
338,2,Karl Blake,Great Britain,Gardevoir Mewtwo,11,91,regional,Regional Malmö,Sweden,EU,2023,2023-05-20,standard_2023,0,338_2
338,3573,Kai Wainwright,Great Britain,Gardevoir,12,64,regional,Regional Malmö,Sweden,EU,2023,2023-05-20,standard_2023,0,338_3573
338,224,Tommi Lahtela,Norway,Arceus,13,43,regional,Regional Malmö,Sweden,EU,2023,2023-05-20,standard_2023,0,338_224
338,3928,Miłosz Dyrlica,Poland,Lugia Archeops,14,79,regional,Regional Malmö,Sweden,EU,2023,2023-05-20,standard_2023,0,338_3928
338,86,Tord Reklev,Norway,Gardevoir,15,832,regional,Regional Malmö,Sweden,EU,2023,2023-05-20,standard_2023,0,338_86
338,3772,Oscar Madsen,Denmark,Lost Box Charizard,16,21,regional,Regional Malmö,Sweden,EU,2023,2023-05-20,standard_2023,0,338_3772
338,3646,Benedetta Todaro,Italy,Mew Genesect,17,37,regional,Regional Malmö,Sweden,EU,2023,2023-05-20,standard_2023,0,338_3646
338,296,Nitish Doolub,Great Britain,Mew Genesect,18,64,regional,Regional Malmö,Sweden,EU,2023,2023-05-20,standard_2023,0,338_296
338,4031,Viktor Fehér,Hungary,Lugia Archeops,19,12,regional,Regional Malmö,Sweden,EU,2023,2023-05-20,standard_2023,0,338_4031
338,100,Fabio Spanò,Italy,Goodra LZ Box,20,69,regional,Regional Malmö,Sweden,EU,2023,2023-05-20,standard_2023,0,338_100
338,1738,Owyn Kamerman,Netherlands,Arceus Duraludon Umbreon,21,228,regional,Regional Malmö,Sweden,EU,2023,2023-05-20,standard_2023,0,338_1738
338,19,Pedro Eugenio Torres,Spain,Lost Box Charizard,22,562,regional,Regional Malmö,Sweden,EU,2023,2023-05-20,standard_2023,0,338_19
338,3934,Marek Stolarik,Slovakia,Arceus Giratina,23,23,regional,Regional Malmö,Sweden,EU,2023,2023-05-20,standard_2023,0,338_3934
338,4656,Dener Correa,Portugal,Inteleon Urshifu,24,8,regional,Regional Malmö,Sweden,EU,2023,2023-05-20,standard_2023,0,338_4656
338,3491,Ross Warren,Great Britain,Mew Genesect,25,22,regional,Regional Malmö,Sweden,EU,2023,2023-05-20,standard_2023,0,338_3491
338,2884,Matthew Clarke,Great Britain,Arceus Duraludon Umbreon,26,37,regional,Regional Malmö,Sweden,EU,2023,2023-05-20,standard_2023,0,338_2884
338,1109,Adrian Fjell,Norway,Lost Zone Box,27,52,regional,Regional Malmö,Sweden,EU,2023,2023-05-20,standard_2023,0,338_1109
338,12,Adam Hawkins,Great Britain,Gardevoir,28,241,regional,Regional Malmö,Sweden,EU,2023,2023-05-20,standard_2023,0,338_12
338,970,Lyder Iversen,Norway,Gardevoir,29,52,regional,Regional Malmö,Sweden,EU,2023,2023-05-20,standard_2023,0,338_970
338,4657,Frederik Riis-Jacobsen,Denmark,Mew Genesect,30,8,regional,Regional Malmö,Sweden,EU,2023,2023-05-20,standard_2023,0,338_4657
338,249,Julien Cretenoud,Switzerland,Arceus Duraludon Umbreon,31,34,regional,Regional Malmö,Sweden,EU,2023,2023-05-20,standard_2023,0,338_249
338,18,Jesper Eriksen,Denmark,Lost Zone Box,32,148,regional,Regional Malmö,Sweden,EU,2023,2023-05-20,standard_2023,0,338_18
338,4507,Gilbert McLaughlin,Great Britain,Mew Genesect,33,17,regional,Regional Malmö,Sweden,EU,2023,2023-05-20,standard_2023,0,338_4507
338,13,Nico Alabas,Germany,Gardevoir,34,284,regional,Regional Malmö,Sweden,EU,2023,2023-05-20,standard_2023,0,338_13
338,4658,Nikolas Herbst,Austria,Lugia Archeops,35,5,regional,Regional Malmö,Sweden,EU,2023,2023-05-20,standard_2023,0,338_4658
338,4086,Kyle Best,Great Britain,Gardevoir,36,13,regional,Regional Malmö,Sweden,EU,2023,2023-05-20,standard_2023,0,338_4086
338,310,Paulo Mimoso,Portugal,Mew Genesect,37,59,regional,Regional Malmö,Sweden,EU,2023,2023-05-20,standard_2023,0,338_310
338,3660,Raphaël Morisset,France,Goodra LZ Box,38,11,regional,Regional Malmö,Sweden,EU,2023,2023-05-20,standard_2023,0,338_3660
338,69,Arthur Trutzschler,Netherlands,Mew Genesect,39,24,regional,Regional Malmö,Sweden,EU,2023,2023-05-20,standard_2023,0,338_69
338,4242,Alexander Denk,Austria,Mew Genesect,40,15,regional,Regional Malmö,Sweden,EU,2023,2023-05-20,standard_2023,0,338_4242
338,858,Dany Graells,United Arab Emirates,Mew Genesect,41,11,regional,Regional Malmö,Sweden,EU,2023,2023-05-20,standard_2023,0,338_858
338,4659,Leon Gbasai,Great Britain,Mew Genesect,42,9,regional,Regional Malmö,Sweden,EU,2023,2023-05-20,standard_2023,0,338_4659
338,4660,Malthe Bogø,Denmark,Lost Zone Box,43,5,regional,Regional Malmö,Sweden,EU,2023,2023-05-20,standard_2023,0,338_4660
338,4022,Andreas Møller,Denmark,Gardevoir,44,22,regional,Regional Malmö,Sweden,EU,2023,2023-05-20,standard_2023,0,338_4022
338,2254,Phillip de Sousa,Great Britain,Lost Zone Box,45,28,regional,Regional Malmö,Sweden,EU,2023,2023-05-20,standard_2023,0,338_2254
338,4525,Mikołaj Plich,Poland,Lugia Archeops,46,10,regional,Regional Malmö,Sweden,EU,2023,2023-05-20,standard_2023,0,338_4525
338,2501,Vincent Marcus Munk,Denmark,Kyurem,47,52,regional,Regional Malmö,Sweden,EU,2023,2023-05-20,standard_2023,0,338_2501
338,1735,Gabor Van Meenen,Germany,Mew Genesect,48,101,regional,Regional Malmö,Sweden,EU,2023,2023-05-20,standard_2023,0,338_1735
338,4257,Adel Moussaoui,Germany,Lost Zone Box,49,10,regional,Regional Malmö,Sweden,EU,2023,2023-05-20,standard_2023,0,338_4257
338,2851,Victor Bergerskogen,Norway,Mew Genesect,50,11,regional,Regional Malmö,Sweden,EU,2023,2023-05-20,standard_2023,0,338_2851
328,1157,Landen Kaetler,Canada,Arceus Giratina,1,92,regional,Regional Portland OR,United States,Desconocido,2023,2023-05-06,standard_2023,1,328_1157
328,2898,Regan Retzloff,United States,Lugia Archeops,2,210,regional,Regional Portland OR,United States,Desconocido,2023,2023-05-06,standard_2023,1,328_2898
328,322,Grant Manley,United States,Lost Zone Box,3,535,regional,Regional Portland OR,United States,Desconocido,2023,2023-05-06,standard_2023,1,328_322
328,3791,Andrew Gantner,United States,Lost Zone Box,4,66,regional,Regional Portland OR,United States,Desconocido,2023,2023-05-06,standard_2023,1,328_3791
328,364,Alex Schemanske,United States,Lost Zone Box,5,602,regional,Regional Portland OR,United States,Desconocido,2023,2023-05-06,standard_2023,1,328_364
328,4532,Austin Drake,Canada,Mew Genesect,6,18,regional,Regional Portland OR,United States,Desconocido,2023,2023-05-06,standard_2023,1,328_4532
328,4044,Anthony Perez,United States,Miraidon Flaaffy,7,47,regional,Regional Portland OR,United States,Desconocido,2023,2023-05-06,standard_2023,1,328_4044
328,4038,Nathan Stratford,United States,Arceus Duraludon Umbreon,8,75,regional,Regional Portland OR,United States,Desconocido,2023,2023-05-06,standard_2023,1,328_4038
328,1009,David Veronica,United States,Lugia Archeops,9,31,regional,Regional Portland OR,United States,Desconocido,2023,2023-05-06,standard_2023,0,328_1009
328,472,Byron Isaiah Williams,United States,Lost Zone Box,10,359,regional,Regional Portland OR,United States,Desconocido,2023,2023-05-06,standard_2023,0,328_472
328,3992,Kevin Ajolt Nguyen,United States,Lugia Archeops,11,34,regional,Regional Portland OR,United States,Desconocido,2023,2023-05-06,standard_2023,0,328_3992
328,1859,Le Bui,United States,Arceus Duraludon,12,91,regional,Regional Portland OR,United States,Desconocido,2023,2023-05-06,standard_2023,0,328_1859
328,849,Hunter Butler,United States,Lost Zone Box,13,176,regional,Regional Portland OR,United States,Desconocido,2023,2023-05-06,standard_2023,0,328_849
328,1780,Nic Stewart,United States,Arceus Giratina,14,67,regional,Regional Portland OR,United States,Desconocido,2023,2023-05-06,standard_2023,0,328_1780
328,3888,Evan Lubeley,United States,Gardevoir,15,44,regional,Regional Portland OR,United States,Desconocido,2023,2023-05-06,standard_2023,0,328_3888
328,168,Kian Amini,United States,Lost Box Charizard,16,301,regional,Regional Portland OR,United States,Desconocido,2023,2023-05-06,standard_2023,0,328_168
328,4052,Keaton Gill,United States,Arceus Giratina,17,30,regional,Regional Portland OR,United States,Desconocido,2023,2023-05-06,standard_2023,0,328_4052
328,2630,Trevore Read,Canada,Lugia Archeops,18,76,regional,Regional Portland OR,United States,Desconocido,2023,2023-05-06,standard_2023,0,328_2630
328,153,Azul Garcia Griego,United States,Lost Zone Box,19,943,regional,Regional Portland OR,United States,Desconocido,2023,2023-05-06,standard_2023,0,328_153
328,2628,Calvin Connor,United States,Lost Zone Box,20,260,regional,Regional Portland OR,United States,Desconocido,2023,2023-05-06,standard_2023,0,328_2628
328,3666,Cobi Kawasaki,United States,Giratina LZ Box,21,44,regional,Regional Portland OR,United States,Desconocido,2023,2023-05-06,standard_2023,0,328_3666
328,1228,Jerrick Gumila,United States,Mew Genesect,22,49,regional,Regional Portland OR,United States,Desconocido,2023,2023-05-06,standard_2023,0,328_1228
328,3836,Kenrry Alvarado,United States,Mew Genesect,23,15,regional,Regional Portland OR,United States,Desconocido,2023,2023-05-06,standard_2023,0,328_3836
328,4547,Trenton Staley,United States,Mew Genesect,24,10,regional,Regional Portland OR,United States,Desconocido,2023,2023-05-06,standard_2023,0,328_4547
328,3723,Grant Shen,United States,Gardevoir Mewtwo,25,197,regional,Regional Portland OR,United States,Desconocido,2023,2023-05-06,standard_2023,0,328_3723
328,4548,Camden Freeze,United States,Arceus Duraludon Umbreon,26,20,regional,Regional Portland OR,United States,Desconocido,2023,2023-05-06,standard_2023,0,328_4548
328,3476,Jonathan Means,United States,Arceus Giratina,27,32,regional,Regional Portland OR,United States,Desconocido,2023,2023-05-06,standard_2023,0,328_3476
328,2316,Joel Stroeve,United States,Lost Box Charizard,28,40,regional,Regional Portland OR,United States,Desconocido,2023,2023-05-06,standard_2023,0,328_2316
328,2318,Chris Gunn,United States,Gardevoir,29,26,regional,Regional Portland OR,United States,Desconocido,2023,2023-05-06,standard_2023,0,328_2318
328,4325,Jack Pitcher,Canada,Lost Zone Box,30,20,regional,Regional Portland OR,United States,Desconocido,2023,2023-05-06,standard_2023,0,328_4325
328,4511,Leo Orozco,United States,Lugia Archeops,31,18,regional,Regional Portland OR,United States,Desconocido,2023,2023-05-06,standard_2023,0,328_4511
328,4326,Jacob Newton,United States,Goodra LZ Box,32,18,regional,Regional Portland OR,United States,Desconocido,2023,2023-05-06,standard_2023,0,328_4326
328,2926,AviLashan UmaShankar,United States,Gardevoir,33,47,regional,Regional Portland OR,United States,Desconocido,2023,2023-05-06,standard_2023,0,328_2926
328,4549,Chad Dickerson,United States,Miraidon Regieleki,34,7,regional,Regional Portland OR,United States,Desconocido,2023,2023-05-06,standard_2023,0,328_4549
328,296,Nitish Doolub,Great Britain,Mew Genesect,35,64,regional,Regional Portland OR,United States,Desconocido,2023,2023-05-06,standard_2023,0,328_296
328,4550,Gustavo Sanchez,United States,Darkrai,36,7,regional,Regional Portland OR,United States,Desconocido,2023,2023-05-06,standard_2023,0,328_4550
328,534,Aaron Friedman,United States,Lost Box Charizard,37,147,regional,Regional Portland OR,United States,Desconocido,2023,2023-05-06,standard_2023,0,328_534
328,160,Samuel Hough,United States,Lost Box Charizard,38,181,regional,Regional Portland OR,United States,Desconocido,2023,2023-05-06,standard_2023,0,328_160
328,2770,Aidan Khus,United States,Gardevoir Mewtwo,39,180,regional,Regional Portland OR,United States,Desconocido,2023,2023-05-06,standard_2023,0,328_2770
328,3596,Jeremy Gumila,United States,Mew Genesect,40,68,regional,Regional Portland OR,United States,Desconocido,2023,2023-05-06,standard_2023,0,328_3596
328,4551,Zach Smith,United States,Arceus Giratina,41,7,regional,Regional Portland OR,United States,Desconocido,2023,2023-05-06,standard_2023,0,328_4551
328,4552,Gordon Coates,Canada,Lugia Archeops,42,7,regional,Regional Portland OR,United States,Desconocido,2023,2023-05-06,standard_2023,0,328_4552
328,4553,Kabir Virji,Canada,Goodra LZ Box,43,7,regional,Regional Portland OR,United States,Desconocido,2023,2023-05-06,standard_2023,0,328_4553
328,3459,Mason Jones,United States,Lost Zone Box,44,15,regional,Regional Portland OR,United States,Desconocido,2023,2023-05-06,standard_2023,0,328_3459
328,1874,Dylan Gunn,United States,Lost Zone Box,45,81,regional,Regional Portland OR,United States,Desconocido,2023,2023-05-06,standard_2023,0,328_1874
328,434,Nathian Beck,United States,Gardevoir,46,49,regional,Regional Portland OR,United States,Desconocido,2023,2023-05-06,standard_2023,0,328_434
328,317,Andrew Mahone,United States,Goodra LZ Box,47,305,regional,Regional Portland OR,United States,Desconocido,2023,2023-05-06,standard_2023,0,328_317
328,3911,Mark Nilson,United States,Lugia Archeops,48,29,regional,Regional Portland OR,United States,Desconocido,2023,2023-05-06,standard_2023,0,328_3911
328,765,Ryan Harris,United States,Lost Zone Box,49,86,regional,Regional Portland OR,United States,Desconocido,2023,2023-05-06,standard_2023,0,328_765
328,4554,Alex Wood,United States,Lost Zone Box,50,7,regional,Regional Portland OR,United States,Desconocido,2023,2023-05-06,standard_2023,0,328_4554
328,4555,Geovani Vasquez,United States,Lost Zone Box,51,7,regional,Regional Portland OR,United States,Desconocido,2023,2023-05-06,standard_2023,0,328_4555
328,4556,Tony Paull,Canada,Gardevoir,52,7,regional,Regional Portland OR,United States,Desconocido,2023,2023-05-06,standard_2023,0,328_4556
328,1908,Alec Geissler,United States,Gardevoir,53,51,regional,Regional Portland OR,United States,Desconocido,2023,2023-05-06,standard_2023,0,328_1908
328,4557,Henry Freedman,United States,Lost Zone Box,54,7,regional,Regional Portland OR,United States,Desconocido,2023,2023-05-06,standard_2023,0,328_4557
328,558,Eric Rodriguez,United States,Lugia Archeops,55,67,regional,Regional Portland OR,United States,Desconocido,2023,2023-05-06,standard_2023,0,328_558
328,3754,Noah Schuler,United States,Lugia Archeops,56,29,regional,Regional Portland OR,United States,Desconocido,2023,2023-05-06,standard_2023,0,328_3754
328,196,Zach Lesage,Canada,Lost Box Charizard,57,387,regional,Regional Portland OR,United States,Desconocido,2023,2023-05-06,standard_2023,0,328_196
328,4558,Eric Wells,United States,Palkia,58,7,regional,Regional Portland OR,United States,Desconocido,2023,2023-05-06,standard_2023,0,328_4558
328,4559,John Munoz,United States,Mew Genesect,59,7,regional,Regional Portland OR,United States,Desconocido,2023,2023-05-06,standard_2023,0,328_4559
328,2407,Cameron Kawasaki,United States,Giratina LZ Box,60,44,regional,Regional Portland OR,United States,Desconocido,2023,2023-05-06,standard_2023,0,328_2407
328,2658,Ramon DeVilla,United States,LZ Dialga,61,22,regional,Regional Portland OR,United States,Desconocido,2023,2023-05-06,standard_2023,0,328_2658
328,3471,Devin Ardissono,United States,Fusion Mew,62,34,regional,Regional Portland OR,United States,Desconocido,2023,2023-05-06,standard_2023,0,328_3471
328,3895,Andres Alderette,United States,Fusion Mew,63,50,regional,Regional Portland OR,United States,Desconocido,2023,2023-05-06,standard_2023,0,328_3895
328,3896,Cain Greene,United States,Mew Genesect,64,29,regional,Regional Portland OR,United States,Desconocido,2023,2023-05-06,standard_2023,0,328_3896
328,4271,Zach Widger,United States,Goodra LZ Box,65,12,regional,Regional Portland OR,United States,Desconocido,2023,2023-05-06,standard_2023,0,328_4271
328,4560,Dylan Wortman,United States,Mew Genesect,66,5,regional,Regional Portland OR,United States,Desconocido,2023,2023-05-06,standard_2023,0,328_4560
328,4561,Erick Mauricio,United States,Lost Zone Box,67,5,regional,Regional Portland OR,United States,Desconocido,2023,2023-05-06,standard_2023,0,328_4561
328,4562,Tyler Vencill,United States,Arceus Giratina,68,5,regional,Regional Portland OR,United States,Desconocido,2023,2023-05-06,standard_2023,0,328_4562
328,2315,Adrian Mejia Galvez,Mexico,Gardevoir Mewtwo,69,32,regional,Regional Portland OR,United States,Desconocido,2023,2023-05-06,standard_2023,0,328_2315
328,4563,Tyler Seal,Canada,Lost Zone Box,70,5,regional,Regional Portland OR,United States,Desconocido,2023,2023-05-06,standard_2023,0,328_4563
328,2626,Noah Sakadjian,United States,Lost Zone Box,71,57,regional,Regional Portland OR,United States,Desconocido,2023,2023-05-06,standard_2023,0,328_2626
328,3446,Mitchel Silva,United States,Lost Zone Box,72,36,regional,Regional Portland OR,United States,Desconocido,2023,2023-05-06,standard_2023,0,328_3446
328,4564,Richard Goldsberry,United States,Lugia Archeops,73,5,regional,Regional Portland OR,United States,Desconocido,2023,2023-05-06,standard_2023,0,328_4564
328,4565,Forrest Friend,United States,Lost Zone Box,74,5,regional,Regional Portland OR,United States,Desconocido,2023,2023-05-06,standard_2023,0,328_4565
328,4566,Edgar Fletes,United States,Lugia Archeops,75,12,regional,Regional Portland OR,United States,Desconocido,2023,2023-05-06,standard_2023,0,328_4566
328,4567,Erik Carlson,United States,Mew Genesect,76,5,regional,Regional Portland OR,United States,Desconocido,2023,2023-05-06,standard_2023,0,328_4567
328,4568,Patrick Cuaresma,United States,Mew Genesect,77,5,regional,Regional Portland OR,United States,Desconocido,2023,2023-05-06,standard_2023,0,328_4568
328,4569,Eduardo Castillo,United States,Giratina LZ Box,78,8,regional,Regional Portland OR,United States,Desconocido,2023,2023-05-06,standard_2023,0,328_4569
328,1055,Jackson Pech,United States,Gardevoir,79,22,regional,Regional Portland OR,United States,Desconocido,2023,2023-05-06,standard_2023,0,328_1055
328,3828,Hamza Khan,Canada,Gardevoir,80,30,regional,Regional Portland OR,United States,Desconocido,2023,2023-05-06,standard_2023,0,328_3828
328,4571,Charles Paul Laygo Jr,United States,Lugia Archeops,81,5,regional,Regional Portland OR,United States,Desconocido,2023,2023-05-06,standard_2023,0,328_4571
328,4572,Damon Koford,United States,Gardevoir,82,5,regional,Regional Portland OR,United States,Desconocido,2023,2023-05-06,standard_2023,0,328_4572
328,4573,Dyson Umtuch,United States,Arceus Giratina,83,10,regional,Regional Portland OR,United States,Desconocido,2023,2023-05-06,standard_2023,0,328_4573
328,4450,Andrew Dombroski,United States,Miraidon Regieleki,84,13,regional,Regional Portland OR,United States,Desconocido,2023,2023-05-06,standard_2023,0,328_4450
328,4574,Marco Lee,United States,Giratina LZ Box,85,5,regional,Regional Portland OR,United States,Desconocido,2023,2023-05-06,standard_2023,0,328_4574
328,4125,Stephen Cham,United States,Lugia Archeops,86,12,regional,Regional Portland OR,United States,Desconocido,2023,2023-05-06,standard_2023,0,328_4125
328,3744,Ian Viets,United States,Lost Box Charizard,87,13,regional,Regional Portland OR,United States,Desconocido,2023,2023-05-06,standard_2023,0,328_3744
328,3086,Vaughn O'Brien,United States,Lost Zone Box,88,69,regional,Regional Portland OR,United States,Desconocido,2023,2023-05-06,standard_2023,0,328_3086
328,4202,Cole Griffin,United States,Lugia Archeops,89,10,regional,Regional Portland OR,United States,Desconocido,2023,2023-05-06,standard_2023,0,328_4202
328,2345,Nick Morin,United States,Arceus Gallade,90,15,regional,Regional Portland OR,United States,Desconocido,2023,2023-05-06,standard_2023,0,328_2345
328,4123,Jakob Friedman,United States,Gardevoir,91,24,regional,Regional Portland OR,United States,Desconocido,2023,2023-05-06,standard_2023,0,328_4123
328,4575,Cameron Mortensen,United States,Gardevoir,92,5,regional,Regional Portland OR,United States,Desconocido,2023,2023-05-06,standard_2023,0,328_4575
328,2321,Aaron Walker,United States,Fusion Mew,93,37,regional,Regional Portland OR,United States,Desconocido,2023,2023-05-06,standard_2023,0,328_2321
328,4576,Kasten Welsh,United States,Inteleon Urshifu,94,5,regional,Regional Portland OR,United States,Desconocido,2023,2023-05-06,standard_2023,0,328_4576
328,2122,Gabriel Smart,United States,Gardevoir,95,223,regional,Regional Portland OR,United States,Desconocido,2023,2023-05-06,standard_2023,0,328_2122
328,4577,Derek Hu,United States,Lugia Archeops,96,5,regional,Regional Portland OR,United States,Desconocido,2023,2023-05-06,standard_2023,0,328_4577
328,2592,Kiernan Wagner,United States,Lost Zone Box,97,41,regional,Regional Portland OR,United States,Desconocido,2023,2023-05-06,standard_2023,0,328_2592
328,4224,Brian Myers,United States,Mew Genesect,98,13,regional,Regional Portland OR,United States,Desconocido,2023,2023-05-06,standard_2023,0,328_4224
328,4578,Joseph Franzo,United States,Goodra LZ Box,99,12,regional,Regional Portland OR,United States,Desconocido,2023,2023-05-06,standard_2023,0,328_4578
328,3849,Blake Wray,United States,Goodra LZ Box,100,27,regional,Regional Portland OR,United States,Desconocido,2023,2023-05-06,standard_2023,0,328_3849
328,4579,Ricardo Castellanos,United States,Miraidon Regieleki,101,5,regional,Regional Portland OR,United States,Desconocido,2023,2023-05-06,standard_2023,0,328_4579
328,3475,Brandon Baughn,United States,Lugia Archeops,102,27,regional,Regional Portland OR,United States,Desconocido,2023,2023-05-06,standard_2023,0,328_3475
328,4580,Katrina Loos,United States,Kyurem,103,5,regional,Regional Portland OR,United States,Desconocido,2023,2023-05-06,standard_2023,0,328_4580
328,4581,Sou Her,United States,Gardevoir Mewtwo,104,10,regional,Regional Portland OR,United States,Desconocido,2023,2023-05-06,standard_2023,0,328_4581
328,513,Mike Moreno III,United States,Lugia Archeops,105,14,regional,Regional Portland OR,United States,Desconocido,2023,2023-05-06,standard_2023,0,328_513
328,87,Fabien Pujol,France,Lost Box Charizard,106,310,regional,Regional Portland OR,United States,Desconocido,2023,2023-05-06,standard_2023,0,328_87
328,4582,Simeon Matheson,United States,Miraidon Regieleki,107,5,regional,Regional Portland OR,United States,Desconocido,2023,2023-05-06,standard_2023,0,328_4582
328,4583,Hector Olvera,United States,Lost Zone Box,108,5,regional,Regional Portland OR,United States,Desconocido,2023,2023-05-06,standard_2023,0,328_4583
328,4584,Koichi Nishida,United States,Lost Zone Box,109,12,regional,Regional Portland OR,United States,Desconocido,2023,2023-05-06,standard_2023,0,328_4584
328,4585,Albert Centeno,United States,Lugia Archeops,110,5,regional,Regional Portland OR,United States,Desconocido,2023,2023-05-06,standard_2023,0,328_4585
359,2856,Felipe Solís,Chile,Lost Zone Box,1,32,regional,Regional São Paulo,Brazil,SA,2023,2023-05-06,standard_2023,1,359_2856
359,277,Damian Fernandez Urroz,Argentina,Mew Genesect,2,58,regional,Regional São Paulo,Brazil,SA,2023,2023-05-06,standard_2023,1,359_277
359,649,William Azevedo,Brazil,Gardevoir,3,299,regional,Regional São Paulo,Brazil,SA,2023,2023-05-06,standard_2023,1,359_649
359,3696,Yerco Valencia,Chile,Lugia Archeops,4,125,regional,Regional São Paulo,Brazil,SA,2023,2023-05-06,standard_2023,1,359_3696
359,2619,Rodrigo Ciulla,Brazil,Arceus Giratina,5,23,regional,Regional São Paulo,Brazil,SA,2023,2023-05-06,standard_2023,1,359_2619
359,4534,Pedro Pasqualini de Andrade,Brazil,Lost Zone Box,6,21,regional,Regional São Paulo,Brazil,SA,2023,2023-05-06,standard_2023,1,359_4534
359,4535,Thiago Vanderlei,Brazil,Mew Genesect,7,15,regional,Regional São Paulo,Brazil,SA,2023,2023-05-06,standard_2023,1,359_4535
359,4536,Victor Hugo Sampa Hamaguti,Brazil,Lost Box Charizard,8,15,regional,Regional São Paulo,Brazil,SA,2023,2023-05-06,standard_2023,1,359_4536
359,2802,Juan Andree Mejía,Chile,Lost Zone Box,9,73,regional,Regional São Paulo,Brazil,SA,2023,2023-05-06,standard_2023,0,359_2802
359,1198,Matias Matricardi,Argentina,Lost Zone Box,10,126,regional,Regional São Paulo,Brazil,SA,2023,2023-05-06,standard_2023,0,359_1198
359,165,Gustavo Wada,Brazil,Gardevoir,11,766,regional,Regional São Paulo,Brazil,SA,2023,2023-05-06,standard_2023,0,359_165
359,1241,Alexis Hormazabal,Chile,Lost Zone Box,12,59,regional,Regional São Paulo,Brazil,SA,2023,2023-05-06,standard_2023,0,359_1241
359,4342,Vinícius Vilaça,Brazil,Lost Zone Box,13,16,regional,Regional São Paulo,Brazil,SA,2023,2023-05-06,standard_2023,0,359_4342
359,134,Javier Gamboa,Chile,Mew Genesect,14,96,regional,Regional São Paulo,Brazil,SA,2023,2023-05-06,standard_2023,0,359_134
359,4783,Lucas Gaudio,Brazil,Miraidon Regieleki,15,10,regional,Regional São Paulo,Brazil,SA,2023,2023-05-06,standard_2023,0,359_4783
359,1140,Vinicius Souza,Brazil,Gardevoir,16,46,regional,Regional São Paulo,Brazil,SA,2023,2023-05-06,standard_2023,0,359_1140
359,3959,Carlos Medina Astete,Peru,Lost Zone Box,17,65,regional,Regional São Paulo,Brazil,SA,2023,2023-05-06,standard_2023,0,359_3959
359,208,Otavio Gouveia,Brazil,Mew Genesect,18,256,regional,Regional São Paulo,Brazil,SA,2023,2023-05-06,standard_2023,0,359_208
359,4784,Davi Gonçalves de Pontes,Brazil,Lost Zone Box,19,8,regional,Regional São Paulo,Brazil,SA,2023,2023-05-06,standard_2023,0,359_4784
359,1504,Renato Christian,Brazil,Arceus Giratina,20,49,regional,Regional São Paulo,Brazil,SA,2023,2023-05-06,standard_2023,0,359_1504
359,1277,Marco Aurelio Fernandes Garcia,Brazil,Goodra LZ Box,21,25,regional,Regional São Paulo,Brazil,SA,2023,2023-05-06,standard_2023,0,359_1277
359,3945,Tácio Grossi,Brazil,Lost Zone Box,22,20,regional,Regional São Paulo,Brazil,SA,2023,2023-05-06,standard_2023,0,359_3945
359,4785,Kaue Ramos,Brazil,Lost Box Charizard,23,8,regional,Regional São Paulo,Brazil,SA,2023,2023-05-06,standard_2023,0,359_4785
359,1679,Lucas Matheus,Brazil,Gardevoir,24,79,regional,Regional São Paulo,Brazil,SA,2023,2023-05-06,standard_2023,0,359_1679
359,4786,Guilherme Lessa,Brazil,Gardevoir,25,8,regional,Regional São Paulo,Brazil,SA,2023,2023-05-06,standard_2023,0,359_4786
359,3522,Ariel Oliveira,Brazil,Goodra LZ Box,26,44,regional,Regional São Paulo,Brazil,SA,2023,2023-05-06,standard_2023,0,359_3522
359,1593,Gabriel Massaroth,Brazil,Lost Zone Box,27,40,regional,Regional São Paulo,Brazil,SA,2023,2023-05-06,standard_2023,0,359_1593
359,1081,Victor Freitas,Brazil,Lost Box Charizard,28,79,regional,Regional São Paulo,Brazil,SA,2023,2023-05-06,standard_2023,0,359_1081
359,1763,Agustín Correa Pasini,Argentina,Gardevoir,29,25,regional,Regional São Paulo,Brazil,SA,2023,2023-05-06,standard_2023,0,359_1763
359,209,Rafael Yuiti,Brazil,Gardevoir Mewtwo,30,97,regional,Regional São Paulo,Brazil,SA,2023,2023-05-06,standard_2023,0,359_209
359,4787,Jean Pietro Carvalho dos Santos,Brazil,Lugia Archeops,31,8,regional,Regional São Paulo,Brazil,SA,2023,2023-05-06,standard_2023,0,359_4787
359,4788,Eduardo Sandano,Brazil,Lugia Archeops,32,8,regional,Regional São Paulo,Brazil,SA,2023,2023-05-06,standard_2023,0,359_4788
359,2065,Bruno Diniz,Brazil,Lost Zone Box,33,5,regional,Regional São Paulo,Brazil,SA,2023,2023-05-06,standard_2023,0,359_2065
359,274,Damian Ezequiel Anile,Argentina,Miraidon Flaaffy,34,67,regional,Regional São Paulo,Brazil,SA,2023,2023-05-06,standard_2023,0,359_274
359,1765,Eduardo Storto,Brazil,Mew Genesect,35,14,regional,Regional São Paulo,Brazil,SA,2023,2023-05-06,standard_2023,0,359_1765
359,1282,Paulo Gouveia de Freitas,Brazil,Goodra LZ Box,36,81,regional,Regional São Paulo,Brazil,SA,2023,2023-05-06,standard_2023,0,359_1282
359,234,Andrew Ariel Dias,Brazil,Lost Zone Box,37,41,regional,Regional São Paulo,Brazil,SA,2023,2023-05-06,standard_2023,0,359_234
359,4789,Nuno Farias,Brazil,Gardevoir,38,5,regional,Regional São Paulo,Brazil,SA,2023,2023-05-06,standard_2023,0,359_4789
359,2314,Eduardo Paixao,Brazil,Gardevoir,39,25,regional,Regional São Paulo,Brazil,SA,2023,2023-05-06,standard_2023,0,359_2314
359,4790,Erico Lotufo,Brazil,Goodra LZ Box,40,5,regional,Regional São Paulo,Brazil,SA,2023,2023-05-06,standard_2023,0,359_4790
359,256,Alex Silva,Brazil,Lost Zone Box,41,168,regional,Regional São Paulo,Brazil,SA,2023,2023-05-06,standard_2023,0,359_256
359,4791,Yago Brito,Brazil,Lost Box Charizard,42,5,regional,Regional São Paulo,Brazil,SA,2023,2023-05-06,standard_2023,0,359_4791
359,3960,Heitor Duperron,Brazil,Gardevoir,43,21,regional,Regional São Paulo,Brazil,SA,2023,2023-05-06,standard_2023,0,359_3960
359,261,Ricardo Felipe Hille,Brazil,Gardevoir,44,71,regional,Regional São Paulo,Brazil,SA,2023,2023-05-06,standard_2023,0,359_261
359,3566,Gabriel Roide,Brazil,Gardevoir,45,11,regional,Regional São Paulo,Brazil,SA,2023,2023-05-06,standard_2023,0,359_3566
359,3954,Esteban O’Compley,Chile,Lugia Archeops,46,25,regional,Regional São Paulo,Brazil,SA,2023,2023-05-06,standard_2023,0,359_3954
359,218,Thiago Giovannetti Marques Ricardo,Brazil,Inteleon Urshifu,47,82,regional,Regional São Paulo,Brazil,SA,2023,2023-05-06,standard_2023,0,359_218
359,4792,Caio Bruneli,Brazil,Lost Zone Box,48,5,regional,Regional São Paulo,Brazil,SA,2023,2023-05-06,standard_2023,0,359_4792
359,652,Pedro Giovannetti Marques Ricardo,Brazil,Miraidon Flaaffy,49,45,regional,Regional São Paulo,Brazil,SA,2023,2023-05-06,standard_2023,0,359_652
359,1291,Emanuel Jose Diogo Guerreiro,Argentina,Miraidon Flaaffy,50,23,regional,Regional São Paulo,Brazil,SA,2023,2023-05-06,standard_2023,0,359_1291
359,275,Dyego Rathje,Brazil,Gardevoir Mewtwo,51,98,regional,Regional São Paulo,Brazil,SA,2023,2023-05-06,standard_2023,0,359_275
359,4793,Giovani Padilha,Brazil,Gardevoir,52,5,regional,Regional São Paulo,Brazil,SA,2023,2023-05-06,standard_2023,0,359_4793
359,1395,Vicente Rodriguez Cuevas,Chile,Gardevoir,53,31,regional,Regional São Paulo,Brazil,SA,2023,2023-05-06,standard_2023,0,359_1395
359,2774,Pedro Pertusi,Brazil,Gardevoir Mewtwo,54,235,regional,Regional São Paulo,Brazil,SA,2023,2023-05-06,standard_2023,0,359_2774
359,4794,Bruno Guerra,Brazil,Gardevoir,55,11,regional,Regional São Paulo,Brazil,SA,2023,2023-05-06,standard_2023,0,359_4794
359,1274,Wallysson Lima do Couto,Brazil,Goodra LZ Box,56,21,regional,Regional São Paulo,Brazil,SA,2023,2023-05-06,standard_2023,0,359_1274
359,4795,Diego Franche,Brazil,Giratina LZ Box,57,5,regional,Regional São Paulo,Brazil,SA,2023,2023-05-06,standard_2023,0,359_4795
359,2373,Gustavo Pastorín Rojas,Chile,Lost Zone Box,58,22,regional,Regional São Paulo,Brazil,SA,2023,2023-05-06,standard_2023,0,359_2373
359,4797,Jean Junior,Brazil,Lost Zone Box,59,5,regional,Regional São Paulo,Brazil,SA,2023,2023-05-06,standard_2023,0,359_4797
359,4798,Gustavo Serafim,Brazil,Arceus Giratina,60,13,regional,Regional São Paulo,Brazil,SA,2023,2023-05-06,standard_2023,0,359_4798
359,4799,Eric Uriel Patlallan,Argentina,Arceus Giratina,61,5,regional,Regional São Paulo,Brazil,SA,2023,2023-05-06,standard_2023,0,359_4799
359,4800,Artur Santos,Brazil,Goodra LZ Box,62,5,regional,Regional São Paulo,Brazil,SA,2023,2023-05-06,standard_2023,0,359_4800
359,3801,Fernando Campista,Brazil,Lugia Archeops,63,19,regional,Regional São Paulo,Brazil,SA,2023,2023-05-06,standard_2023,0,359_3801
359,4801,Igor Araujo,Brazil,Mew Genesect,64,5,regional,Regional São Paulo,Brazil,SA,2023,2023-05-06,standard_2023,0,359_4801
359,4802,Álvaro Miguelino,Brazil,Lugia Archeops,65,4,regional,Regional São Paulo,Brazil,SA,2023,2023-05-06,standard_2023,0,359_4802
359,1077,Pedro Freitas,Brazil,Mew Genesect,66,19,regional,Regional São Paulo,Brazil,SA,2023,2023-05-06,standard_2023,0,359_1077
359,4803,Maicon Dias,Brazil,Lost Box Charizard,67,4,regional,Regional São Paulo,Brazil,SA,2023,2023-05-06,standard_2023,0,359_4803
359,1390,Benjamin Ferrel,Chile,Lugia Archeops,68,117,regional,Regional São Paulo,Brazil,SA,2023,2023-05-06,standard_2023,0,359_1390
359,4804,Pedro Messias,Brazil,Lost Zone Box,69,4,regional,Regional São Paulo,Brazil,SA,2023,2023-05-06,standard_2023,0,359_4804
359,1391,Marco Cifuentes Meta,Chile,Mew Genesect,70,110,regional,Regional São Paulo,Brazil,SA,2023,2023-05-06,standard_2023,0,359_1391
359,1067,Pedro Dossi,Brazil,Gardevoir,71,62,regional,Regional São Paulo,Brazil,SA,2023,2023-05-06,standard_2023,0,359_1067
327,4067,Maxwell Johnson,United States,Goodra LZ Box,1,46,regional,Regional Fort Wayne IN,United States,Desconocido,2023,2023-04-01,standard_2022,1,327_4067
327,449,Noah Sawyer,United States,Lugia Archeops,2,166,regional,Regional Fort Wayne IN,United States,Desconocido,2023,2023-04-01,standard_2022,1,327_449
327,4411,Justin Stites,United States,Lugia Archeops,3,26,regional,Regional Fort Wayne IN,United States,Desconocido,2023,2023-04-01,standard_2022,1,327_4411
327,1011,Zander Bennett,United States,Mew Genesect,4,74,regional,Regional Fort Wayne IN,United States,Desconocido,2023,2023-04-01,standard_2022,1,327_1011
327,322,Grant Manley,United States,Regis,5,535,regional,Regional Fort Wayne IN,United States,Desconocido,2023,2023-04-01,standard_2022,1,327_322
327,4412,Austin Charles,United States,Goodra LZ Box,6,26,regional,Regional Fort Wayne IN,United States,Desconocido,2023,2023-04-01,standard_2022,1,327_4412
327,1243,Lance Bradshaw,United States,Lugia Archeops,7,142,regional,Regional Fort Wayne IN,United States,Desconocido,2023,2023-04-01,standard_2022,1,327_1243
327,2533,Raymond Long,Canada,Mew Genesect,8,138,regional,Regional Fort Wayne IN,United States,Desconocido,2023,2023-04-01,standard_2022,1,327_2533
327,2898,Regan Retzloff,United States,Lugia Archeops,9,210,regional,Regional Fort Wayne IN,United States,Desconocido,2023,2023-04-01,standard_2022,0,327_2898
327,2891,Caleb Rogerson,United States,Lugia Archeops,10,87,regional,Regional Fort Wayne IN,United States,Desconocido,2023,2023-04-01,standard_2022,0,327_2891
327,3587,Sawyer Melban,United States,Lost Zone Box,11,114,regional,Regional Fort Wayne IN,United States,Desconocido,2023,2023-04-01,standard_2022,0,327_3587
327,1908,Alec Geissler,United States,Eternatus Weezing,12,51,regional,Regional Fort Wayne IN,United States,Desconocido,2023,2023-04-01,standard_2022,0,327_1908
327,3723,Grant Shen,United States,Lugia Archeops,13,197,regional,Regional Fort Wayne IN,United States,Desconocido,2023,2023-04-01,standard_2022,0,327_3723
327,2412,Justin Kim,Canada,Lugia Archeops,14,35,regional,Regional Fort Wayne IN,United States,Desconocido,2023,2023-04-01,standard_2022,0,327_2412
327,4305,Edwin Arrollo,United States,Lugia Archeops,15,38,regional,Regional Fort Wayne IN,United States,Desconocido,2023,2023-04-01,standard_2022,0,327_4305
327,2340,Lucas Xing,Canada,Lugia Archeops,16,77,regional,Regional Fort Wayne IN,United States,Desconocido,2023,2023-04-01,standard_2022,0,327_2340
327,3758,Jacob A Dillon,United States,Arceus Duraludon,17,18,regional,Regional Fort Wayne IN,United States,Desconocido,2023,2023-04-01,standard_2022,0,327_3758
327,3844,Abijah Jongsma,Canada,Goodra LZ Box,18,29,regional,Regional Fort Wayne IN,United States,Desconocido,2023,2023-04-01,standard_2022,0,327_3844
327,3003,Jake Jensen,United States,Lugia Archeops,19,27,regional,Regional Fort Wayne IN,United States,Desconocido,2023,2023-04-01,standard_2022,0,327_3003
327,4052,Keaton Gill,United States,Arceus Duraludon,20,30,regional,Regional Fort Wayne IN,United States,Desconocido,2023,2023-04-01,standard_2022,0,327_4052
327,1535,Christian Franco,United States,Arceus Duraludon,21,72,regional,Regional Fort Wayne IN,United States,Desconocido,2023,2023-04-01,standard_2022,0,327_1535
327,3868,Zackary Estridge,United States,Fusion Mew,22,30,regional,Regional Fort Wayne IN,United States,Desconocido,2023,2023-04-01,standard_2022,0,327_3868
327,3607,Zach Laska,United States,Mew Genesect,23,27,regional,Regional Fort Wayne IN,United States,Desconocido,2023,2023-04-01,standard_2022,0,327_3607
327,4058,Billy Chan,Canada,Lugia Archeops,24,37,regional,Regional Fort Wayne IN,United States,Desconocido,2023,2023-04-01,standard_2022,0,327_4058
327,2122,Gabriel Smart,United States,Lugia Archeops,25,223,regional,Regional Fort Wayne IN,United States,Desconocido,2023,2023-04-01,standard_2022,0,327_2122
327,3473,Jake Gearhart,United States,Palkia Inteleon,26,57,regional,Regional Fort Wayne IN,United States,Desconocido,2023,2023-04-01,standard_2022,0,327_3473
327,3663,Gavin Zhou,Canada,Lugia Archeops,27,18,regional,Regional Fort Wayne IN,United States,Desconocido,2023,2023-04-01,standard_2022,0,327_3663
327,3869,Nathan Guffey,United States,Lugia Archeops,28,15,regional,Regional Fort Wayne IN,United States,Desconocido,2023,2023-04-01,standard_2022,0,327_3869
327,4413,Sean Munn,United States,Lugia Archeops,29,15,regional,Regional Fort Wayne IN,United States,Desconocido,2023,2023-04-01,standard_2022,0,327_4413
327,125,Michael Pramawat,United States,Mew Genesect,30,602,regional,Regional Fort Wayne IN,United States,Desconocido,2023,2023-04-01,standard_2022,0,327_125
327,3472,Collin Merli-Matthews,United States,Mew Genesect,31,93,regional,Regional Fort Wayne IN,United States,Desconocido,2023,2023-04-01,standard_2022,0,327_3472
327,3715,Frank Mintmire,United States,Arceus,32,52,regional,Regional Fort Wayne IN,United States,Desconocido,2023,2023-04-01,standard_2022,0,327_3715
327,736,David Cook,United States,Lugia Archeops,33,27,regional,Regional Fort Wayne IN,United States,Desconocido,2023,2023-04-01,standard_2022,0,327_736
327,4414,Spencer Johnson,United States,Lugia Archeops,34,7,regional,Regional Fort Wayne IN,United States,Desconocido,2023,2023-04-01,standard_2022,0,327_4414
327,1047,Hector Ibarra,United States,Lugia Archeops,35,90,regional,Regional Fort Wayne IN,United States,Desconocido,2023,2023-04-01,standard_2022,0,327_1047
327,4120,Andres David Torres,Colombia,Lugia Archeops,36,41,regional,Regional Fort Wayne IN,United States,Desconocido,2023,2023-04-01,standard_2022,0,327_4120
327,4415,Spencer Axness,United States,Mew Genesect,37,7,regional,Regional Fort Wayne IN,United States,Desconocido,2023,2023-04-01,standard_2022,0,327_4415
327,3552,Travis Beckwith,United States,Arceus Duraludon,38,65,regional,Regional Fort Wayne IN,United States,Desconocido,2023,2023-04-01,standard_2022,0,327_3552
327,2448,Kamil Colatosti,Canada,Lugia Archeops,39,22,regional,Regional Fort Wayne IN,United States,Desconocido,2023,2023-04-01,standard_2022,0,327_2448
327,4416,Eric Liu,United States,Eternatus Weezing,40,7,regional,Regional Fort Wayne IN,United States,Desconocido,2023,2023-04-01,standard_2022,0,327_4416
327,2838,Alexander Pineda,United States,Mew Genesect,41,42,regional,Regional Fort Wayne IN,United States,Desconocido,2023,2023-04-01,standard_2022,0,327_2838
327,1390,Benjamin Ferrel,Chile,Lugia Archeops,42,117,regional,Regional Fort Wayne IN,United States,Desconocido,2023,2023-04-01,standard_2022,0,327_1390
327,3457,Muhammad Ideis,United States,Lugia Archeops,43,54,regional,Regional Fort Wayne IN,United States,Desconocido,2023,2023-04-01,standard_2022,0,327_3457
327,4417,Jadon Clark,United States,Lugia Archeops,44,7,regional,Regional Fort Wayne IN,United States,Desconocido,2023,2023-04-01,standard_2022,0,327_4417
327,3592,Tom Hellkamp,United States,Mew Genesect,45,21,regional,Regional Fort Wayne IN,United States,Desconocido,2023,2023-04-01,standard_2022,0,327_3592
327,3731,Harrison Dye,United States,Lugia Archeops,46,42,regional,Regional Fort Wayne IN,United States,Desconocido,2023,2023-04-01,standard_2022,0,327_3731
327,739,JW Kriewall,United States,Regis,47,115,regional,Regional Fort Wayne IN,United States,Desconocido,2023,2023-04-01,standard_2022,0,327_739
327,746,Joshua Frink,United States,Palkia Inteleon,48,56,regional,Regional Fort Wayne IN,United States,Desconocido,2023,2023-04-01,standard_2022,0,327_746
327,3695,Diego Varea,Peru,Lugia Archeops,49,37,regional,Regional Fort Wayne IN,United States,Desconocido,2023,2023-04-01,standard_2022,0,327_3695
327,578,Simon Luong,Canada,LZ Rayquaza Box,50,53,regional,Regional Fort Wayne IN,United States,Desconocido,2023,2023-04-01,standard_2022,0,327_578
327,1126,Bradley Ireland,United States,LZ Rayquaza Box,51,27,regional,Regional Fort Wayne IN,United States,Desconocido,2023,2023-04-01,standard_2022,0,327_1126
327,4418,Lorenzo Prieto,United States,Goodra LZ Box,52,7,regional,Regional Fort Wayne IN,United States,Desconocido,2023,2023-04-01,standard_2022,0,327_4418
327,4419,Tanner Drabek,United States,LZ Rayquaza Box,53,12,regional,Regional Fort Wayne IN,United States,Desconocido,2023,2023-04-01,standard_2022,0,327_4419
327,2031,John Mostowy,United States,Lunatone Solrock,54,57,regional,Regional Fort Wayne IN,United States,Desconocido,2023,2023-04-01,standard_2022,0,327_2031
327,4420,Ramiro Galindo,United States,Arceus Duraludon,55,15,regional,Regional Fort Wayne IN,United States,Desconocido,2023,2023-04-01,standard_2022,0,327_4420
327,1779,Chris Fulop,United States,Lugia Archeops,56,17,regional,Regional Fort Wayne IN,United States,Desconocido,2023,2023-04-01,standard_2022,0,327_1779
327,4421,Jim O’Heron,United States,Lugia Archeops,57,7,regional,Regional Fort Wayne IN,United States,Desconocido,2023,2023-04-01,standard_2022,0,327_4421
327,4422,Kevin Van,United States,Arceus Duraludon,58,7,regional,Regional Fort Wayne IN,United States,Desconocido,2023,2023-04-01,standard_2022,0,327_4422
327,3847,Liam Petrie,United States,LZ Rayquaza Box,59,27,regional,Regional Fort Wayne IN,United States,Desconocido,2023,2023-04-01,standard_2022,0,327_3847
327,4423,Nathan Cobel,United States,Lugia Archeops,60,7,regional,Regional Fort Wayne IN,United States,Desconocido,2023,2023-04-01,standard_2022,0,327_4423
327,4424,Thomas Bednarz,United States,Lugia Archeops,61,7,regional,Regional Fort Wayne IN,United States,Desconocido,2023,2023-04-01,standard_2022,0,327_4424
327,2532,Rowan Stavenow,Canada,Mew Genesect,62,195,regional,Regional Fort Wayne IN,United States,Desconocido,2023,2023-04-01,standard_2022,0,327_2532
327,2346,Braiden Elfert,United States,Arceus Vulpix,63,116,regional,Regional Fort Wayne IN,United States,Desconocido,2023,2023-04-01,standard_2022,0,327_2346
327,3735,Cyrus McCane,United States,Regis,64,29,regional,Regional Fort Wayne IN,United States,Desconocido,2023,2023-04-01,standard_2022,0,327_3735
327,4425,Nicholas Sparzo,United States,Mew Genesect,65,5,regional,Regional Fort Wayne IN,United States,Desconocido,2023,2023-04-01,standard_2022,0,327_4425
327,1019,Nick Foltz,United States,Mew Genesect,66,12,regional,Regional Fort Wayne IN,United States,Desconocido,2023,2023-04-01,standard_2022,0,327_1019
327,4426,Chris Hardwick,United States,Arceus Duraludon,67,5,regional,Regional Fort Wayne IN,United States,Desconocido,2023,2023-04-01,standard_2022,0,327_4426
327,3865,Jeffrey Weiss,United States,Lugia Archeops,68,45,regional,Regional Fort Wayne IN,United States,Desconocido,2023,2023-04-01,standard_2022,0,327_3865
327,4427,Jonathan Williams,United States,Zacian,69,5,regional,Regional Fort Wayne IN,United States,Desconocido,2023,2023-04-01,standard_2022,0,327_4427
327,4428,Jeff Blyden,United States,Arceus Giratina,70,5,regional,Regional Fort Wayne IN,United States,Desconocido,2023,2023-04-01,standard_2022,0,327_4428
327,874,Chris Wilkinson,United States,Lugia Archeops,71,26,regional,Regional Fort Wayne IN,United States,Desconocido,2023,2023-04-01,standard_2022,0,327_874
327,4429,Joseph Cornell,United States,Arceus Duraludon,72,5,regional,Regional Fort Wayne IN,United States,Desconocido,2023,2023-04-01,standard_2022,0,327_4429
327,3752,Grayson Lang,United States,Lugia Archeops,73,20,regional,Regional Fort Wayne IN,United States,Desconocido,2023,2023-04-01,standard_2022,0,327_3752
327,3626,Sammy Allen,United States,Eternatus Weezing,74,21,regional,Regional Fort Wayne IN,United States,Desconocido,2023,2023-04-01,standard_2022,0,327_3626
327,440,James Arnold,United States,Goodra LZ Box,75,113,regional,Regional Fort Wayne IN,United States,Desconocido,2023,2023-04-01,standard_2022,0,327_440
327,712,Charlie Kerr,United States,Regis,76,151,regional,Regional Fort Wayne IN,United States,Desconocido,2023,2023-04-01,standard_2022,0,327_712
327,4430,Jeremy Wang,Canada,Arceus Duraludon,77,25,regional,Regional Fort Wayne IN,United States,Desconocido,2023,2023-04-01,standard_2022,0,327_4430
327,3995,Riley McKay,Canada,Arceus Duraludon,78,38,regional,Regional Fort Wayne IN,United States,Desconocido,2023,2023-04-01,standard_2022,0,327_3995
327,4431,Victor Valenzuela,United States,Lugia Archeops,79,5,regional,Regional Fort Wayne IN,United States,Desconocido,2023,2023-04-01,standard_2022,0,327_4431
327,348,Ciaran Farah,Canada,Lugia Archeops,80,185,regional,Regional Fort Wayne IN,United States,Desconocido,2023,2023-04-01,standard_2022,0,327_348
327,4432,Hunter Berry,United States,Regis,81,5,regional,Regional Fort Wayne IN,United States,Desconocido,2023,2023-04-01,standard_2022,0,327_4432
327,4433,Ryan Shore,United States,Regis,82,5,regional,Regional Fort Wayne IN,United States,Desconocido,2023,2023-04-01,standard_2022,0,327_4433
327,4434,Matt Bacnis,United States,LZ Rayquaza Box,83,5,regional,Regional Fort Wayne IN,United States,Desconocido,2023,2023-04-01,standard_2022,0,327_4434
327,4435,Kenneth Albin,United States,Regis,84,5,regional,Regional Fort Wayne IN,United States,Desconocido,2023,2023-04-01,standard_2022,0,327_4435
327,3468,Sim Mortimer,United States,Eternatus Weezing,85,27,regional,Regional Fort Wayne IN,United States,Desconocido,2023,2023-04-01,standard_2022,0,327_3468
327,4436,Greg Day,United States,Lugia Archeops,86,5,regional,Regional Fort Wayne IN,United States,Desconocido,2023,2023-04-01,standard_2022,0,327_4436
327,4437,Austin Dyar,United States,Arceus Duraludon,87,5,regional,Regional Fort Wayne IN,United States,Desconocido,2023,2023-04-01,standard_2022,0,327_4437
327,1415,Ryan Prusak,United States,Mew Genesect,88,23,regional,Regional Fort Wayne IN,United States,Desconocido,2023,2023-04-01,standard_2022,0,327_1415
327,4438,Jack Merten,United States,Regis,89,5,regional,Regional Fort Wayne IN,United States,Desconocido,2023,2023-04-01,standard_2022,0,327_4438
327,340,Nick Robinson,United States,Arceus Flying Pikachu,90,98,regional,Regional Fort Wayne IN,United States,Desconocido,2023,2023-04-01,standard_2022,0,327_340
327,2538,Jacob Stillwell,United States,Lugia Archeops,91,20,regional,Regional Fort Wayne IN,United States,Desconocido,2023,2023-04-01,standard_2022,0,327_2538
327,4439,Diamonti Noble,United States,Lugia Archeops,92,5,regional,Regional Fort Wayne IN,United States,Desconocido,2023,2023-04-01,standard_2022,0,327_4439
327,4180,Jacob Smith,United States,Arceus Flying Pikachu,93,5,regional,Regional Fort Wayne IN,United States,Desconocido,2023,2023-04-01,standard_2022,0,327_4180
327,2156,Liam Alon,United States,Mew Genesect,94,20,regional,Regional Fort Wayne IN,United States,Desconocido,2023,2023-04-01,standard_2022,0,327_2156
327,3827,Justin Tse,Canada,Mew Genesect,95,23,regional,Regional Fort Wayne IN,United States,Desconocido,2023,2023-04-01,standard_2022,0,327_3827
327,4440,Katelyn Hairston,United States,Lugia Archeops,96,5,regional,Regional Fort Wayne IN,United States,Desconocido,2023,2023-04-01,standard_2022,0,327_4440
327,900,Dennis Peroff,Canada,Arceus Duraludon,97,94,regional,Regional Fort Wayne IN,United States,Desconocido,2023,2023-04-01,standard_2022,0,327_900
327,4441,Maxwell Rabold-Tamez,United States,Lugia Archeops,98,5,regional,Regional Fort Wayne IN,United States,Desconocido,2023,2023-04-01,standard_2022,0,327_4441
327,4442,Malcolm Whelan,Canada,Yveltal Control,99,5,regional,Regional Fort Wayne IN,United States,Desconocido,2023,2023-04-01,standard_2022,0,327_4442
327,455,Kyle Warner,United States,Regis,100,37,regional,Regional Fort Wayne IN,United States,Desconocido,2023,2023-04-01,standard_2022,0,327_455
327,4443,Ryan Schonken,United States,Lugia Archeops,101,5,regional,Regional Fort Wayne IN,United States,Desconocido,2023,2023-04-01,standard_2022,0,327_4443
327,4444,Daniel Harr,United States,Mew Genesect,102,5,regional,Regional Fort Wayne IN,United States,Desconocido,2023,2023-04-01,standard_2022,0,327_4444
327,1630,Nicholas Moffitt,United States,LZ Rayquaza Box,103,266,regional,Regional Fort Wayne IN,United States,Desconocido,2023,2023-04-01,standard_2022,0,327_1630
327,4445,John Franklin,United States,Arceus Duraludon,104,5,regional,Regional Fort Wayne IN,United States,Desconocido,2023,2023-04-01,standard_2022,0,327_4445
327,1687,Aren Ashlock,United States,Lugia Archeops,105,34,regional,Regional Fort Wayne IN,United States,Desconocido,2023,2023-04-01,standard_2022,0,327_1687
327,4446,William Pierce,United States,Palkia Inteleon,106,5,regional,Regional Fort Wayne IN,United States,Desconocido,2023,2023-04-01,standard_2022,0,327_4446
327,4447,Marvin Fuentes,United States,Lugia Archeops,107,10,regional,Regional Fort Wayne IN,United States,Desconocido,2023,2023-04-01,standard_2022,0,327_4447
327,4448,Connor Dye,United States,Arceus Duraludon,108,5,regional,Regional Fort Wayne IN,United States,Desconocido,2023,2023-04-01,standard_2022,0,327_4448
327,3181,Christian Fontenot,Denmark,Regis,109,77,regional,Regional Fort Wayne IN,United States,Desconocido,2023,2023-04-01,standard_2022,0,327_3181
327,3740,Tanner Caplinger,United States,Regis,110,22,regional,Regional Fort Wayne IN,United States,Desconocido,2023,2023-04-01,standard_2022,0,327_3740
327,830,Karl Kujak,United States,Mew Genesect,111,10,regional,Regional Fort Wayne IN,United States,Desconocido,2023,2023-04-01,standard_2022,0,327_830
327,4449,Jesse Tyczkowski,United States,Lost Zone Box,112,5,regional,Regional Fort Wayne IN,United States,Desconocido,2023,2023-04-01,standard_2022,0,327_4449
327,3086,Vaughn O'Brien,United States,Mewtwo Control,113,69,regional,Regional Fort Wayne IN,United States,Desconocido,2023,2023-04-01,standard_2022,0,327_3086
327,4450,Andrew Dombroski,United States,Yveltal Control,114,13,regional,Regional Fort Wayne IN,United States,Desconocido,2023,2023-04-01,standard_2022,0,327_4450
327,4451,Joshua Cox,United States,Lugia Archeops,115,5,regional,Regional Fort Wayne IN,United States,Desconocido,2023,2023-04-01,standard_2022,0,327_4451
327,328,Caleb Gedemer,United States,Regis,116,599,regional,Regional Fort Wayne IN,United States,Desconocido,2023,2023-04-01,standard_2022,0,327_328
327,3716,Vincent Owen,United States,Eternatus Weezing,117,64,regional,Regional Fort Wayne IN,United States,Desconocido,2023,2023-04-01,standard_2022,0,327_3716
327,4452,Anthony Romanello,United States,Lugia Archeops,118,5,regional,Regional Fort Wayne IN,United States,Desconocido,2023,2023-04-01,standard_2022,0,327_4452
327,4283,Nathan Bishop,United States,Eternatus Weezing,119,10,regional,Regional Fort Wayne IN,United States,Desconocido,2023,2023-04-01,standard_2022,0,327_4283
327,2943,Jackson Rowley,United States,Fusion Mew,120,33,regional,Regional Fort Wayne IN,United States,Desconocido,2023,2023-04-01,standard_2022,0,327_2943
327,4453,Carlos Castro,United States,Vikavolt,121,5,regional,Regional Fort Wayne IN,United States,Desconocido,2023,2023-04-01,standard_2022,0,327_4453
327,4454,Sebastian Verrill,United States,Regis,122,5,regional,Regional Fort Wayne IN,United States,Desconocido,2023,2023-04-01,standard_2022,0,327_4454
327,364,Alex Schemanske,United States,Palkia Inteleon,123,602,regional,Regional Fort Wayne IN,United States,Desconocido,2023,2023-04-01,standard_2022,0,327_364
327,758,Marshall Makowski,United States,Vikavolt,124,20,regional,Regional Fort Wayne IN,United States,Desconocido,2023,2023-04-01,standard_2022,0,327_758
327,4455,Michael O'Donnell,United States,Lugia Archeops,125,5,regional,Regional Fort Wayne IN,United States,Desconocido,2023,2023-04-01,standard_2022,0,327_4455
327,4456,Nick Wiedeman,United States,Lugia Archeops,126,5,regional,Regional Fort Wayne IN,United States,Desconocido,2023,2023-04-01,standard_2022,0,327_4456
327,872,Mark Dizon,Canada,Arceus Vulpix,127,51,regional,Regional Fort Wayne IN,United States,Desconocido,2023,2023-04-01,standard_2022,0,327_872
349,138,Brent Tonisson,Australia,LZ Rayquaza Box,1,449,regional,Regional Sydney,Australia,AS-OC,2023,2023-04-01,standard_2022,1,349_138
349,2125,Jeremy Lim,Australia,Lost Zone Box,2,58,regional,Regional Sydney,Australia,AS-OC,2023,2023-04-01,standard_2022,1,349_2125
349,205,Angus Johnson,Australia,Lost Zone Box,3,96,regional,Regional Sydney,Australia,AS-OC,2023,2023-04-01,standard_2022,1,349_205
349,4234,Courtney Fox,Australia,Lugia Archeops,4,24,regional,Regional Sydney,Australia,AS-OC,2023,2023-04-01,standard_2022,1,349_4234
349,1088,Matthew Burris,Australia,LZ Rayquaza Box,5,146,regional,Regional Sydney,Australia,AS-OC,2023,2023-04-01,standard_2022,1,349_1088
349,3701,Jeremy Evans,Australia,Lugia Archeops,6,48,regional,Regional Sydney,Australia,AS-OC,2023,2023-04-01,standard_2022,1,349_3701
349,1023,James Williams,Australia,Arceus Duraludon,7,81,regional,Regional Sydney,Australia,AS-OC,2023,2023-04-01,standard_2022,1,349_1023
349,300,Shane Quinn,Australia,Vikavolt,8,56,regional,Regional Sydney,Australia,AS-OC,2023,2023-04-01,standard_2022,1,349_300
349,1368,Natalie Millar,Australia,Mew Genesect,9,254,regional,Regional Sydney,Australia,AS-OC,2023,2023-04-01,standard_2022,0,349_1368
349,4457,Keegan Burt,Australia,Mew Genesect,10,8,regional,Regional Sydney,Australia,AS-OC,2023,2023-04-01,standard_2022,0,349_4457
349,4458,Harrison Hodges,Australia,Arceus Duraludon,11,8,regional,Regional Sydney,Australia,AS-OC,2023,2023-04-01,standard_2022,0,349_4458
349,4459,Tom Bourke,Australia,Regis,12,8,regional,Regional Sydney,Australia,AS-OC,2023,2023-04-01,standard_2022,0,349_4459
349,4460,Stefan Cocks,Australia,Lugia Archeops,13,8,regional,Regional Sydney,Australia,AS-OC,2023,2023-04-01,standard_2022,0,349_4460
349,4461,Ruben Cortez,Australia,Lugia Archeops,14,8,regional,Regional Sydney,Australia,AS-OC,2023,2023-04-01,standard_2022,0,349_4461
349,4462,Kelvin Nguyen,Australia,Mew Genesect,15,8,regional,Regional Sydney,Australia,AS-OC,2023,2023-04-01,standard_2022,0,349_4462
349,139,Sameer Sangwan,Australia,Lugia Archeops,16,79,regional,Regional Sydney,Australia,AS-OC,2023,2023-04-01,standard_2022,0,349_139
349,4463,Chen Junhan,Australia,Vikavolt,17,6,regional,Regional Sydney,Australia,AS-OC,2023,2023-04-01,standard_2022,0,349_4463
349,4464,Miguel Angelo Villar,Australia,Mew Genesect,18,6,regional,Regional Sydney,Australia,AS-OC,2023,2023-04-01,standard_2022,0,349_4464
349,4465,Geoff Woodhead,New Zealand,Lugia Archeops,19,6,regional,Regional Sydney,Australia,AS-OC,2023,2023-04-01,standard_2022,0,349_4465
349,4466,Mathew Masefield,Australia,Lost Zone Box,20,6,regional,Regional Sydney,Australia,AS-OC,2023,2023-04-01,standard_2022,0,349_4466
349,4467,Christian Delloiaco,Australia,Mew Genesect,21,6,regional,Regional Sydney,Australia,AS-OC,2023,2023-04-01,standard_2022,0,349_4467
349,3453,Hayden Matthews,Australia,Fusion Mew,22,12,regional,Regional Sydney,Australia,AS-OC,2023,2023-04-01,standard_2022,0,349_3453
349,2646,Shang Jun Chua,Australia,Goodra LZ Box,23,21,regional,Regional Sydney,Australia,AS-OC,2023,2023-04-01,standard_2022,0,349_2646
349,4233,Kai Chung,Australia,Arceus Duraludon,24,15,regional,Regional Sydney,Australia,AS-OC,2023,2023-04-01,standard_2022,0,349_4233
349,4230,Mia Fountain,Australia,Mew Genesect,25,18,regional,Regional Sydney,Australia,AS-OC,2023,2023-04-01,standard_2022,0,349_4230
349,4468,Vignesh Krishnan,Australia,Mew Genesect,26,6,regional,Regional Sydney,Australia,AS-OC,2023,2023-04-01,standard_2022,0,349_4468
349,4469,Billy Nguyen,Australia,Lugia Archeops,27,6,regional,Regional Sydney,Australia,AS-OC,2023,2023-04-01,standard_2022,0,349_4469
349,4470,Keller Huang,Australia,Goodra LZ Box,28,6,regional,Regional Sydney,Australia,AS-OC,2023,2023-04-01,standard_2022,0,349_4470
349,1085,Tait Tran,Australia,LZ Rayquaza Box,29,29,regional,Regional Sydney,Australia,AS-OC,2023,2023-04-01,standard_2022,0,349_1085
349,1567,Scott Langford,Australia,Lugia Archeops,30,13,regional,Regional Sydney,Australia,AS-OC,2023,2023-04-01,standard_2022,0,349_1567
349,4471,Max McInnis,Australia,Regis,31,6,regional,Regional Sydney,Australia,AS-OC,2023,2023-04-01,standard_2022,0,349_4471
349,301,Jack Underwood,Australia,Lost Box Charizard,32,59,regional,Regional Sydney,Australia,AS-OC,2023,2023-04-01,standard_2022,0,349_301
326,2770,Aidan Khus,United States,Eternatus Weezing,1,180,regional,Regional Charlotte NC,United States,Desconocido,2023,2023-03-25,standard_2022,1,326_2770
326,712,Charlie Kerr,United States,Regis,2,151,regional,Regional Charlotte NC,United States,Desconocido,2023,2023-03-25,standard_2022,1,326_712
326,141,Justin Bokhari,United States,Lost Zone Box,3,455,regional,Regional Charlotte NC,United States,Desconocido,2023,2023-03-25,standard_2022,1,326_141
326,1770,Noah Peltier,United States,Vikavolt,4,59,regional,Regional Charlotte NC,United States,Desconocido,2023,2023-03-25,standard_2022,1,326_1770
326,2532,Rowan Stavenow,Canada,Mew Genesect,5,195,regional,Regional Charlotte NC,United States,Desconocido,2023,2023-03-25,standard_2022,1,326_2532
326,3602,Julio Santos De Leon,Puerto Rico,Lugia Archeops,6,35,regional,Regional Charlotte NC,United States,Desconocido,2023,2023-03-25,standard_2022,1,326_3602
326,4198,Michael Battaglia,Canada,Lugia Archeops,7,23,regional,Regional Charlotte NC,United States,Desconocido,2023,2023-03-25,standard_2022,1,326_4198
326,2812,Jose Marzan,Puerto Rico,Eternatus Weezing,8,87,regional,Regional Charlotte NC,United States,Desconocido,2023,2023-03-25,standard_2022,1,326_2812
326,18,Jesper Eriksen,Denmark,Arceus Duraludon,9,148,regional,Regional Charlotte NC,United States,Desconocido,2023,2023-03-25,standard_2022,0,326_18
326,1208,Anthony Alvarez,United States,Lugia Archeops,10,42,regional,Regional Charlotte NC,United States,Desconocido,2023,2023-03-25,standard_2022,0,326_1208
326,2838,Alexander Pineda,United States,Mew Genesect,11,42,regional,Regional Charlotte NC,United States,Desconocido,2023,2023-03-25,standard_2022,0,326_2838
326,850,Justin Lambert,United States,Mew Genesect,12,46,regional,Regional Charlotte NC,United States,Desconocido,2023,2023-03-25,standard_2022,0,326_850
326,4036,Jacob Eye,United States,Lost Zone Box,13,40,regional,Regional Charlotte NC,United States,Desconocido,2023,2023-03-25,standard_2022,0,326_4036
326,4379,Joseph Feliciano Garcia,United States,Lugia Archeops,14,12,regional,Regional Charlotte NC,United States,Desconocido,2023,2023-03-25,standard_2022,0,326_4379
326,472,Byron Isaiah Williams,United States,Lost Zone Box,15,359,regional,Regional Charlotte NC,United States,Desconocido,2023,2023-03-25,standard_2022,0,326_472
326,2628,Calvin Connor,United States,Mew Genesect,16,260,regional,Regional Charlotte NC,United States,Desconocido,2023,2023-03-25,standard_2022,0,326_2628
326,149,Jose Marrero,United States,Arceus Duraludon,17,359,regional,Regional Charlotte NC,United States,Desconocido,2023,2023-03-25,standard_2022,0,326_149
326,547,Steven Varesko,United States,Lugia Archeops,18,74,regional,Regional Charlotte NC,United States,Desconocido,2023,2023-03-25,standard_2022,0,326_547
326,4380,Guy Bennett,United States,Lugia Archeops,19,18,regional,Regional Charlotte NC,United States,Desconocido,2023,2023-03-25,standard_2022,0,326_4380
326,2875,Andrew Hedrick,United States,Lugia Archeops,20,222,regional,Regional Charlotte NC,United States,Desconocido,2023,2023-03-25,standard_2022,0,326_2875
326,2420,Alex Hamilton,United States,Lugia Archeops,21,71,regional,Regional Charlotte NC,United States,Desconocido,2023,2023-03-25,standard_2022,0,326_2420
326,1390,Benjamin Ferrel,Chile,Lugia Archeops,22,117,regional,Regional Charlotte NC,United States,Desconocido,2023,2023-03-25,standard_2022,0,326_1390
326,334,Daniel Altavilla,United States,Lost Zone Box,23,637,regional,Regional Charlotte NC,United States,Desconocido,2023,2023-03-25,standard_2022,0,326_334
326,1228,Jerrick Gumila,United States,Arceus Duraludon,24,49,regional,Regional Charlotte NC,United States,Desconocido,2023,2023-03-25,standard_2022,0,326_1228
326,3723,Grant Shen,United States,Arceus Duraludon,25,197,regional,Regional Charlotte NC,United States,Desconocido,2023,2023-03-25,standard_2022,0,326_3723
326,1134,Grant Hays,United States,Arceus Duraludon,26,124,regional,Regional Charlotte NC,United States,Desconocido,2023,2023-03-25,standard_2022,0,326_1134
326,691,Brandon Salazar,United States,Eternatus Weezing,27,156,regional,Regional Charlotte NC,United States,Desconocido,2023,2023-03-25,standard_2022,0,326_691
326,2551,Nicholas Hacquebord,United States,Mew Genesect,28,42,regional,Regional Charlotte NC,United States,Desconocido,2023,2023-03-25,standard_2022,0,326_2551
326,466,Jonathan Soto,United States,Kyurem Palkia,29,35,regional,Regional Charlotte NC,United States,Desconocido,2023,2023-03-25,standard_2022,0,326_466
326,2637,Jacob Peltier,United States,Goodra LZ Box,30,27,regional,Regional Charlotte NC,United States,Desconocido,2023,2023-03-25,standard_2022,0,326_2637
326,1050,Jalen Jones,United States,LZ Rayquaza Box,31,32,regional,Regional Charlotte NC,United States,Desconocido,2023,2023-03-25,standard_2022,0,326_1050
326,678,Gibson Archer-Tang,United States,Articuno Inteleon,32,123,regional,Regional Charlotte NC,United States,Desconocido,2023,2023-03-25,standard_2022,0,326_678
326,3768,Christian Tuomi,Finland,Mew Genesect,33,50,regional,Regional Charlotte NC,United States,Desconocido,2023,2023-03-25,standard_2022,0,326_3768
326,909,Ryan Antonucci,United States,Mew Genesect,34,192,regional,Regional Charlotte NC,United States,Desconocido,2023,2023-03-25,standard_2022,0,326_909
326,3086,Vaughn O'Brien,United States,Mew Genesect,35,69,regional,Regional Charlotte NC,United States,Desconocido,2023,2023-03-25,standard_2022,0,326_3086
326,2837,Maximino Mendez,United States,Lugia Archeops,36,20,regional,Regional Charlotte NC,United States,Desconocido,2023,2023-03-25,standard_2022,0,326_2837
326,3560,Andrew Weiss,United States,Lugia Archeops,37,50,regional,Regional Charlotte NC,United States,Desconocido,2023,2023-03-25,standard_2022,0,326_3560
326,167,Pablo Meza,Mexico,LZ Rayquaza Box,38,424,regional,Regional Charlotte NC,United States,Desconocido,2023,2023-03-25,standard_2022,0,326_167
326,449,Noah Sawyer,United States,Lugia Archeops,39,166,regional,Regional Charlotte NC,United States,Desconocido,2023,2023-03-25,standard_2022,0,326_449
326,3959,Carlos Medina Astete,Peru,Regis,40,65,regional,Regional Charlotte NC,United States,Desconocido,2023,2023-03-25,standard_2022,0,326_3959
326,153,Azul Garcia Griego,United States,Lost Zone Box,41,943,regional,Regional Charlotte NC,United States,Desconocido,2023,2023-03-25,standard_2022,0,326_153
326,4067,Maxwell Johnson,United States,Goodra LZ Box,42,46,regional,Regional Charlotte NC,United States,Desconocido,2023,2023-03-25,standard_2022,0,326_4067
326,2898,Regan Retzloff,United States,Arceus Duraludon,43,210,regional,Regional Charlotte NC,United States,Desconocido,2023,2023-03-25,standard_2022,0,326_2898
326,4285,Terry Herron,United States,Lugia Archeops,44,12,regional,Regional Charlotte NC,United States,Desconocido,2023,2023-03-25,standard_2022,0,326_4285
326,364,Alex Schemanske,United States,Articuno Inteleon,45,602,regional,Regional Charlotte NC,United States,Desconocido,2023,2023-03-25,standard_2022,0,326_364
326,4381,Michael Messina,United States,Lugia Archeops,46,12,regional,Regional Charlotte NC,United States,Desconocido,2023,2023-03-25,standard_2022,0,326_4381
326,3859,Jonathan Valenzuela,United States,Goodra LZ Box,47,27,regional,Regional Charlotte NC,United States,Desconocido,2023,2023-03-25,standard_2022,0,326_3859
326,4382,Corey Mesimer,United States,Mew Genesect,48,7,regional,Regional Charlotte NC,United States,Desconocido,2023,2023-03-25,standard_2022,0,326_4382
326,4383,Matthew Hammond,United States,Regis,49,10,regional,Regional Charlotte NC,United States,Desconocido,2023,2023-03-25,standard_2022,0,326_4383
326,3737,Andrew Wisniewsky,United States,Yveltal Control,50,26,regional,Regional Charlotte NC,United States,Desconocido,2023,2023-03-25,standard_2022,0,326_3737
326,1212,Eddie North,United States,LZ Rayquaza Box,51,49,regional,Regional Charlotte NC,United States,Desconocido,2023,2023-03-25,standard_2022,0,326_1212
326,4384,Zach Robinson,United States,Lugia Archeops,52,12,regional,Regional Charlotte NC,United States,Desconocido,2023,2023-03-25,standard_2022,0,326_4384
326,4385,Brandon Dean,United States,Palkia Inteleon,53,12,regional,Regional Charlotte NC,United States,Desconocido,2023,2023-03-25,standard_2022,0,326_4385
326,2533,Raymond Long,Canada,Mew Genesect,54,138,regional,Regional Charlotte NC,United States,Desconocido,2023,2023-03-25,standard_2022,0,326_2533
326,135,Israel Sosa,United States,Eternatus Weezing,55,198,regional,Regional Charlotte NC,United States,Desconocido,2023,2023-03-25,standard_2022,0,326_135
326,4386,Andrew DaSilva,United States,Goodra LZ Box,56,7,regional,Regional Charlotte NC,United States,Desconocido,2023,2023-03-25,standard_2022,0,326_4386
326,4010,Mustafa Tobah,United States,Lugia Archeops,57,12,regional,Regional Charlotte NC,United States,Desconocido,2023,2023-03-25,standard_2022,0,326_4010
326,703,Eric Smith,United States,Lugia Archeops,58,99,regional,Regional Charlotte NC,United States,Desconocido,2023,2023-03-25,standard_2022,0,326_703
326,4387,Alex Marmon,United States,Arceus Duraludon,59,7,regional,Regional Charlotte NC,United States,Desconocido,2023,2023-03-25,standard_2022,0,326_4387
326,1014,James Washer,United States,Arceus Duraludon,60,38,regional,Regional Charlotte NC,United States,Desconocido,2023,2023-03-25,standard_2022,0,326_1014
326,4388,Bradley Wantz,United States,Arceus Duraludon,61,7,regional,Regional Charlotte NC,United States,Desconocido,2023,2023-03-25,standard_2022,0,326_4388
326,3720,Anthony Kelly,United States,Mew Genesect,62,20,regional,Regional Charlotte NC,United States,Desconocido,2023,2023-03-25,standard_2022,0,326_3720
326,394,Zakwani Clay,United States,Lugia Archeops,63,24,regional,Regional Charlotte NC,United States,Desconocido,2023,2023-03-25,standard_2022,0,326_394
326,4219,Maddox Corcoran,United States,Mew Genesect,64,20,regional,Regional Charlotte NC,United States,Desconocido,2023,2023-03-25,standard_2022,0,326_4219
326,1785,Joe Turrentine,United States,Mew Genesect,65,58,regional,Regional Charlotte NC,United States,Desconocido,2023,2023-03-25,standard_2022,0,326_1785
326,3626,Sammy Allen,United States,Lugia Archeops,66,21,regional,Regional Charlotte NC,United States,Desconocido,2023,2023-03-25,standard_2022,0,326_3626
326,1693,Evan Campbell,United States,Mew Genesect,67,66,regional,Regional Charlotte NC,United States,Desconocido,2023,2023-03-25,standard_2022,0,326_1693
326,483,Nathan Brower,United States,Lugia Archeops,68,96,regional,Regional Charlotte NC,United States,Desconocido,2023,2023-03-25,standard_2022,0,326_483
326,2760,Jake Pilch,United States,Lugia Archeops,69,34,regional,Regional Charlotte NC,United States,Desconocido,2023,2023-03-25,standard_2022,0,326_2760
326,1053,Josh Marking,United States,Arceus Duraludon,70,24,regional,Regional Charlotte NC,United States,Desconocido,2023,2023-03-25,standard_2022,0,326_1053
326,2354,Dalten Cross,United States,Lugia Archeops,71,51,regional,Regional Charlotte NC,United States,Desconocido,2023,2023-03-25,standard_2022,0,326_2354
326,3169,Patrick Birleffi,United States,Vikavolt,72,19,regional,Regional Charlotte NC,United States,Desconocido,2023,2023-03-25,standard_2022,0,326_3169
326,4389,Alexander Dokuchaev,United States,Lugia Archeops,73,5,regional,Regional Charlotte NC,United States,Desconocido,2023,2023-03-25,standard_2022,0,326_4389
326,4390,Richard Freire,United States,Lugia Archeops,74,5,regional,Regional Charlotte NC,United States,Desconocido,2023,2023-03-25,standard_2022,0,326_4390
326,2044,Ben Dobberstein,United States,Flaaffy Box,75,30,regional,Regional Charlotte NC,United States,Desconocido,2023,2023-03-25,standard_2022,0,326_2044
326,898,Sam Liggett,United States,Mew Genesect,76,63,regional,Regional Charlotte NC,United States,Desconocido,2023,2023-03-25,standard_2022,0,326_898
326,4199,Clayton May,United States,Mew Genesect,77,10,regional,Regional Charlotte NC,United States,Desconocido,2023,2023-03-25,standard_2022,0,326_4199
326,3670,Christian LaBella,Canada,Mew Genesect,78,127,regional,Regional Charlotte NC,United States,Desconocido,2023,2023-03-25,standard_2022,0,326_3670
326,348,Ciaran Farah,Canada,Lugia Archeops,79,185,regional,Regional Charlotte NC,United States,Desconocido,2023,2023-03-25,standard_2022,0,326_348
326,4038,Nathan Stratford,United States,Regis,80,75,regional,Regional Charlotte NC,United States,Desconocido,2023,2023-03-25,standard_2022,0,326_4038
326,3997,Garrett Williamson,United States,Mew Genesect,81,15,regional,Regional Charlotte NC,United States,Desconocido,2023,2023-03-25,standard_2022,0,326_3997
326,322,Grant Manley,United States,Lost Zone Box,82,535,regional,Regional Charlotte NC,United States,Desconocido,2023,2023-03-25,standard_2022,0,326_322
326,4391,Evan Lee,United States,Lugia Archeops,83,5,regional,Regional Charlotte NC,United States,Desconocido,2023,2023-03-25,standard_2022,0,326_4391
326,4392,Siming Qian,United States,Regis,84,5,regional,Regional Charlotte NC,United States,Desconocido,2023,2023-03-25,standard_2022,0,326_4392
326,3633,Stephen Richardson,United States,Flaaffy Box,85,15,regional,Regional Charlotte NC,United States,Desconocido,2023,2023-03-25,standard_2022,0,326_3633
326,2287,Diane Schemanske,United States,Arceus Duraludon,86,10,regional,Regional Charlotte NC,United States,Desconocido,2023,2023-03-25,standard_2022,0,326_2287
326,4039,Russell Monteiro,United States,Regis,87,12,regional,Regional Charlotte NC,United States,Desconocido,2023,2023-03-25,standard_2022,0,326_4039
326,3284,Tyson Blatter,United States,LZ Rayquaza Box,88,32,regional,Regional Charlotte NC,United States,Desconocido,2023,2023-03-25,standard_2022,0,326_3284
326,1646,Anthony Bruno,United States,Zoroark Box,89,63,regional,Regional Charlotte NC,United States,Desconocido,2023,2023-03-25,standard_2022,0,326_1646
326,3740,Tanner Caplinger,United States,Regis,90,22,regional,Regional Charlotte NC,United States,Desconocido,2023,2023-03-25,standard_2022,0,326_3740
326,3764,Victor Agrinsoni,United States,Lugia Archeops,91,10,regional,Regional Charlotte NC,United States,Desconocido,2023,2023-03-25,standard_2022,0,326_3764
326,4393,Cole Lewis,United States,Lost Zone Box,92,5,regional,Regional Charlotte NC,United States,Desconocido,2023,2023-03-25,standard_2022,0,326_4393
326,2537,Luke Smith,United States,Fusion Mew,93,67,regional,Regional Charlotte NC,United States,Desconocido,2023,2023-03-25,standard_2022,0,326_2537
326,4394,Andrew Wu,United States,Lost Zone Box,94,10,regional,Regional Charlotte NC,United States,Desconocido,2023,2023-03-25,standard_2022,0,326_4394
326,2132,Tanner Detlef,United States,Mew Genesect,95,13,regional,Regional Charlotte NC,United States,Desconocido,2023,2023-03-25,standard_2022,0,326_2132
326,4395,Jacob Smith,United States,Arceus Flying Pikachu,96,5,regional,Regional Charlotte NC,United States,Desconocido,2023,2023-03-25,standard_2022,0,326_4395
326,4396,Kasia Dobrzycka,United States,Lugia Archeops,97,5,regional,Regional Charlotte NC,United States,Desconocido,2023,2023-03-25,standard_2022,0,326_4396
326,4397,Loc Nguyen,United States,Vikavolt,98,35,regional,Regional Charlotte NC,United States,Desconocido,2023,2023-03-25,standard_2022,0,326_4397
326,4398,Xavier Green,United States,LZ Reshiram Box,99,5,regional,Regional Charlotte NC,United States,Desconocido,2023,2023-03-25,standard_2022,0,326_4398
326,3181,Christian Fontenot,Denmark,Regis,100,77,regional,Regional Charlotte NC,United States,Desconocido,2023,2023-03-25,standard_2022,0,326_3181
326,4399,Adinson Hiraldo,United States,Eternatus Weezing,101,15,regional,Regional Charlotte NC,United States,Desconocido,2023,2023-03-25,standard_2022,0,326_4399
326,4400,Andrew Riffe,United States,Lugia Archeops,102,5,regional,Regional Charlotte NC,United States,Desconocido,2023,2023-03-25,standard_2022,0,326_4400
326,4401,Joshua Reedy,United States,Vikavolt Regieleki,103,5,regional,Regional Charlotte NC,United States,Desconocido,2023,2023-03-25,standard_2022,0,326_4401
326,376,James Hart,United States,Lugia Archeops,104,70,regional,Regional Charlotte NC,United States,Desconocido,2023,2023-03-25,standard_2022,0,326_376
326,2626,Noah Sakadjian,United States,Lugia Archeops,105,57,regional,Regional Charlotte NC,United States,Desconocido,2023,2023-03-25,standard_2022,0,326_2626
326,4402,Zachary Smart,United States,Lugia Archeops,106,5,regional,Regional Charlotte NC,United States,Desconocido,2023,2023-03-25,standard_2022,0,326_4402
326,4403,Rowan Willeke,United States,Regis,107,5,regional,Regional Charlotte NC,United States,Desconocido,2023,2023-03-25,standard_2022,0,326_4403
326,339,David Cooper,United States,Lugia Archeops,108,46,regional,Regional Charlotte NC,United States,Desconocido,2023,2023-03-25,standard_2022,0,326_339
326,4214,Tony Hoang,United States,Regis,109,8,regional,Regional Charlotte NC,United States,Desconocido,2023,2023-03-25,standard_2022,0,326_4214
326,4226,Bradley Erickson,United States,Regis,110,18,regional,Regional Charlotte NC,United States,Desconocido,2023,2023-03-25,standard_2022,0,326_4226
326,4222,Patrick Vargas,United States,Goodra LZ Box,111,8,regional,Regional Charlotte NC,United States,Desconocido,2023,2023-03-25,standard_2022,0,326_4222
326,4404,Bradley Dalton,United States,Flaaffy Box,112,5,regional,Regional Charlotte NC,United States,Desconocido,2023,2023-03-25,standard_2022,0,326_4404
326,4405,Ross Carpenter,United States,Lugia Archeops,113,5,regional,Regional Charlotte NC,United States,Desconocido,2023,2023-03-25,standard_2022,0,326_4405
326,4406,Abery Ohayon,United States,Lugia Archeops,114,12,regional,Regional Charlotte NC,United States,Desconocido,2023,2023-03-25,standard_2022,0,326_4406
326,1781,Drew Cate,United States,Arceus Duraludon,115,125,regional,Regional Charlotte NC,United States,Desconocido,2023,2023-03-25,standard_2022,0,326_1781
326,887,Nixon Cedillos,United States,Lugia Archeops,116,45,regional,Regional Charlotte NC,United States,Desconocido,2023,2023-03-25,standard_2022,0,326_887
326,4007,Thomas Brown,United States,Mew Genesect,117,10,regional,Regional Charlotte NC,United States,Desconocido,2023,2023-03-25,standard_2022,0,326_4007
326,4407,Ian Morgan,United States,Regis,118,5,regional,Regional Charlotte NC,United States,Desconocido,2023,2023-03-25,standard_2022,0,326_4407
326,4207,Trevor Bales,United States,Arceus Charizard,119,15,regional,Regional Charlotte NC,United States,Desconocido,2023,2023-03-25,standard_2022,0,326_4207
326,411,Jonathan Crespo,United States,Goodra LZ Box,120,36,regional,Regional Charlotte NC,United States,Desconocido,2023,2023-03-25,standard_2022,0,326_411
326,2021,Alex Cole,United States,Vikavolt,121,46,regional,Regional Charlotte NC,United States,Desconocido,2023,2023-03-25,standard_2022,0,326_2021
326,4408,Alexander Camilleri,United States,Arceus Duraludon,122,5,regional,Regional Charlotte NC,United States,Desconocido,2023,2023-03-25,standard_2022,0,326_4408
326,326,Tristan Macek,United States,Lugia Archeops,123,104,regional,Regional Charlotte NC,United States,Desconocido,2023,2023-03-25,standard_2022,0,326_326
326,4409,Gabriel Perez,Puerto Rico,Lugia Archeops,124,15,regional,Regional Charlotte NC,United States,Desconocido,2023,2023-03-25,standard_2022,0,326_4409
326,4410,Dustin Hayes,United States,Goodra LZ Box,125,5,regional,Regional Charlotte NC,United States,Desconocido,2023,2023-03-25,standard_2022,0,326_4410
358,649,William Azevedo,Brazil,Lugia Archeops,1,299,regional,Regional Natal,Brazil,SA,2023,2023-03-11,standard_2022,1,358_649
358,230,Diego Cassiraga,Argentina,Lugia Archeops,2,317,regional,Regional Natal,Brazil,SA,2023,2023-03-11,standard_2022,1,358_230
358,3696,Yerco Valencia,Chile,Lugia Archeops,3,125,regional,Regional Natal,Brazil,SA,2023,2023-03-11,standard_2022,1,358_3696
358,229,Ian Anderson Fukuda,Brazil,Lugia Archeops,4,127,regional,Regional Natal,Brazil,SA,2023,2023-03-11,standard_2022,1,358_229
358,3563,Felipe Urias,Brazil,Lost Zone Box,5,29,regional,Regional Natal,Brazil,SA,2023,2023-03-11,standard_2022,1,358_3563
358,208,Otavio Gouveia,Brazil,Lugia Archeops,6,256,regional,Regional Natal,Brazil,SA,2023,2023-03-11,standard_2022,1,358_208
358,3522,Ariel Oliveira,Brazil,Goodra LZ Box,7,44,regional,Regional Natal,Brazil,SA,2023,2023-03-11,standard_2022,1,358_3522
358,3954,Esteban O’Compley,Chile,Lugia Archeops,8,25,regional,Regional Natal,Brazil,SA,2023,2023-03-11,standard_2022,1,358_3954
358,209,Rafael Yuiti,Brazil,Lugia Archeops,9,97,regional,Regional Natal,Brazil,SA,2023,2023-03-11,standard_2022,0,358_209
358,4337,Jorge da Silva Vieira,Brazil,Arceus Duraludon,10,8,regional,Regional Natal,Brazil,SA,2023,2023-03-11,standard_2022,0,358_4337
358,4338,Pedro Façanha,Brazil,Arceus Duraludon,11,8,regional,Regional Natal,Brazil,SA,2023,2023-03-11,standard_2022,0,358_4338
358,3960,Heitor Duperron,Brazil,Lugia Archeops,12,21,regional,Regional Natal,Brazil,SA,2023,2023-03-11,standard_2022,0,358_3960
358,1755,Nicolas Magliulo,Argentina,Goodra LZ Box,13,27,regional,Regional Natal,Brazil,SA,2023,2023-03-11,standard_2022,0,358_1755
358,4339,Joao Gabriel Neves,Brazil,Lugia Archeops,14,8,regional,Regional Natal,Brazil,SA,2023,2023-03-11,standard_2022,0,358_4339
358,3209,Murilo Mercadante,Brazil,LZ Rayquaza Box,15,38,regional,Regional Natal,Brazil,SA,2023,2023-03-11,standard_2022,0,358_3209
358,1282,Paulo Gouveia de Freitas,Brazil,Lugia Archeops,16,81,regional,Regional Natal,Brazil,SA,2023,2023-03-11,standard_2022,0,358_1282
358,152,Gabriel Pino Semedo,Brazil,Vikavolt,17,130,regional,Regional Natal,Brazil,SA,2023,2023-03-11,standard_2022,0,358_152
358,1679,Lucas Matheus,Brazil,Mew Genesect,18,79,regional,Regional Natal,Brazil,SA,2023,2023-03-11,standard_2022,0,358_1679
358,3959,Carlos Medina Astete,Peru,Regis,19,65,regional,Regional Natal,Brazil,SA,2023,2023-03-11,standard_2022,0,358_3959
358,1241,Alexis Hormazabal,Chile,Lost Zone Box,20,59,regional,Regional Natal,Brazil,SA,2023,2023-03-11,standard_2022,0,358_1241
358,4340,Luiz Claudio Rios Pecoraro Junior,Brazil,Regis,21,6,regional,Regional Natal,Brazil,SA,2023,2023-03-11,standard_2022,0,358_4340
358,165,Gustavo Wada,Brazil,Lugia Archeops,22,766,regional,Regional Natal,Brazil,SA,2023,2023-03-11,standard_2022,0,358_165
358,1309,Ghabriel Rodrigues,Brazil,Mew Genesect,23,10,regional,Regional Natal,Brazil,SA,2023,2023-03-11,standard_2022,0,358_1309
358,4341,Matheus Vale,Brazil,Mew Genesect,24,6,regional,Regional Natal,Brazil,SA,2023,2023-03-11,standard_2022,0,358_4341
358,651,Dalton Acchetta,Brazil,Regis,25,161,regional,Regional Natal,Brazil,SA,2023,2023-03-11,standard_2022,0,358_651
358,3782,Raissa Arruda,Brazil,Mew Genesect,26,24,regional,Regional Natal,Brazil,SA,2023,2023-03-11,standard_2022,0,358_3782
358,3216,Paulo Anderson Lopes,Brazil,Lugia Archeops,27,30,regional,Regional Natal,Brazil,SA,2023,2023-03-11,standard_2022,0,358_3216
358,4342,Vinícius Vilaça,Brazil,LZ Rayquaza Box,28,16,regional,Regional Natal,Brazil,SA,2023,2023-03-11,standard_2022,0,358_4342
358,1148,Fabrizio Inga Silva,Peru,Fusion Mew,29,158,regional,Regional Natal,Brazil,SA,2023,2023-03-11,standard_2022,0,358_1148
358,4343,João Vitor Rossi Valerio,Brazil,Lugia Archeops,30,6,regional,Regional Natal,Brazil,SA,2023,2023-03-11,standard_2022,0,358_4343
358,4344,Arthur Jorge,Brazil,Lugia Archeops,31,6,regional,Regional Natal,Brazil,SA,2023,2023-03-11,standard_2022,0,358_4344
358,4345,Juliana Alves Marques,Brazil,Arceus Flying Pikachu,32,18,regional,Regional Natal,Brazil,SA,2023,2023-03-11,standard_2022,0,358_4345
325,864,Ian Robb,United States,Lugia Archeops,1,512,regional,Regional Vancouver BC,Canada,Desconocido,2023,2023-03-11,standard_2022,1,325_864
325,3666,Cobi Kawasaki,United States,Goodra LZ Box,2,44,regional,Regional Vancouver BC,Canada,Desconocido,2023,2023-03-11,standard_2022,1,325_3666
325,196,Zach Lesage,Canada,Arceus Duraludon,3,387,regional,Regional Vancouver BC,Canada,Desconocido,2023,2023-03-11,standard_2022,1,325_196
325,3618,Daniel Zhou,Canada,Lugia Archeops,4,60,regional,Regional Vancouver BC,Canada,Desconocido,2023,2023-03-11,standard_2022,1,325_3618
325,389,Stefan Tabaco,United States,Lugia Archeops,5,99,regional,Regional Vancouver BC,Canada,Desconocido,2023,2023-03-11,standard_2022,1,325_389
325,780,Corey Godfrey,United States,Lugia Archeops,6,61,regional,Regional Vancouver BC,Canada,Desconocido,2023,2023-03-11,standard_2022,1,325_780
325,2354,Dalten Cross,United States,Lugia Archeops,7,51,regional,Regional Vancouver BC,Canada,Desconocido,2023,2023-03-11,standard_2022,1,325_2354
325,348,Ciaran Farah,Canada,Lugia Archeops,8,185,regional,Regional Vancouver BC,Canada,Desconocido,2023,2023-03-11,standard_2022,1,325_348
325,953,Cameron Shenoy,United States,Vikavolt,9,101,regional,Regional Vancouver BC,Canada,Desconocido,2023,2023-03-11,standard_2022,0,325_953
325,2122,Gabriel Smart,United States,Mew Genesect,10,223,regional,Regional Vancouver BC,Canada,Desconocido,2023,2023-03-11,standard_2022,0,325_2122
325,3468,Sim Mortimer,United States,Goodra LZ Box,11,27,regional,Regional Vancouver BC,Canada,Desconocido,2023,2023-03-11,standard_2022,0,325_3468
325,2407,Cameron Kawasaki,United States,Lugia Archeops,12,44,regional,Regional Vancouver BC,Canada,Desconocido,2023,2023-03-11,standard_2022,0,325_2407
325,1859,Le Bui,United States,Arceus Duraludon,13,91,regional,Regional Vancouver BC,Canada,Desconocido,2023,2023-03-11,standard_2022,0,325_1859
325,1134,Grant Hays,United States,Mew Genesect,14,124,regional,Regional Vancouver BC,Canada,Desconocido,2023,2023-03-11,standard_2022,0,325_1134
325,4325,Jack Pitcher,Canada,Lost Zone Box,15,20,regional,Regional Vancouver BC,Canada,Desconocido,2023,2023-03-11,standard_2022,0,325_4325
325,733,Isaiah Cheville,United States,Lugia Archeops,16,73,regional,Regional Vancouver BC,Canada,Desconocido,2023,2023-03-11,standard_2022,0,325_733
325,4291,Justin Romero,United States,Lugia Archeops,17,13,regional,Regional Vancouver BC,Canada,Desconocido,2023,2023-03-11,standard_2022,0,325_4291
325,317,Andrew Mahone,United States,Mew Genesect,18,305,regional,Regional Vancouver BC,Canada,Desconocido,2023,2023-03-11,standard_2022,0,325_317
325,2340,Lucas Xing,Canada,Regis,19,77,regional,Regional Vancouver BC,Canada,Desconocido,2023,2023-03-11,standard_2022,0,325_2340
325,328,Caleb Gedemer,United States,Lugia Archeops,20,599,regional,Regional Vancouver BC,Canada,Desconocido,2023,2023-03-11,standard_2022,0,325_328
325,141,Justin Bokhari,United States,Lugia Archeops,21,455,regional,Regional Vancouver BC,Canada,Desconocido,2023,2023-03-11,standard_2022,0,325_141
325,2623,Jackson Ford,Canada,Arceus Flying Pikachu,22,31,regional,Regional Vancouver BC,Canada,Desconocido,2023,2023-03-11,standard_2022,0,325_2623
325,590,Aaron Rozbicki,Canada,Lugia Archeops,23,35,regional,Regional Vancouver BC,Canada,Desconocido,2023,2023-03-11,standard_2022,0,325_590
325,549,Simon Trottier-Lacasse,Canada,Goodra LZ Box,24,66,regional,Regional Vancouver BC,Canada,Desconocido,2023,2023-03-11,standard_2022,0,325_549
325,2449,Jaxson Piwek,Canada,Mew Genesect,25,28,regional,Regional Vancouver BC,Canada,Desconocido,2023,2023-03-11,standard_2022,0,325_2449
325,4326,Jacob Newton,United States,Lugia Archeops,26,18,regional,Regional Vancouver BC,Canada,Desconocido,2023,2023-03-11,standard_2022,0,325_4326
325,4327,Carter Randall,Canada,Palkia Inteleon,27,8,regional,Regional Vancouver BC,Canada,Desconocido,2023,2023-03-11,standard_2022,0,325_4327
325,2770,Aidan Khus,United States,LZ Rayquaza Box,28,180,regional,Regional Vancouver BC,Canada,Desconocido,2023,2023-03-11,standard_2022,0,325_2770
325,4328,Jordan Dumlao,United States,Lugia Archeops,29,8,regional,Regional Vancouver BC,Canada,Desconocido,2023,2023-03-11,standard_2022,0,325_4328
325,173,Ross Cawthon,United States,Goodra LZ Box,30,336,regional,Regional Vancouver BC,Canada,Desconocido,2023,2023-03-11,standard_2022,0,325_173
325,4329,Jack Saunders,Canada,Regis,31,8,regional,Regional Vancouver BC,Canada,Desconocido,2023,2023-03-11,standard_2022,0,325_4329
325,3995,Riley McKay,Canada,Arceus Duraludon,32,38,regional,Regional Vancouver BC,Canada,Desconocido,2023,2023-03-11,standard_2022,0,325_3995
325,2626,Noah Sakadjian,United States,Lugia Archeops,33,57,regional,Regional Vancouver BC,Canada,Desconocido,2023,2023-03-11,standard_2022,0,325_2626
325,685,Christopher Venier,Canada,Lugia Archeops,34,139,regional,Regional Vancouver BC,Canada,Desconocido,2023,2023-03-11,standard_2022,0,325_685
325,2118,Marvin Lu-Banzon,Canada,Lost Zone Box,35,24,regional,Regional Vancouver BC,Canada,Desconocido,2023,2023-03-11,standard_2022,0,325_2118
325,4330,Lucas Huculak,Canada,Lugia Archeops,36,5,regional,Regional Vancouver BC,Canada,Desconocido,2023,2023-03-11,standard_2022,0,325_4330
325,132,Drew Kennett,United States,Regis,37,264,regional,Regional Vancouver BC,Canada,Desconocido,2023,2023-03-11,standard_2022,0,325_132
325,322,Grant Manley,United States,Lugia Archeops,38,535,regional,Regional Vancouver BC,Canada,Desconocido,2023,2023-03-11,standard_2022,0,325_322
325,3251,Jack Moore,Canada,Regis,39,59,regional,Regional Vancouver BC,Canada,Desconocido,2023,2023-03-11,standard_2022,0,325_3251
325,3215,Makani Tran,United States,Arceus,40,89,regional,Regional Vancouver BC,Canada,Desconocido,2023,2023-03-11,standard_2022,0,325_3215
325,3603,Grant Mathey,United States,Lugia Archeops,41,38,regional,Regional Vancouver BC,Canada,Desconocido,2023,2023-03-11,standard_2022,0,325_3603
325,4038,Nathan Stratford,United States,Regis,42,75,regional,Regional Vancouver BC,Canada,Desconocido,2023,2023-03-11,standard_2022,0,325_4038
325,1722,Drue Townsend,United States,Palkia Inteleon,43,26,regional,Regional Vancouver BC,Canada,Desconocido,2023,2023-03-11,standard_2022,0,325_1722
325,4331,Nok Tim Yeung,Hong Kong,Zacian,44,5,regional,Regional Vancouver BC,Canada,Desconocido,2023,2023-03-11,standard_2022,0,325_4331
325,160,Samuel Hough,United States,Regis,45,181,regional,Regional Vancouver BC,Canada,Desconocido,2023,2023-03-11,standard_2022,0,325_160
325,2570,Abe Morales,United States,Lugia Archeops,46,17,regional,Regional Vancouver BC,Canada,Desconocido,2023,2023-03-11,standard_2022,0,325_2570
325,4332,Henry Wu,Canada,Lost Zone Box,47,5,regional,Regional Vancouver BC,Canada,Desconocido,2023,2023-03-11,standard_2022,0,325_4332
325,1874,Dylan Gunn,United States,Lost Zone Box,48,81,regional,Regional Vancouver BC,Canada,Desconocido,2023,2023-03-11,standard_2022,0,325_1874
325,4333,Adrian Pui,Canada,Lugia Archeops,49,5,regional,Regional Vancouver BC,Canada,Desconocido,2023,2023-03-11,standard_2022,0,325_4333
325,2401,Vance Kelley,United States,Mew Genesect,50,131,regional,Regional Vancouver BC,Canada,Desconocido,2023,2023-03-11,standard_2022,0,325_2401
325,4334,Chen Jiang,Canada,Regis,51,5,regional,Regional Vancouver BC,Canada,Desconocido,2023,2023-03-11,standard_2022,0,325_4334
325,2412,Justin Kim,Canada,Goodra LZ Box,52,35,regional,Regional Vancouver BC,Canada,Desconocido,2023,2023-03-11,standard_2022,0,325_2412
325,2593,Derrick Hong,Canada,Mew Genesect,53,20,regional,Regional Vancouver BC,Canada,Desconocido,2023,2023-03-11,standard_2022,0,325_2593
325,2121,Jake Santiago,Canada,Lugia Archeops,54,39,regional,Regional Vancouver BC,Canada,Desconocido,2023,2023-03-11,standard_2022,0,325_2121
325,2437,Michele Schiraldi,Canada,Goodra LZ Box,55,53,regional,Regional Vancouver BC,Canada,Desconocido,2023,2023-03-11,standard_2022,0,325_2437
325,4335,Alex Yung,Canada,Mew Genesect,56,5,regional,Regional Vancouver BC,Canada,Desconocido,2023,2023-03-11,standard_2022,0,325_4335
325,4336,John Brothers,United States,Lugia Archeops,57,5,regional,Regional Vancouver BC,Canada,Desconocido,2023,2023-03-11,standard_2022,0,325_4336
325,2116,Maria Bujak,Canada,Fusion Mew,58,23,regional,Regional Vancouver BC,Canada,Desconocido,2023,2023-03-11,standard_2022,0,325_2116
348,4322,Derick Dao,Australia,Lost Zone Box,1,13,regional,Regional Perth,Australia,AS-OC,2023,2023-03-04,standard_2022,1,348_4322
348,4323,Joko Wong,Indonesia,Lost Zone Box,2,11,regional,Regional Perth,Australia,AS-OC,2023,2023-03-04,standard_2022,1,348_4323
348,3701,Jeremy Evans,Australia,Lugia Archeops,3,48,regional,Regional Perth,Australia,AS-OC,2023,2023-03-04,standard_2022,1,348_3701
348,3748,Jake Lazzari,Australia,Arceus Duraludon,4,17,regional,Regional Perth,Australia,AS-OC,2023,2023-03-04,standard_2022,1,348_3748
348,1368,Natalie Millar,Australia,Vikavolt,5,254,regional,Regional Perth,Australia,AS-OC,2023,2023-03-04,standard_2022,1,348_1368
348,1788,Christian Hasbani,Australia,Vikavolt,6,147,regional,Regional Perth,Australia,AS-OC,2023,2023-03-04,standard_2022,1,348_1788
348,642,Corey Munro,Australia,Lugia Archeops,7,37,regional,Regional Perth,Australia,AS-OC,2023,2023-03-04,standard_2022,1,348_642
348,4324,Corey O'Leary,Australia,Lost Zone Box,8,7,regional,Regional Perth,Australia,AS-OC,2023,2023-03-04,standard_2022,1,348_4324
324,2875,Andrew Hedrick,United States,Lugia Archeops,1,222,regional,Regional Knoxville TN,United States,Desconocido,2023,2023-02-25,standard_2022,1,324_2875
324,691,Brandon Salazar,United States,Eternatus Weezing,2,156,regional,Regional Knoxville TN,United States,Desconocido,2023,2023-02-25,standard_2022,1,324_691
324,321,Rahul Reddy,United States,Regis,3,550,regional,Regional Knoxville TN,United States,Desconocido,2023,2023-02-25,standard_2022,1,324_321
324,1630,Nicholas Moffitt,United States,LZ Rayquaza Box,4,266,regional,Regional Knoxville TN,United States,Desconocido,2023,2023-02-25,standard_2022,1,324_1630
324,2899,Piper Lepine,United States,Palkia Inteleon,5,156,regional,Regional Knoxville TN,United States,Desconocido,2023,2023-02-25,standard_2022,1,324_2899
324,3723,Grant Shen,United States,Arceus Duraludon,6,197,regional,Regional Knoxville TN,United States,Desconocido,2023,2023-02-25,standard_2022,1,324_3723
324,1243,Lance Bradshaw,United States,Lugia Archeops,7,142,regional,Regional Knoxville TN,United States,Desconocido,2023,2023-02-25,standard_2022,1,324_1243
324,364,Alex Schemanske,United States,Vikavolt,8,602,regional,Regional Knoxville TN,United States,Desconocido,2023,2023-02-25,standard_2022,1,324_364
324,864,Ian Robb,United States,Lugia Archeops,9,512,regional,Regional Knoxville TN,United States,Desconocido,2023,2023-02-25,standard_2022,0,324_864
324,155,Connor Finton,United States,Lugia Archeops,10,368,regional,Regional Knoxville TN,United States,Desconocido,2023,2023-02-25,standard_2022,0,324_155
324,733,Isaiah Cheville,United States,Lugia Archeops,11,73,regional,Regional Knoxville TN,United States,Desconocido,2023,2023-02-25,standard_2022,0,324_733
324,3284,Tyson Blatter,United States,LZ Rayquaza Box,12,32,regional,Regional Knoxville TN,United States,Desconocido,2023,2023-02-25,standard_2022,0,324_3284
324,317,Andrew Mahone,United States,Mew Genesect,13,305,regional,Regional Knoxville TN,United States,Desconocido,2023,2023-02-25,standard_2022,0,324_317
324,3859,Jonathan Valenzuela,United States,Goodra LZ Box,14,27,regional,Regional Knoxville TN,United States,Desconocido,2023,2023-02-25,standard_2022,0,324_3859
324,3601,Sackett Brehmer,United States,Mew Genesect,15,59,regional,Regional Knoxville TN,United States,Desconocido,2023,2023-02-25,standard_2022,0,324_3601
324,1047,Hector Ibarra,United States,Lugia Archeops,16,90,regional,Regional Knoxville TN,United States,Desconocido,2023,2023-02-25,standard_2022,0,324_1047
324,4265,Christian Moreno,United States,Vikavolt,17,20,regional,Regional Knoxville TN,United States,Desconocido,2023,2023-02-25,standard_2022,0,324_4265
324,141,Justin Bokhari,United States,Regis,18,455,regional,Regional Knoxville TN,United States,Desconocido,2023,2023-02-25,standard_2022,0,324_141
324,687,Jac Carter,United States,Vikavolt,19,59,regional,Regional Knoxville TN,United States,Desconocido,2023,2023-02-25,standard_2022,0,324_687
324,3552,Travis Beckwith,United States,Lugia Archeops,20,65,regional,Regional Knoxville TN,United States,Desconocido,2023,2023-02-25,standard_2022,0,324_3552
324,758,Marshall Makowski,United States,Vikavolt,21,20,regional,Regional Knoxville TN,United States,Desconocido,2023,2023-02-25,standard_2022,0,324_758
324,175,Xander Pero,United States,Mew Genesect,22,417,regional,Regional Knoxville TN,United States,Desconocido,2023,2023-02-25,standard_2022,0,324_175
324,2538,Jacob Stillwell,United States,Lugia Archeops,23,20,regional,Regional Knoxville TN,United States,Desconocido,2023,2023-02-25,standard_2022,0,324_2538
324,125,Michael Pramawat,United States,Lugia Archeops,24,602,regional,Regional Knoxville TN,United States,Desconocido,2023,2023-02-25,standard_2022,0,324_125
324,1770,Noah Peltier,United States,Vikavolt,25,59,regional,Regional Knoxville TN,United States,Desconocido,2023,2023-02-25,standard_2022,0,324_1770
324,2021,Alex Cole,United States,Vikavolt,26,46,regional,Regional Knoxville TN,United States,Desconocido,2023,2023-02-25,standard_2022,0,324_2021
324,1415,Ryan Prusak,United States,Yveltal Control,27,23,regional,Regional Knoxville TN,United States,Desconocido,2023,2023-02-25,standard_2022,0,324_1415
324,1528,Brian Miller,United States,Mew Genesect,28,95,regional,Regional Knoxville TN,United States,Desconocido,2023,2023-02-25,standard_2022,0,324_1528
324,802,Brandon Smiley,United States,Lugia Archeops,29,20,regional,Regional Knoxville TN,United States,Desconocido,2023,2023-02-25,standard_2022,0,324_802
324,2420,Alex Hamilton,United States,Lugia Archeops,30,71,regional,Regional Knoxville TN,United States,Desconocido,2023,2023-02-25,standard_2022,0,324_2420
324,4266,Curtis Hart,United States,Arceus Duraludon,31,10,regional,Regional Knoxville TN,United States,Desconocido,2023,2023-02-25,standard_2022,0,324_4266
324,4267,Jim Jones,United States,Arceus Duraludon,32,10,regional,Regional Knoxville TN,United States,Desconocido,2023,2023-02-25,standard_2022,0,324_4267
324,4268,Ryan Mooney,United States,Mew Genesect,33,7,regional,Regional Knoxville TN,United States,Desconocido,2023,2023-02-25,standard_2022,0,324_4268
324,4269,Ryan Ferry,United States,Lugia Archeops,34,7,regional,Regional Knoxville TN,United States,Desconocido,2023,2023-02-25,standard_2022,0,324_4269
324,1011,Zander Bennett,United States,Mew Genesect,35,74,regional,Regional Knoxville TN,United States,Desconocido,2023,2023-02-25,standard_2022,0,324_1011
324,2028,Jesse Parker,United States,Mew Genesect,36,86,regional,Regional Knoxville TN,United States,Desconocido,2023,2023-02-25,standard_2022,0,324_2028
324,2978,Taylor Duffin,United States,Palkia Inteleon,37,16,regional,Regional Knoxville TN,United States,Desconocido,2023,2023-02-25,standard_2022,0,324_2978
324,4270,Dominic Viola,United States,Yveltal Control,38,25,regional,Regional Knoxville TN,United States,Desconocido,2023,2023-02-25,standard_2022,0,324_4270
324,709,Mason Hein,United States,Mew Genesect,39,17,regional,Regional Knoxville TN,United States,Desconocido,2023,2023-02-25,standard_2022,0,324_709
324,4271,Zach Widger,United States,Goodra LZ Box,40,12,regional,Regional Knoxville TN,United States,Desconocido,2023,2023-02-25,standard_2022,0,324_4271
324,424,Aaron Tarbell,United States,LZ Rayquaza Box,41,288,regional,Regional Knoxville TN,United States,Desconocido,2023,2023-02-25,standard_2022,0,324_424
324,4272,John Ries,United States,Lost Zone Box,42,7,regional,Regional Knoxville TN,United States,Desconocido,2023,2023-02-25,standard_2022,0,324_4272
324,3593,Zach Cohen,United States,LZ Rayquaza Box,43,29,regional,Regional Knoxville TN,United States,Desconocido,2023,2023-02-25,standard_2022,0,324_3593
324,688,Kyle Lesniewicz,United States,Vikavolt,44,106,regional,Regional Knoxville TN,United States,Desconocido,2023,2023-02-25,standard_2022,0,324_688
324,712,Charlie Kerr,United States,Regis,45,151,regional,Regional Knoxville TN,United States,Desconocido,2023,2023-02-25,standard_2022,0,324_712
324,4273,Tanner Huff,United States,Lugia Archeops,46,7,regional,Regional Knoxville TN,United States,Desconocido,2023,2023-02-25,standard_2022,0,324_4273
324,3695,Diego Varea,Peru,Lugia Archeops,47,37,regional,Regional Knoxville TN,United States,Desconocido,2023,2023-02-25,standard_2022,0,324_3695
324,3731,Harrison Dye,United States,Lugia Archeops,48,42,regional,Regional Knoxville TN,United States,Desconocido,2023,2023-02-25,standard_2022,0,324_3731
324,373,Ahmed Ali,United States,Lugia Archeops,49,181,regional,Regional Knoxville TN,United States,Desconocido,2023,2023-02-25,standard_2022,0,324_373
324,3863,William Heffernan,United States,Vikavolt,50,17,regional,Regional Knoxville TN,United States,Desconocido,2023,2023-02-25,standard_2022,0,324_3863
324,4274,Brannon Waller,United States,Arceus Duraludon,51,7,regional,Regional Knoxville TN,United States,Desconocido,2023,2023-02-25,standard_2022,0,324_4274
324,2533,Raymond Long,Canada,Yveltal Control,52,138,regional,Regional Knoxville TN,United States,Desconocido,2023,2023-02-25,standard_2022,0,324_2533
324,4275,Sebastian Moceri,United States,Regis,53,12,regional,Regional Knoxville TN,United States,Desconocido,2023,2023-02-25,standard_2022,0,324_4275
324,4276,Damien Shirar,United States,Mew Genesect,54,7,regional,Regional Knoxville TN,United States,Desconocido,2023,2023-02-25,standard_2022,0,324_4276
324,4277,Logan Lariscy,United States,Lugia Archeops,55,7,regional,Regional Knoxville TN,United States,Desconocido,2023,2023-02-25,standard_2022,0,324_4277
324,4278,Maxwell Bishop,United States,Lost Zone Box,56,7,regional,Regional Knoxville TN,United States,Desconocido,2023,2023-02-25,standard_2022,0,324_4278
324,2943,Jackson Rowley,United States,Fusion Mew,57,33,regional,Regional Knoxville TN,United States,Desconocido,2023,2023-02-25,standard_2022,0,324_2943
324,2356,Tyler Renfro,United States,Lugia Archeops,58,33,regional,Regional Knoxville TN,United States,Desconocido,2023,2023-02-25,standard_2022,0,324_2356
324,3981,Jackson Davies,Canada,Lugia Archeops,59,14,regional,Regional Knoxville TN,United States,Desconocido,2023,2023-02-25,standard_2022,0,324_3981
324,4279,Javier Chinchilla,United States,Raikou Regieleki,60,7,regional,Regional Knoxville TN,United States,Desconocido,2023,2023-02-25,standard_2022,0,324_4279
324,3737,Andrew Wisniewsky,United States,Yveltal Control,61,26,regional,Regional Knoxville TN,United States,Desconocido,2023,2023-02-25,standard_2022,0,324_3737
324,4280,Brett Gurley,United States,Arceus Flying Pikachu,62,7,regional,Regional Knoxville TN,United States,Desconocido,2023,2023-02-25,standard_2022,0,324_4280
324,1132,Ian Buck,United States,Lugia Archeops,63,45,regional,Regional Knoxville TN,United States,Desconocido,2023,2023-02-25,standard_2022,0,324_1132
324,449,Noah Sawyer,United States,Lugia Archeops,64,166,regional,Regional Knoxville TN,United States,Desconocido,2023,2023-02-25,standard_2022,0,324_449
324,3715,Frank Mintmire,United States,Arceus Duraludon,65,52,regional,Regional Knoxville TN,United States,Desconocido,2023,2023-02-25,standard_2022,0,324_3715
324,3630,DJ Swanson,United States,Vikavolt,66,15,regional,Regional Knoxville TN,United States,Desconocido,2023,2023-02-25,standard_2022,0,324_3630
324,1178,Kris Kemp,United States,Regis,67,75,regional,Regional Knoxville TN,United States,Desconocido,2023,2023-02-25,standard_2022,0,324_1178
324,496,David Selin,United States,Arceus Duraludon,68,25,regional,Regional Knoxville TN,United States,Desconocido,2023,2023-02-25,standard_2022,0,324_496
324,3595,Jake Riggs,United States,Vikavolt,69,20,regional,Regional Knoxville TN,United States,Desconocido,2023,2023-02-25,standard_2022,0,324_3595
324,1693,Evan Campbell,United States,Lugia Archeops,70,66,regional,Regional Knoxville TN,United States,Desconocido,2023,2023-02-25,standard_2022,0,324_1693
324,4281,Gage Elkins,United States,Lugia Archeops,71,5,regional,Regional Knoxville TN,United States,Desconocido,2023,2023-02-25,standard_2022,0,324_4281
324,3181,Christian Fontenot,Denmark,Regis,72,77,regional,Regional Knoxville TN,United States,Desconocido,2023,2023-02-25,standard_2022,0,324_3181
324,318,Alex Krekeler,United States,Vikavolt,73,192,regional,Regional Knoxville TN,United States,Desconocido,2023,2023-02-25,standard_2022,0,324_318
324,3621,John Wanggaard,United States,Vikavolt,74,25,regional,Regional Knoxville TN,United States,Desconocido,2023,2023-02-25,standard_2022,0,324_3621
324,3596,Jeremy Gumila,United States,Lugia Archeops,75,68,regional,Regional Knoxville TN,United States,Desconocido,2023,2023-02-25,standard_2022,0,324_3596
324,849,Hunter Butler,United States,Lugia Archeops,76,176,regional,Regional Knoxville TN,United States,Desconocido,2023,2023-02-25,standard_2022,0,324_849
324,898,Sam Liggett,United States,Mew Genesect,77,63,regional,Regional Knoxville TN,United States,Desconocido,2023,2023-02-25,standard_2022,0,324_898
324,4282,Donavon LaBelle,United States,Lugia Archeops,78,10,regional,Regional Knoxville TN,United States,Desconocido,2023,2023-02-25,standard_2022,0,324_4282
324,382,Matthew Brower,United States,Lugia Archeops,79,18,regional,Regional Knoxville TN,United States,Desconocido,2023,2023-02-25,standard_2022,0,324_382
324,4283,Nathan Bishop,United States,Regis,80,10,regional,Regional Knoxville TN,United States,Desconocido,2023,2023-02-25,standard_2022,0,324_4283
324,4213,Isaac Chance,United States,Regis,81,8,regional,Regional Knoxville TN,United States,Desconocido,2023,2023-02-25,standard_2022,0,324_4213
324,3086,Vaughn O'Brien,United States,Vikavolt,82,69,regional,Regional Knoxville TN,United States,Desconocido,2023,2023-02-25,standard_2022,0,324_3086
324,2532,Rowan Stavenow,Canada,Galarian Weezing,83,195,regional,Regional Knoxville TN,United States,Desconocido,2023,2023-02-25,standard_2022,0,324_2532
324,3735,Cyrus McCane,United States,Regis,84,29,regional,Regional Knoxville TN,United States,Desconocido,2023,2023-02-25,standard_2022,0,324_3735
324,4284,Michael Allen,United States,Lugia Archeops,85,5,regional,Regional Knoxville TN,United States,Desconocido,2023,2023-02-25,standard_2022,0,324_4284
324,1006,Tony Santos,United States,Lost Zone Box,86,32,regional,Regional Knoxville TN,United States,Desconocido,2023,2023-02-25,standard_2022,0,324_1006
324,376,James Hart,United States,Lugia Archeops,87,70,regional,Regional Knoxville TN,United States,Desconocido,2023,2023-02-25,standard_2022,0,324_376
324,416,Chris Siakala,United States,Lugia Archeops,88,225,regional,Regional Knoxville TN,United States,Desconocido,2023,2023-02-25,standard_2022,0,324_416
324,4285,Terry Herron,United States,Lugia Archeops,89,12,regional,Regional Knoxville TN,United States,Desconocido,2023,2023-02-25,standard_2022,0,324_4285
324,3868,Zackary Estridge,United States,Palkia Inteleon,90,30,regional,Regional Knoxville TN,United States,Desconocido,2023,2023-02-25,standard_2022,0,324_3868
324,4286,John Maas,United States,Palkia Inteleon,91,23,regional,Regional Knoxville TN,United States,Desconocido,2023,2023-02-25,standard_2022,0,324_4286
324,4287,Tanner Simpson,United States,Regis,92,5,regional,Regional Knoxville TN,United States,Desconocido,2023,2023-02-25,standard_2022,0,324_4287
324,563,Gregory Fortier,Canada,Regis,93,26,regional,Regional Knoxville TN,United States,Desconocido,2023,2023-02-25,standard_2022,0,324_563
324,4288,Steven Tokar,United States,Lost Zone Box,94,5,regional,Regional Knoxville TN,United States,Desconocido,2023,2023-02-25,standard_2022,0,324_4288
324,555,Anthony Nimmons,United States,Lugia Archeops,95,24,regional,Regional Knoxville TN,United States,Desconocido,2023,2023-02-25,standard_2022,0,324_555
324,4289,Gian Carlo Diaz,United States,Fusion Mew,96,12,regional,Regional Knoxville TN,United States,Desconocido,2023,2023-02-25,standard_2022,0,324_4289
324,4290,Damian Barajas,United States,Arceus Flying Pikachu,97,5,regional,Regional Knoxville TN,United States,Desconocido,2023,2023-02-25,standard_2022,0,324_4290
324,4291,Justin Romero,United States,Lugia Archeops,98,13,regional,Regional Knoxville TN,United States,Desconocido,2023,2023-02-25,standard_2022,0,324_4291
324,4292,Reese Bentley,United States,Mew Genesect,99,5,regional,Regional Knoxville TN,United States,Desconocido,2023,2023-02-25,standard_2022,0,324_4292
324,4293,Tony Ahlstrom,United States,Lugia Archeops,100,5,regional,Regional Knoxville TN,United States,Desconocido,2023,2023-02-25,standard_2022,0,324_4293
324,4294,Orlando Karam,United States,Lost Zone Box,101,13,regional,Regional Knoxville TN,United States,Desconocido,2023,2023-02-25,standard_2022,0,324_4294
324,4295,Jesse Spencer,United States,LZ Rayquaza Box,102,17,regional,Regional Knoxville TN,United States,Desconocido,2023,2023-02-25,standard_2022,0,324_4295
324,4296,Cameron Johnson,United States,Vikavolt,103,5,regional,Regional Knoxville TN,United States,Desconocido,2023,2023-02-25,standard_2022,0,324_4296
324,4297,Morgan Abreu,United States,Lost Zone Box,104,5,regional,Regional Knoxville TN,United States,Desconocido,2023,2023-02-25,standard_2022,0,324_4297
324,153,Azul Garcia Griego,United States,Lost Zone Box,105,943,regional,Regional Knoxville TN,United States,Desconocido,2023,2023-02-25,standard_2022,0,324_153
324,4298,Chesney Anderson,United States,Lugia Archeops,106,12,regional,Regional Knoxville TN,United States,Desconocido,2023,2023-02-25,standard_2022,0,324_4298
324,4195,Hampton Morton,United States,Lugia Archeops,107,10,regional,Regional Knoxville TN,United States,Desconocido,2023,2023-02-25,standard_2022,0,324_4195
324,4299,Paul Giza,United States,Arceus Duraludon,108,5,regional,Regional Knoxville TN,United States,Desconocido,2023,2023-02-25,standard_2022,0,324_4299
324,3458,Mikey Sanagustin,United States,Articuno Inteleon,109,30,regional,Regional Knoxville TN,United States,Desconocido,2023,2023-02-25,standard_2022,0,324_3458
324,1786,Brock Davis,United States,Regis,110,9,regional,Regional Knoxville TN,United States,Desconocido,2023,2023-02-25,standard_2022,0,324_1786
324,4300,Nicholas Volpe,United States,Lugia Archeops,111,5,regional,Regional Knoxville TN,United States,Desconocido,2023,2023-02-25,standard_2022,0,324_4300
324,1907,Jason Burch,United States,Lugia Archeops,112,20,regional,Regional Knoxville TN,United States,Desconocido,2023,2023-02-25,standard_2022,0,324_1907
324,4301,Nikita Matyukov,United States,Lugia Archeops,113,10,regional,Regional Knoxville TN,United States,Desconocido,2023,2023-02-25,standard_2022,0,324_4301
324,4302,Harrison Dollar,United States,Lugia Archeops,114,5,regional,Regional Knoxville TN,United States,Desconocido,2023,2023-02-25,standard_2022,0,324_4302
324,4303,John Hurley,United States,Lugia Archeops,115,5,regional,Regional Knoxville TN,United States,Desconocido,2023,2023-02-25,standard_2022,0,324_4303
324,4304,Brennen Denney,United States,Yveltal Control,116,5,regional,Regional Knoxville TN,United States,Desconocido,2023,2023-02-25,standard_2022,0,324_4304
324,4305,Edwin Arrollo,United States,Lost Zone Box,117,38,regional,Regional Knoxville TN,United States,Desconocido,2023,2023-02-25,standard_2022,0,324_4305
324,4013,Brannon Oiler,United States,Arceus Duraludon,118,10,regional,Regional Knoxville TN,United States,Desconocido,2023,2023-02-25,standard_2022,0,324_4013
324,3613,Axel Martinez,United States,Lost Zone Box,119,10,regional,Regional Knoxville TN,United States,Desconocido,2023,2023-02-25,standard_2022,0,324_3613
324,2812,Jose Marzan,Puerto Rico,Lugia Archeops,120,87,regional,Regional Knoxville TN,United States,Desconocido,2023,2023-02-25,standard_2022,0,324_2812
324,1044,Kidd Starck,United States,Lost Zone Box,121,67,regional,Regional Knoxville TN,United States,Desconocido,2023,2023-02-25,standard_2022,0,324_1044
324,4306,Austin Myers,United States,Goodra LZ Box,122,5,regional,Regional Knoxville TN,United States,Desconocido,2023,2023-02-25,standard_2022,0,324_4306
324,4307,Manuel Bonilla,United States,Arceus Duraludon,123,5,regional,Regional Knoxville TN,United States,Desconocido,2023,2023-02-25,standard_2022,0,324_4307
324,4226,Bradley Erickson,United States,Regis,124,18,regional,Regional Knoxville TN,United States,Desconocido,2023,2023-02-25,standard_2022,0,324_4226
324,4308,Mathew Boat,United States,Regis,125,15,regional,Regional Knoxville TN,United States,Desconocido,2023,2023-02-25,standard_2022,0,324_4308
324,4309,Carlos Maldonado,United States,Galarian Weezing,126,5,regional,Regional Knoxville TN,United States,Desconocido,2023,2023-02-25,standard_2022,0,324_4309
336,3928,Miłosz Dyrlica,Poland,Lugia Archeops,1,79,regional,Regional Bochum,Germany,EU,2023,2023-02-25,standard_2022,1,336_3928
336,3555,Hermanni Hietalahti,Finland,Goodra LZ Box,2,50,regional,Regional Bochum,Germany,EU,2023,2023-02-25,standard_2022,1,336_3555
336,3538,Edwyn Mesman,Netherlands,Lugia Archeops,3,60,regional,Regional Bochum,Germany,EU,2023,2023-02-25,standard_2022,1,336_3538
336,961,Juho Kallama,Finland,Arceus Duraludon,4,84,regional,Regional Bochum,Germany,EU,2023,2023-02-25,standard_2022,1,336_961
336,26,Sen Caubergh,Belgium,Regis,5,144,regional,Regional Bochum,Germany,EU,2023,2023-02-25,standard_2022,1,336_26
336,998,Alex Frindt,Slovakia,Arceus Duraludon,6,21,regional,Regional Bochum,Germany,EU,2023,2023-02-25,standard_2022,1,336_998
336,3931,Yoann Barszezak,France,Lugia Archeops,7,58,regional,Regional Bochum,Germany,EU,2023,2023-02-25,standard_2022,1,336_3931
336,4015,Christian Graziano,Italy,Lugia Archeops,8,37,regional,Regional Bochum,Germany,EU,2023,2023-02-25,standard_2022,1,336_4015
336,4242,Alexander Denk,Austria,Mew Genesect,9,15,regional,Regional Bochum,Germany,EU,2023,2023-02-25,standard_2022,0,336_4242
336,2456,James Cox,Australia,Lost Zone Box,10,108,regional,Regional Bochum,Germany,EU,2023,2023-02-25,standard_2022,0,336_2456
336,1548,Bryan de Vries,Netherlands,Lugia Archeops,11,275,regional,Regional Bochum,Germany,EU,2023,2023-02-25,standard_2022,0,336_1548
336,5,Andrew Emerson,Great Britain,Lugia Archeops,12,61,regional,Regional Bochum,Germany,EU,2023,2023-02-25,standard_2022,0,336_5
336,2717,Dor Eshel,Israel,Lugia Archeops,13,18,regional,Regional Bochum,Germany,EU,2023,2023-02-25,standard_2022,0,336_2717
336,18,Jesper Eriksen,Denmark,Lost Zone Box,14,148,regional,Regional Bochum,Germany,EU,2023,2023-02-25,standard_2022,0,336_18
336,46,Alessandro Cremascoli,Italy,Goodra LZ Box,15,219,regional,Regional Bochum,Germany,EU,2023,2023-02-25,standard_2022,0,336_46
336,80,Kristian Hodas,Slovakia,Lugia Archeops,16,100,regional,Regional Bochum,Germany,EU,2023,2023-02-25,standard_2022,0,336_80
336,106,Bolly Olufon,Great Britain,Lugia Archeops,17,61,regional,Regional Bochum,Germany,EU,2023,2023-02-25,standard_2022,0,336_106
336,4243,Alexander Stoppel,Germany,Lugia Archeops,18,10,regional,Regional Bochum,Germany,EU,2023,2023-02-25,standard_2022,0,336_4243
336,2729,Ithiel Arki,France,Yveltal Control,19,78,regional,Regional Bochum,Germany,EU,2023,2023-02-25,standard_2022,0,336_2729
336,3535,Thai Nguyen,Germany,Arceus Flying Pikachu,20,48,regional,Regional Bochum,Germany,EU,2023,2023-02-25,standard_2022,0,336_3535
336,3540,Elias Stratmann,Germany,Lost Zone Box,21,23,regional,Regional Bochum,Germany,EU,2023,2023-02-25,standard_2022,0,336_3540
336,2731,Giacomo Tiraboschi,Italy,Lugia Archeops,22,19,regional,Regional Bochum,Germany,EU,2023,2023-02-25,standard_2022,0,336_2731
336,4244,Marijn van Duivenboden,Netherlands,Lugia Archeops,23,8,regional,Regional Bochum,Germany,EU,2023,2023-02-25,standard_2022,0,336_4244
336,4245,Tony Yates,Great Britain,Goodra LZ Box,24,20,regional,Regional Bochum,Germany,EU,2023,2023-02-25,standard_2022,0,336_4245
336,4018,Daniel Powell,Great Britain,Lugia Archeops,25,17,regional,Regional Bochum,Germany,EU,2023,2023-02-25,standard_2022,0,336_4018
336,4246,Mick de Jong,Netherlands,Goodra LZ Box,26,9,regional,Regional Bochum,Germany,EU,2023,2023-02-25,standard_2022,0,336_4246
336,95,Seb Symonds,Great Britain,Lugia Archeops,27,76,regional,Regional Bochum,Germany,EU,2023,2023-02-25,standard_2022,0,336_95
336,79,Piotr Orleański,Poland,Lost Zone Box,28,132,regional,Regional Bochum,Germany,EU,2023,2023-02-25,standard_2022,0,336_79
336,6,Luke Kirkham,Great Britain,Zacian,29,89,regional,Regional Bochum,Germany,EU,2023,2023-02-25,standard_2022,0,336_6
336,4247,Quentin Tessier,France,Fusion Mew,30,8,regional,Regional Bochum,Germany,EU,2023,2023-02-25,standard_2022,0,336_4247
336,4029,Felix Reichenbach,Germany,Lost Zone Box,31,13,regional,Regional Bochum,Germany,EU,2023,2023-02-25,standard_2022,0,336_4029
336,2504,Brennan Kamerman,Netherlands,LZ Rayquaza Box,32,141,regional,Regional Bochum,Germany,EU,2023,2023-02-25,standard_2022,0,336_2504
336,4248,Daniele Arosio,Italy,Vikavolt,33,5,regional,Regional Bochum,Germany,EU,2023,2023-02-25,standard_2022,0,336_4248
336,4249,Mauro Wandoloh,Belgium,Lost Zone Box,34,17,regional,Regional Bochum,Germany,EU,2023,2023-02-25,standard_2022,0,336_4249
336,2472,Brent Coosemans,Belgium,Fusion Mew,35,44,regional,Regional Bochum,Germany,EU,2023,2023-02-25,standard_2022,0,336_2472
336,2012,Oscar Rivas Perez,Spain,Goodra LZ Box,36,54,regional,Regional Bochum,Germany,EU,2023,2023-02-25,standard_2022,0,336_2012
336,3934,Marek Stolarik,Slovakia,Yveltal Control,37,23,regional,Regional Bochum,Germany,EU,2023,2023-02-25,standard_2022,0,336_3934
336,2010,Joshua Vanoverschelde,Belgium,Regis,38,90,regional,Regional Bochum,Germany,EU,2023,2023-02-25,standard_2022,0,336_2010
336,2506,Arne Van Braeckel,Belgium,Lost Zone Box,39,50,regional,Regional Bochum,Germany,EU,2023,2023-02-25,standard_2022,0,336_2506
336,3772,Oscar Madsen,Denmark,Vikavolt,40,21,regional,Regional Bochum,Germany,EU,2023,2023-02-25,standard_2022,0,336_3772
336,2471,Francesco Pasquale Caterino,Italy,Lugia Archeops,41,103,regional,Regional Bochum,Germany,EU,2023,2023-02-25,standard_2022,0,336_2471
336,4250,Francesco Ricci,Italy,Yveltal Control,42,5,regional,Regional Bochum,Germany,EU,2023,2023-02-25,standard_2022,0,336_4250
336,2501,Vincent Marcus Munk,Denmark,Lugia Archeops,43,52,regional,Regional Bochum,Germany,EU,2023,2023-02-25,standard_2022,0,336_2501
336,1738,Owyn Kamerman,Netherlands,Mew Genesect,44,228,regional,Regional Bochum,Germany,EU,2023,2023-02-25,standard_2022,0,336_1738
336,4251,Ryan Pang,Great Britain,Mew Genesect,45,20,regional,Regional Bochum,Germany,EU,2023,2023-02-25,standard_2022,0,336_4251
336,121,Nathan Darch,Great Britain,Vikavolt Regieleki,46,9,regional,Regional Bochum,Germany,EU,2023,2023-02-25,standard_2022,0,336_121
336,4252,Nikoline Pedersen,Denmark,Mew Genesect,47,20,regional,Regional Bochum,Germany,EU,2023,2023-02-25,standard_2022,0,336_4252
336,75,Ole Stognief,Germany,Lost Zone Box,48,86,regional,Regional Bochum,Germany,EU,2023,2023-02-25,standard_2022,0,336_75
336,2238,Arjan Nagel,Netherlands,Lugia Archeops,49,50,regional,Regional Bochum,Germany,EU,2023,2023-02-25,standard_2022,0,336_2238
336,88,Jack Old,Great Britain,Lugia Archeops,50,90,regional,Regional Bochum,Germany,EU,2023,2023-02-25,standard_2022,0,336_88
336,1188,Miloslav Posledni,Czech Republic,Lost Zone Box,51,218,regional,Regional Bochum,Germany,EU,2023,2023-02-25,standard_2022,0,336_1188
336,2485,Jonathan Sharpling,Great Britain,Lost Zone Box,52,22,regional,Regional Bochum,Germany,EU,2023,2023-02-25,standard_2022,0,336_2485
336,2956,David Sturm,Germany,Lost Zone Box,53,70,regional,Regional Bochum,Germany,EU,2023,2023-02-25,standard_2022,0,336_2956
336,4253,Vincent Jouare,France,Weezing Crobat,54,5,regional,Regional Bochum,Germany,EU,2023,2023-02-25,standard_2022,0,336_4253
336,4254,Salvatore Camiolo,Italy,Lugia Archeops,55,5,regional,Regional Bochum,Germany,EU,2023,2023-02-25,standard_2022,0,336_4254
336,4255,Jordy Vanhaelst,Belgium,Vikavolt,56,7,regional,Regional Bochum,Germany,EU,2023,2023-02-25,standard_2022,0,336_4255
336,2969,David Hochmann,Germany,Regis,57,44,regional,Regional Bochum,Germany,EU,2023,2023-02-25,standard_2022,0,336_2969
336,2950,Mads Jensen,Denmark,Lugia Archeops,58,39,regional,Regional Bochum,Germany,EU,2023,2023-02-25,standard_2022,0,336_2950
336,4256,Matěj Pikola,Czech Republic,Vikavolt,59,5,regional,Regional Bochum,Germany,EU,2023,2023-02-25,standard_2022,0,336_4256
336,117,Stephan Nørregård,Denmark,Vikavolt,60,51,regional,Regional Bochum,Germany,EU,2023,2023-02-25,standard_2022,0,336_117
336,2730,Callum Griffiths,Great Britain,Lost Zone Box,61,14,regional,Regional Bochum,Germany,EU,2023,2023-02-25,standard_2022,0,336_2730
336,2517,Alessandro Frenda,Italy,Lost Box Charizard,62,37,regional,Regional Bochum,Germany,EU,2023,2023-02-25,standard_2022,0,336_2517
336,4257,Adel Moussaoui,Germany,Lugia Archeops,63,10,regional,Regional Bochum,Germany,EU,2023,2023-02-25,standard_2022,0,336_4257
336,282,Manuele Tartaglia,Italy,Galarian Weezing,64,40,regional,Regional Bochum,Germany,EU,2023,2023-02-25,standard_2022,0,336_282
336,108,Karl Peters,Germany,Articuno Inteleon,65,173,regional,Regional Bochum,Germany,EU,2023,2023-02-25,standard_2022,0,336_108
336,3573,Kai Wainwright,Great Britain,Fusion Mew,66,64,regional,Regional Bochum,Germany,EU,2023,2023-02-25,standard_2022,0,336_3573
336,47,Steven Mao,Germany,Lugia Archeops,67,209,regional,Regional Bochum,Germany,EU,2023,2023-02-25,standard_2022,0,336_47
336,1664,Dario Scarnò,Italy,Lugia Archeops,68,94,regional,Regional Bochum,Germany,EU,2023,2023-02-25,standard_2022,0,336_1664
336,4258,Nicolas Baumann,Germany,Lugia Archeops,69,4,regional,Regional Bochum,Germany,EU,2023,2023-02-25,standard_2022,0,336_4258
336,4259,Ruben Truong,Belgium,Goodra LZ Box,70,4,regional,Regional Bochum,Germany,EU,2023,2023-02-25,standard_2022,0,336_4259
336,4260,Ethan Wilde,Great Britain,Mew Genesect,71,4,regional,Regional Bochum,Germany,EU,2023,2023-02-25,standard_2022,0,336_4260
336,4261,Jamie Withofs,Belgium,Palkia Vikavolt,72,4,regional,Regional Bochum,Germany,EU,2023,2023-02-25,standard_2022,0,336_4261
336,4262,Alvise Zanasca,Italy,Arceus Flying Pikachu,73,4,regional,Regional Bochum,Germany,EU,2023,2023-02-25,standard_2022,0,336_4262
336,4263,Tamao Takeda,Great Britain,Lugia Archeops,74,4,regional,Regional Bochum,Germany,EU,2023,2023-02-25,standard_2022,0,336_4263
336,2927,Nathan Hargreaves,Great Britain,Mew Genesect,75,32,regional,Regional Bochum,Germany,EU,2023,2023-02-25,standard_2022,0,336_2927
336,4264,Chaz Gagne,Germany,Lost Zone Box,76,4,regional,Regional Bochum,Germany,EU,2023,2023-02-25,standard_2022,0,336_4264
322,2875,Andrew Hedrick,United States,Lugia Archeops,1,222,regional,Regional Orlando FL,United States,Desconocido,2023,2023-02-04,standard_2022,1,322_2875
322,1626,Isaiah Bradner,United States,Lugia Archeops,2,332,regional,Regional Orlando FL,United States,Desconocido,2023,2023-02-04,standard_2022,1,322_1626
322,1630,Nicholas Moffitt,United States,LZ Rayquaza Box,3,266,regional,Regional Orlando FL,United States,Desconocido,2023,2023-02-04,standard_2022,1,322_1630
322,2628,Calvin Connor,United States,Lugia Archeops,4,260,regional,Regional Orlando FL,United States,Desconocido,2023,2023-02-04,standard_2022,1,322_2628
322,2898,Regan Retzloff,United States,Lugia Archeops,5,210,regional,Regional Orlando FL,United States,Desconocido,2023,2023-02-04,standard_2022,1,322_2898
322,868,Jon Eng,United States,Lugia Archeops,6,492,regional,Regional Orlando FL,United States,Desconocido,2023,2023-02-04,standard_2022,1,322_868
322,4176,Austin Reed,United States,Lugia Archeops,7,18,regional,Regional Orlando FL,United States,Desconocido,2023,2023-02-04,standard_2022,1,322_4176
322,1134,Grant Hays,United States,Mew Genesect,8,124,regional,Regional Orlando FL,United States,Desconocido,2023,2023-02-04,standard_2022,1,322_1134
322,1208,Anthony Alvarez,United States,Lugia Archeops,9,42,regional,Regional Orlando FL,United States,Desconocido,2023,2023-02-04,standard_2022,0,322_1208
322,864,Ian Robb,United States,Palkia Inteleon,10,512,regional,Regional Orlando FL,United States,Desconocido,2023,2023-02-04,standard_2022,0,322_864
322,472,Byron Isaiah Williams,United States,Yveltal Control,11,359,regional,Regional Orlando FL,United States,Desconocido,2023,2023-02-04,standard_2022,0,322_472
322,131,Jonathan Fabrizio Bellucci Lanciano,Argentina,Lugia Archeops,12,188,regional,Regional Orlando FL,United States,Desconocido,2023,2023-02-04,standard_2022,0,322_131
322,4177,Jan Fischer,Germany,Lugia Archeops,13,14,regional,Regional Orlando FL,United States,Desconocido,2023,2023-02-04,standard_2022,0,322_4177
322,2812,Jose Marzan,Puerto Rico,Lugia Archeops,14,87,regional,Regional Orlando FL,United States,Desconocido,2023,2023-02-04,standard_2022,0,322_2812
322,3636,Tyler Mathews,United States,LZ Rayquaza Box,15,91,regional,Regional Orlando FL,United States,Desconocido,2023,2023-02-04,standard_2022,0,322_3636
322,698,Michael Bergerac,United States,Goodra LZ Box,16,155,regional,Regional Orlando FL,United States,Desconocido,2023,2023-02-04,standard_2022,0,322_698
322,1770,Noah Peltier,United States,Mew Genesect,17,59,regional,Regional Orlando FL,United States,Desconocido,2023,2023-02-04,standard_2022,0,322_1770
322,4178,Manuel Soto,United States,Ditto Control,18,10,regional,Regional Orlando FL,United States,Desconocido,2023,2023-02-04,standard_2022,0,322_4178
322,141,Justin Bokhari,United States,Lugia Archeops,19,455,regional,Regional Orlando FL,United States,Desconocido,2023,2023-02-04,standard_2022,0,322_141
322,3865,Jeffrey Weiss,United States,Lugia Archeops,20,45,regional,Regional Orlando FL,United States,Desconocido,2023,2023-02-04,standard_2022,0,322_3865
322,175,Xander Pero,United States,Mew Genesect,21,417,regional,Regional Orlando FL,United States,Desconocido,2023,2023-02-04,standard_2022,0,322_175
322,3593,Zach Cohen,United States,LZ Rayquaza Box,22,29,regional,Regional Orlando FL,United States,Desconocido,2023,2023-02-04,standard_2022,0,322_3593
322,2564,Victor Aung,United States,Lost Zone Box,23,75,regional,Regional Orlando FL,United States,Desconocido,2023,2023-02-04,standard_2022,0,322_2564
322,333,Peter Kica,United States,Lost Zone Box,24,227,regional,Regional Orlando FL,United States,Desconocido,2023,2023-02-04,standard_2022,0,322_333
322,4179,Glenn Douyard,United States,Goodra LZ Box,25,10,regional,Regional Orlando FL,United States,Desconocido,2023,2023-02-04,standard_2022,0,322_4179
322,1785,Joe Turrentine,United States,Goodra LZ Box,26,58,regional,Regional Orlando FL,United States,Desconocido,2023,2023-02-04,standard_2022,0,322_1785
322,2887,Bartholomew Musser,United States,Regis,27,22,regional,Regional Orlando FL,United States,Desconocido,2023,2023-02-04,standard_2022,0,322_2887
322,1148,Fabrizio Inga Silva,Peru,Fusion Mew,28,158,regional,Regional Orlando FL,United States,Desconocido,2023,2023-02-04,standard_2022,0,322_1148
322,2122,Gabriel Smart,United States,Lugia Archeops,29,223,regional,Regional Orlando FL,United States,Desconocido,2023,2023-02-04,standard_2022,0,322_2122
322,3993,Matthew Newby,United States,Mew Genesect,30,15,regional,Regional Orlando FL,United States,Desconocido,2023,2023-02-04,standard_2022,0,322_3993
322,4181,Erich Francis,United States,Arceus Duraludon,31,15,regional,Regional Orlando FL,United States,Desconocido,2023,2023-02-04,standard_2022,0,322_4181
322,2553,Iyla Sutherland,United States,Eternatus Weezing,32,62,regional,Regional Orlando FL,United States,Desconocido,2023,2023-02-04,standard_2022,0,322_2553
322,746,Joshua Frink,United States,Goodra LZ Box,33,56,regional,Regional Orlando FL,United States,Desconocido,2023,2023-02-04,standard_2022,0,322_746
322,4182,Christopher Moore,United States,Lugia Archeops,34,7,regional,Regional Orlando FL,United States,Desconocido,2023,2023-02-04,standard_2022,0,322_4182
322,1535,Christian Franco,United States,Lugia Archeops,35,72,regional,Regional Orlando FL,United States,Desconocido,2023,2023-02-04,standard_2022,0,322_1535
322,3265,Stephen Kent,Great Britain,Arceus Duraludon,36,48,regional,Regional Orlando FL,United States,Desconocido,2023,2023-02-04,standard_2022,0,322_3265
322,2123,Andrew Amistad,Canada,Lugia Archeops,37,13,regional,Regional Orlando FL,United States,Desconocido,2023,2023-02-04,standard_2022,0,322_2123
322,277,Damian Fernandez Urroz,Argentina,Lugia Archeops,38,58,regional,Regional Orlando FL,United States,Desconocido,2023,2023-02-04,standard_2022,0,322_277
322,4067,Maxwell Johnson,United States,Goodra LZ Box,39,46,regional,Regional Orlando FL,United States,Desconocido,2023,2023-02-04,standard_2022,0,322_4067
322,4183,Akdiel Flores,Puerto Rico,Lugia Archeops,40,7,regional,Regional Orlando FL,United States,Desconocido,2023,2023-02-04,standard_2022,0,322_4183
322,2637,Jacob Peltier,United States,Goodra LZ Box,41,27,regional,Regional Orlando FL,United States,Desconocido,2023,2023-02-04,standard_2022,0,322_2637
322,4184,Alejandro Torres,United States,Mew Genesect,42,7,regional,Regional Orlando FL,United States,Desconocido,2023,2023-02-04,standard_2022,0,322_4184
322,4185,Anthony Spione,United States,Weezing Crobat,43,7,regional,Regional Orlando FL,United States,Desconocido,2023,2023-02-04,standard_2022,0,322_4185
322,3853,Brenden Martin,United States,Vikavolt,44,14,regional,Regional Orlando FL,United States,Desconocido,2023,2023-02-04,standard_2022,0,322_3853
322,940,Jeremy Castro,United States,LZ Rayquaza Box,45,36,regional,Regional Orlando FL,United States,Desconocido,2023,2023-02-04,standard_2022,0,322_940
322,3583,David Hendrickson,United States,Palkia Inteleon,46,42,regional,Regional Orlando FL,United States,Desconocido,2023,2023-02-04,standard_2022,0,322_3583
322,296,Nitish Doolub,Great Britain,Mew Genesect,47,64,regional,Regional Orlando FL,United States,Desconocido,2023,2023-02-04,standard_2022,0,322_296
322,153,Azul Garcia Griego,United States,Yveltal Control,48,943,regional,Regional Orlando FL,United States,Desconocido,2023,2023-02-04,standard_2022,0,322_153
322,4116,Nathan Ginsburg,United States,Lost Zone Box,49,51,regional,Regional Orlando FL,United States,Desconocido,2023,2023-02-04,standard_2022,0,322_4116
322,1138,Parker Greenwald,United States,Lugia Archeops,50,12,regional,Regional Orlando FL,United States,Desconocido,2023,2023-02-04,standard_2022,0,322_1138
322,3959,Carlos Medina Astete,Peru,Regis,51,65,regional,Regional Orlando FL,United States,Desconocido,2023,2023-02-04,standard_2022,0,322_3959
322,230,Diego Cassiraga,Argentina,Lugia Archeops,52,317,regional,Regional Orlando FL,United States,Desconocido,2023,2023-02-04,standard_2022,0,322_230
322,3215,Makani Tran,United States,Arceus,53,89,regional,Regional Orlando FL,United States,Desconocido,2023,2023-02-04,standard_2022,0,322_3215
322,1050,Jalen Jones,United States,Lost Zone Box,54,32,regional,Regional Orlando FL,United States,Desconocido,2023,2023-02-04,standard_2022,0,322_1050
322,3614,Shashi Naraine,Canada,Goodra LZ Box,55,40,regional,Regional Orlando FL,United States,Desconocido,2023,2023-02-04,standard_2022,0,322_3614
322,4187,Ramon Morales,Puerto Rico,Arceus Flying Pikachu,56,7,regional,Regional Orlando FL,United States,Desconocido,2023,2023-02-04,standard_2022,0,322_4187
322,4188,Zachary Berns,United States,Lugia Archeops,57,7,regional,Regional Orlando FL,United States,Desconocido,2023,2023-02-04,standard_2022,0,322_4188
322,4189,Alex Porras,United States,Mew Genesect,58,7,regional,Regional Orlando FL,United States,Desconocido,2023,2023-02-04,standard_2022,0,322_4189
322,2324,David Zheng,United States,Lugia Archeops,59,52,regional,Regional Orlando FL,United States,Desconocido,2023,2023-02-04,standard_2022,0,322_2324
322,2843,Tyler Annaert,Canada,Arceus Duraludon,60,17,regional,Regional Orlando FL,United States,Desconocido,2023,2023-02-04,standard_2022,0,322_2843
322,4190,Trevor Tran,Canada,Vikavolt Regieleki,61,7,regional,Regional Orlando FL,United States,Desconocido,2023,2023-02-04,standard_2022,0,322_4190
322,345,Jeremy Gibson,United States,Lugia Archeops,62,93,regional,Regional Orlando FL,United States,Desconocido,2023,2023-02-04,standard_2022,0,322_345
322,454,Franco Takahashi,United States,Lugia Archeops,63,116,regional,Regional Orlando FL,United States,Desconocido,2023,2023-02-04,standard_2022,0,322_454
322,380,Christian Ortiz,United States,Yveltal Control,64,42,regional,Regional Orlando FL,United States,Desconocido,2023,2023-02-04,standard_2022,0,322_380
322,704,Anthony Smith,United States,Arceus Duraludon,65,10,regional,Regional Orlando FL,United States,Desconocido,2023,2023-02-04,standard_2022,0,322_704
322,3791,Andrew Gantner,United States,Arceus Duraludon,66,66,regional,Regional Orlando FL,United States,Desconocido,2023,2023-02-04,standard_2022,0,322_3791
322,2573,Nick Flores,United States,Goodra LZ Box,67,63,regional,Regional Orlando FL,United States,Desconocido,2023,2023-02-04,standard_2022,0,322_2573
322,1243,Lance Bradshaw,United States,Lugia Archeops,68,142,regional,Regional Orlando FL,United States,Desconocido,2023,2023-02-04,standard_2022,0,322_1243
322,1374,Victor de Velasco,Mexico,Lugia Archeops,69,25,regional,Regional Orlando FL,United States,Desconocido,2023,2023-02-04,standard_2022,0,322_1374
322,3992,Kevin Ajolt Nguyen,United States,Lugia Archeops,70,34,regional,Regional Orlando FL,United States,Desconocido,2023,2023-02-04,standard_2022,0,322_3992
322,3475,Brandon Baughn,United States,Arceus Duraludon,71,27,regional,Regional Orlando FL,United States,Desconocido,2023,2023-02-04,standard_2022,0,322_3475
322,3181,Christian Fontenot,Denmark,Regis,72,77,regional,Regional Orlando FL,United States,Desconocido,2023,2023-02-04,standard_2022,0,322_3181
322,3731,Harrison Dye,United States,Lugia Archeops,73,42,regional,Regional Orlando FL,United States,Desconocido,2023,2023-02-04,standard_2022,0,322_3731
322,547,Steven Varesko,United States,Lugia Archeops,74,74,regional,Regional Orlando FL,United States,Desconocido,2023,2023-02-04,standard_2022,0,322_547
322,322,Grant Manley,United States,Yveltal Control,75,535,regional,Regional Orlando FL,United States,Desconocido,2023,2023-02-04,standard_2022,0,322_322
322,4191,Diego Contes Negron,Puerto Rico,Lugia Archeops,76,5,regional,Regional Orlando FL,United States,Desconocido,2023,2023-02-04,standard_2022,0,322_4191
322,4192,Jordan Lipner,United States,Goodra LZ Box,77,5,regional,Regional Orlando FL,United States,Desconocido,2023,2023-02-04,standard_2022,0,322_4192
322,2182,Bruno Paredes,Peru,LZ Flying Pikachu Box,78,8,regional,Regional Orlando FL,United States,Desconocido,2023,2023-02-04,standard_2022,0,322_2182
322,3623,Vincent Gillette,United States,Lugia Archeops,79,30,regional,Regional Orlando FL,United States,Desconocido,2023,2023-02-04,standard_2022,0,322_3623
322,3868,Zackary Estridge,United States,Lugia Archeops,80,30,regional,Regional Orlando FL,United States,Desconocido,2023,2023-02-04,standard_2022,0,322_3868
322,125,Michael Pramawat,United States,Lugia Archeops,81,602,regional,Regional Orlando FL,United States,Desconocido,2023,2023-02-04,standard_2022,0,322_125
322,4193,Terry Miller,United States,Lost Zone Box,82,5,regional,Regional Orlando FL,United States,Desconocido,2023,2023-02-04,standard_2022,0,322_4193
322,2636,Axel Alvarez,United States,Mew Genesect,83,79,regional,Regional Orlando FL,United States,Desconocido,2023,2023-02-04,standard_2022,0,322_2636
322,918,Pedro Hernandez,United States,Regis,84,30,regional,Regional Orlando FL,United States,Desconocido,2023,2023-02-04,standard_2022,0,322_918
322,4194,James McDaid,United States,Arceus Duraludon,85,5,regional,Regional Orlando FL,United States,Desconocido,2023,2023-02-04,standard_2022,0,322_4194
322,4195,Hampton Morton,United States,Lugia Archeops,86,10,regional,Regional Orlando FL,United States,Desconocido,2023,2023-02-04,standard_2022,0,322_4195
322,441,Darin O'Meara,United States,Regis,87,135,regional,Regional Orlando FL,United States,Desconocido,2023,2023-02-04,standard_2022,0,322_441
322,4196,Haoyu Chen,China,Lugia Archeops,88,5,regional,Regional Orlando FL,United States,Desconocido,2023,2023-02-04,standard_2022,0,322_4196
322,1016,Mike Morton,United States,Vikavolt,89,57,regional,Regional Orlando FL,United States,Desconocido,2023,2023-02-04,standard_2022,0,322_1016
322,2537,Luke Smith,United States,Fusion Mew,90,67,regional,Regional Orlando FL,United States,Desconocido,2023,2023-02-04,standard_2022,0,322_2537
322,1908,Alec Geissler,United States,Mew Genesect,91,51,regional,Regional Orlando FL,United States,Desconocido,2023,2023-02-04,standard_2022,0,322_1908
322,2895,Elliot Gantner,United States,Lugia Archeops,92,43,regional,Regional Orlando FL,United States,Desconocido,2023,2023-02-04,standard_2022,0,322_2895
322,703,Eric Smith,United States,Lugia Archeops,93,99,regional,Regional Orlando FL,United States,Desconocido,2023,2023-02-04,standard_2022,0,322_703
322,4198,Michael Battaglia,Canada,Lugia Archeops,94,23,regional,Regional Orlando FL,United States,Desconocido,2023,2023-02-04,standard_2022,0,322_4198
322,2448,Kamil Colatosti,Canada,Lugia Archeops,95,22,regional,Regional Orlando FL,United States,Desconocido,2023,2023-02-04,standard_2022,0,322_2448
322,4199,Clayton May,United States,Mew Genesect,96,10,regional,Regional Orlando FL,United States,Desconocido,2023,2023-02-04,standard_2022,0,322_4199
322,2770,Aidan Khus,United States,Lost Zone Box,97,180,regional,Regional Orlando FL,United States,Desconocido,2023,2023-02-04,standard_2022,0,322_2770
322,466,Jonathan Soto,United States,Kyurem Palkia,98,35,regional,Regional Orlando FL,United States,Desconocido,2023,2023-02-04,standard_2022,0,322_466
322,1011,Zander Bennett,United States,Mew Genesect,99,74,regional,Regional Orlando FL,United States,Desconocido,2023,2023-02-04,standard_2022,0,322_1011
322,4200,Owen Rhoads,United States,Lugia Archeops,100,28,regional,Regional Orlando FL,United States,Desconocido,2023,2023-02-04,standard_2022,0,322_4200
322,739,JW Kriewall,United States,Lugia Archeops,101,115,regional,Regional Orlando FL,United States,Desconocido,2023,2023-02-04,standard_2022,0,322_739
322,4201,Hunter Smith,United States,Regis,102,24,regional,Regional Orlando FL,United States,Desconocido,2023,2023-02-04,standard_2022,0,322_4201
322,4202,Cole Griffin,United States,LZ Rayquaza Box,103,10,regional,Regional Orlando FL,United States,Desconocido,2023,2023-02-04,standard_2022,0,322_4202
322,334,Daniel Altavilla,United States,Yveltal Control,104,637,regional,Regional Orlando FL,United States,Desconocido,2023,2023-02-04,standard_2022,0,322_334
322,4203,Matthew Wood,Canada,Regis,105,15,regional,Regional Orlando FL,United States,Desconocido,2023,2023-02-04,standard_2022,0,322_4203
322,155,Connor Finton,United States,Lugia Archeops,106,368,regional,Regional Orlando FL,United States,Desconocido,2023,2023-02-04,standard_2022,0,322_155
322,3251,Jack Moore,Canada,Regis,107,59,regional,Regional Orlando FL,United States,Desconocido,2023,2023-02-04,standard_2022,0,322_3251
322,4204,Carlos Artze,United States,Regis,108,5,regional,Regional Orlando FL,United States,Desconocido,2023,2023-02-04,standard_2022,0,322_4204
322,4205,Vincent Villagomez,United States,LZ Rayquaza Box,109,5,regional,Regional Orlando FL,United States,Desconocido,2023,2023-02-04,standard_2022,0,322_4205
322,3552,Travis Beckwith,United States,Vikavolt,110,65,regional,Regional Orlando FL,United States,Desconocido,2023,2023-02-04,standard_2022,0,322_3552
322,1782,Tyler Ralston,United States,Lugia Archeops,111,17,regional,Regional Orlando FL,United States,Desconocido,2023,2023-02-04,standard_2022,0,322_1782
322,4206,Prin Basser,United States,Fusion Mew,112,15,regional,Regional Orlando FL,United States,Desconocido,2023,2023-02-04,standard_2022,0,322_4206
322,916,Bryan Bare,United States,Arceus Duraludon,113,10,regional,Regional Orlando FL,United States,Desconocido,2023,2023-02-04,standard_2022,0,322_916
322,4058,Billy Chan,Canada,Lugia Archeops,114,37,regional,Regional Orlando FL,United States,Desconocido,2023,2023-02-04,standard_2022,0,322_4058
322,4207,Trevor Bales,United States,Arceus Duraludon,115,15,regional,Regional Orlando FL,United States,Desconocido,2023,2023-02-04,standard_2022,0,322_4207
322,4126,Nathaniel Dao,United States,Goodra LZ Box,116,12,regional,Regional Orlando FL,United States,Desconocido,2023,2023-02-04,standard_2022,0,322_4126
322,4036,Jacob Eye,United States,Lost Zone Box,117,40,regional,Regional Orlando FL,United States,Desconocido,2023,2023-02-04,standard_2022,0,322_4036
322,4208,Drake Lindsey,United States,Goodra LZ Box,118,5,regional,Regional Orlando FL,United States,Desconocido,2023,2023-02-04,standard_2022,0,322_4208
322,3723,Grant Shen,United States,Regis,119,197,regional,Regional Orlando FL,United States,Desconocido,2023,2023-02-04,standard_2022,0,322_3723
322,1412,Robert Simpson,Canada,Lost Zone Box,120,15,regional,Regional Orlando FL,United States,Desconocido,2023,2023-02-04,standard_2022,0,322_1412
322,889,Joe Ruettiger,United States,Mew Genesect,121,306,regional,Regional Orlando FL,United States,Desconocido,2023,2023-02-04,standard_2022,0,322_889
322,4209,Chance Filiatre,United States,Regis,122,5,regional,Regional Orlando FL,United States,Desconocido,2023,2023-02-04,standard_2022,0,322_4209
322,493,Mark Garcia,United States,Lugia Archeops,123,97,regional,Regional Orlando FL,United States,Desconocido,2023,2023-02-04,standard_2022,0,322_493
322,4210,Victor Manuel Garcia Montes,Mexico,Lugia Archeops,124,35,regional,Regional Orlando FL,United States,Desconocido,2023,2023-02-04,standard_2022,0,322_4210
322,953,Cameron Shenoy,United States,Lost Box Charizard,125,101,regional,Regional Orlando FL,United States,Desconocido,2023,2023-02-04,standard_2022,0,322_953
322,4211,Tenchi Starr,United States,Vikavolt Regieleki,126,5,regional,Regional Orlando FL,United States,Desconocido,2023,2023-02-04,standard_2022,0,322_4211
322,3666,Cobi Kawasaki,United States,LZ Rayquaza Box,127,44,regional,Regional Orlando FL,United States,Desconocido,2023,2023-02-04,standard_2022,0,322_3666
322,2574,Justin Brothers,United States,LZ Rayquaza Box,128,35,regional,Regional Orlando FL,United States,Desconocido,2023,2023-02-04,standard_2022,0,322_2574
322,4212,Kamal Crooks-Valdez,United States,LZ Rayquaza Box,129,3,regional,Regional Orlando FL,United States,Desconocido,2023,2023-02-04,standard_2022,0,322_4212
322,529,Eric Correa,United States,Lugia Archeops,130,9,regional,Regional Orlando FL,United States,Desconocido,2023,2023-02-04,standard_2022,0,322_529
322,602,Steven Toman,United States,Lugia Archeops,131,36,regional,Regional Orlando FL,United States,Desconocido,2023,2023-02-04,standard_2022,0,322_602
322,4213,Isaac Chance,United States,Regis,132,8,regional,Regional Orlando FL,United States,Desconocido,2023,2023-02-04,standard_2022,0,322_4213
322,4214,Tony Hoang,United States,Regis,133,8,regional,Regional Orlando FL,United States,Desconocido,2023,2023-02-04,standard_2022,0,322_4214
322,4215,Fabricio Valdivia,Peru,Vikavolt,134,3,regional,Regional Orlando FL,United States,Desconocido,2023,2023-02-04,standard_2022,0,322_4215
322,3854,Dillon Barta,United States,Lugia Archeops,135,8,regional,Regional Orlando FL,United States,Desconocido,2023,2023-02-04,standard_2022,0,322_3854
322,413,Noel Totomoch,United States,Lost Zone Box,136,96,regional,Regional Orlando FL,United States,Desconocido,2023,2023-02-04,standard_2022,0,322_413
322,4216,Jonathan Llewellyn,United States,Lugia Archeops,137,3,regional,Regional Orlando FL,United States,Desconocido,2023,2023-02-04,standard_2022,0,322_4216
322,4217,Cameron Coolidge,United States,Goodra LZ Box,138,3,regional,Regional Orlando FL,United States,Desconocido,2023,2023-02-04,standard_2022,0,322_4217
322,4218,Aaron Santos,United States,Lugia Archeops,139,3,regional,Regional Orlando FL,United States,Desconocido,2023,2023-02-04,standard_2022,0,322_4218
322,4219,Maddox Corcoran,United States,Mew Genesect,140,20,regional,Regional Orlando FL,United States,Desconocido,2023,2023-02-04,standard_2022,0,322_4219
322,4220,Sylvester Kwon,United States,Goodra LZ Box,141,11,regional,Regional Orlando FL,United States,Desconocido,2023,2023-02-04,standard_2022,0,322_4220
322,1364,Arlo Neel,United States,Mew Genesect,142,48,regional,Regional Orlando FL,United States,Desconocido,2023,2023-02-04,standard_2022,0,322_1364
322,4221,Chris Brewer,United States,Arceus,143,3,regional,Regional Orlando FL,United States,Desconocido,2023,2023-02-04,standard_2022,0,322_4221
322,4222,Patrick Vargas,United States,Yveltal Control,144,8,regional,Regional Orlando FL,United States,Desconocido,2023,2023-02-04,standard_2022,0,322_4222
322,2287,Diane Schemanske,United States,Arceus Duraludon,145,10,regional,Regional Orlando FL,United States,Desconocido,2023,2023-02-04,standard_2022,0,322_2287
322,4223,Stjepan Peharda,United States,Arceus Flying Pikachu,146,3,regional,Regional Orlando FL,United States,Desconocido,2023,2023-02-04,standard_2022,0,322_4223
322,1206,Edwin Lopez,United States,Fusion Mew,147,68,regional,Regional Orlando FL,United States,Desconocido,2023,2023-02-04,standard_2022,0,322_1206
322,4224,Brian Myers,United States,Mew Genesect,148,13,regional,Regional Orlando FL,United States,Desconocido,2023,2023-02-04,standard_2022,0,322_4224
322,86,Tord Reklev,Norway,Lugia Archeops,149,832,regional,Regional Orlando FL,United States,Desconocido,2023,2023-02-04,standard_2022,0,322_86
322,3477,Steven Lavoie,United States,Lost Zone Box,150,21,regional,Regional Orlando FL,United States,Desconocido,2023,2023-02-04,standard_2022,0,322_3477
322,4225,Nick Mangano,United States,Goodra LZ Box,151,3,regional,Regional Orlando FL,United States,Desconocido,2023,2023-02-04,standard_2022,0,322_4225
322,4226,Bradley Erickson,United States,Regis,152,18,regional,Regional Orlando FL,United States,Desconocido,2023,2023-02-04,standard_2022,0,322_4226
322,4227,Matthew Keyes,United States,Lugia Archeops,153,6,regional,Regional Orlando FL,United States,Desconocido,2023,2023-02-04,standard_2022,0,322_4227
335,3580,Leon Kesselring,Switzerland,Mew Genesect,1,38,regional,Regional Liverpool,Great Britain,EU,2023,2023-01-21,standard_2022,1,335_3580
335,284,Stéphane Ivanoff,France,Goodra LZ Box,2,528,regional,Regional Liverpool,Great Britain,EU,2023,2023-01-21,standard_2022,1,335_284
335,4142,Mikey Block,Great Britain,LZ Rayquaza Box,3,18,regional,Regional Liverpool,Great Britain,EU,2023,2023-01-21,standard_2022,1,335_4142
335,962,Raz Wolpe,Israel,Lugia Archeops,4,169,regional,Regional Liverpool,Great Britain,EU,2023,2023-01-21,standard_2022,1,335_962
335,161,Kim Pobega,Italy,Lugia Archeops,5,138,regional,Regional Liverpool,Great Britain,EU,2023,2023-01-21,standard_2022,1,335_161
335,11,Ryan Moorhouse,Great Britain,Fusion Mew,6,175,regional,Regional Liverpool,Great Britain,EU,2023,2023-01-21,standard_2022,1,335_11
335,3551,Vinnie Schelfhaut,Belgium,Goodra LZ Box,7,41,regional,Regional Liverpool,Great Britain,EU,2023,2023-01-21,standard_2022,1,335_3551
335,64,Sander Wojcik,Netherlands,Yveltal Control,8,312,regional,Regional Liverpool,Great Britain,EU,2023,2023-01-21,standard_2022,1,335_64
335,4020,Ethan Chew,Great Britain,Lugia Archeops,9,21,regional,Regional Liverpool,Great Britain,EU,2023,2023-01-21,standard_2022,0,335_4020
335,2504,Brennan Kamerman,Netherlands,LZ Rayquaza Box,10,141,regional,Regional Liverpool,Great Britain,EU,2023,2023-01-21,standard_2022,0,335_2504
335,2257,Mathieu Vidal,France,Lugia Archeops,11,49,regional,Regional Liverpool,Great Britain,EU,2023,2023-01-21,standard_2022,0,335_2257
335,2186,Demetris Eaton,Great Britain,Lugia Archeops,12,52,regional,Regional Liverpool,Great Britain,EU,2023,2023-01-21,standard_2022,0,335_2186
335,2012,Oscar Rivas Perez,Spain,Arceus Duraludon,13,54,regional,Regional Liverpool,Great Britain,EU,2023,2023-01-21,standard_2022,0,335_2012
335,4143,Luca Miele,Great Britain,Mew Genesect,14,10,regional,Regional Liverpool,Great Britain,EU,2023,2023-01-21,standard_2022,0,335_4143
335,4144,Steffen From,Denmark,Lugia Archeops,15,10,regional,Regional Liverpool,Great Britain,EU,2023,2023-01-21,standard_2022,0,335_4144
335,321,Rahul Reddy,United States,Regis,16,550,regional,Regional Liverpool,Great Britain,EU,2023,2023-01-21,standard_2022,0,335_321
335,4145,Cédric Paporello,France,Arceus Duraludon,17,8,regional,Regional Liverpool,Great Britain,EU,2023,2023-01-21,standard_2022,0,335_4145
335,3550,Alec White,Great Britain,Giratina LZ Box,18,25,regional,Regional Liverpool,Great Britain,EU,2023,2023-01-21,standard_2022,0,335_3550
335,3679,Corentin Metge,France,Vikavolt,19,11,regional,Regional Liverpool,Great Britain,EU,2023,2023-01-21,standard_2022,0,335_3679
335,1664,Dario Scarnò,Italy,Palkia Inteleon,20,94,regional,Regional Liverpool,Great Britain,EU,2023,2023-01-21,standard_2022,0,335_1664
335,4146,Matthew Byrom,Great Britain,Lugia Archeops,21,16,regional,Regional Liverpool,Great Britain,EU,2023,2023-01-21,standard_2022,0,335_4146
335,4147,Adam Shek,Great Britain,Lugia Archeops,22,9,regional,Regional Liverpool,Great Britain,EU,2023,2023-01-21,standard_2022,0,335_4147
335,310,Paulo Mimoso,Portugal,Fusion Mew,23,59,regional,Regional Liverpool,Great Britain,EU,2023,2023-01-21,standard_2022,0,335_310
335,86,Tord Reklev,Norway,Lugia Archeops,24,832,regional,Regional Liverpool,Great Britain,EU,2023,2023-01-21,standard_2022,0,335_86
335,3931,Yoann Barszezak,France,Lugia Archeops,25,58,regional,Regional Liverpool,Great Britain,EU,2023,2023-01-21,standard_2022,0,335_3931
335,4148,Ben Ahmadi,Great Britain,Palkia Vikavolt,26,16,regional,Regional Liverpool,Great Britain,EU,2023,2023-01-21,standard_2022,0,335_4148
335,3105,Luke Fisher,Great Britain,Lugia Archeops,27,29,regional,Regional Liverpool,Great Britain,EU,2023,2023-01-21,standard_2022,0,335_3105
335,1548,Bryan de Vries,Netherlands,Lugia Archeops,28,275,regional,Regional Liverpool,Great Britain,EU,2023,2023-01-21,standard_2022,0,335_1548
335,3541,Alberto Conti,Italy,Lost Zone Box,29,38,regional,Regional Liverpool,Great Britain,EU,2023,2023-01-21,standard_2022,0,335_3541
335,47,Steven Mao,Germany,Lugia Archeops,30,209,regional,Regional Liverpool,Great Britain,EU,2023,2023-01-21,standard_2022,0,335_47
335,249,Julien Cretenoud,Switzerland,Arceus Flying Pikachu,31,34,regional,Regional Liverpool,Great Britain,EU,2023,2023-01-21,standard_2022,0,335_249
335,4149,Gage Rull,Great Britain,Lugia Archeops,32,8,regional,Regional Liverpool,Great Britain,EU,2023,2023-01-21,standard_2022,0,335_4149
335,72,Patrik Bartosovic,Czech Republic,Lugia Archeops,33,54,regional,Regional Liverpool,Great Britain,EU,2023,2023-01-21,standard_2022,0,335_72
335,4150,Kyan Rogers,Great Britain,Eternatus Weezing,34,5,regional,Regional Liverpool,Great Britain,EU,2023,2023-01-21,standard_2022,0,335_4150
335,26,Sen Caubergh,Belgium,Regis,35,144,regional,Regional Liverpool,Great Britain,EU,2023,2023-01-21,standard_2022,0,335_26
335,288,Toby Woolner,Great Britain,Regis,36,60,regional,Regional Liverpool,Great Britain,EU,2023,2023-01-21,standard_2022,0,335_288
335,3490,Jack Pauling,Great Britain,Lugia Archeops,37,13,regional,Regional Liverpool,Great Britain,EU,2023,2023-01-21,standard_2022,0,335_3490
335,4151,Matthew Vanoli,Great Britain,Lugia Archeops,38,7,regional,Regional Liverpool,Great Britain,EU,2023,2023-01-21,standard_2022,0,335_4151
335,4152,Michael Williams,Great Britain,Lugia Archeops,39,5,regional,Regional Liverpool,Great Britain,EU,2023,2023-01-21,standard_2022,0,335_4152
335,3915,Jamie Frankland,Great Britain,Regis,40,70,regional,Regional Liverpool,Great Britain,EU,2023,2023-01-21,standard_2022,0,335_3915
335,4153,Michelle Brown-Brine,Great Britain,Fusion Mew,41,5,regional,Regional Liverpool,Great Britain,EU,2023,2023-01-21,standard_2022,0,335_4153
335,4154,Peter Shaw,Great Britain,Lost Box Charizard,42,5,regional,Regional Liverpool,Great Britain,EU,2023,2023-01-21,standard_2022,0,335_4154
335,4155,Michael Sorbera,Great Britain,Mew Genesect,43,5,regional,Regional Liverpool,Great Britain,EU,2023,2023-01-21,standard_2022,0,335_4155
335,4156,Ward Knuts,Belgium,Lugia Archeops,44,5,regional,Regional Liverpool,Great Britain,EU,2023,2023-01-21,standard_2022,0,335_4156
335,2247,Christian D'onofrio,Italy,Lugia Archeops,45,35,regional,Regional Liverpool,Great Britain,EU,2023,2023-01-21,standard_2022,0,335_2247
335,4157,Iago Pardo,Spain,Lugia Archeops,46,5,regional,Regional Liverpool,Great Britain,EU,2023,2023-01-21,standard_2022,0,335_4157
335,2379,Pere Arbós Parets,Spain,Mew Genesect,47,57,regional,Regional Liverpool,Great Britain,EU,2023,2023-01-21,standard_2022,0,335_2379
335,79,Piotr Orleański,Poland,Charizard Inteleon,48,132,regional,Regional Liverpool,Great Britain,EU,2023,2023-01-21,standard_2022,0,335_79
335,4158,Timothy Cox,Great Britain,Lost Zone Box,49,5,regional,Regional Liverpool,Great Britain,EU,2023,2023-01-21,standard_2022,0,335_4158
335,1498,Kieran Cotterell,Great Britain,LZ Rayquaza Box,50,5,regional,Regional Liverpool,Great Britain,EU,2023,2023-01-21,standard_2022,0,335_1498
335,3544,Sai Fung Lau,Great Britain,Lugia Archeops,51,22,regional,Regional Liverpool,Great Britain,EU,2023,2023-01-21,standard_2022,0,335_3544
335,2336,Jimmy Marcus Munk,Denmark,Lugia Archeops,52,33,regional,Regional Liverpool,Great Britain,EU,2023,2023-01-21,standard_2022,0,335_2336
335,4159,Connor Bird,Great Britain,Vikavolt,53,17,regional,Regional Liverpool,Great Britain,EU,2023,2023-01-21,standard_2022,0,335_4159
335,4160,Jak Hall,Great Britain,Lugia Archeops,54,5,regional,Regional Liverpool,Great Britain,EU,2023,2023-01-21,standard_2022,0,335_4160
335,4161,Samuel Smith,Great Britain,LZ Rayquaza Box,55,5,regional,Regional Liverpool,Great Britain,EU,2023,2023-01-21,standard_2022,0,335_4161
335,2884,Matthew Clarke,Great Britain,Arceus Flying Pikachu,56,37,regional,Regional Liverpool,Great Britain,EU,2023,2023-01-21,standard_2022,0,335_2884
335,4162,Connor Kilty,Great Britain,Mew Genesect,57,5,regional,Regional Liverpool,Great Britain,EU,2023,2023-01-21,standard_2022,0,335_4162
335,4163,Matt Vandersluys,Great Britain,Arceus Duraludon,58,5,regional,Regional Liverpool,Great Britain,EU,2023,2023-01-21,standard_2022,0,335_4163
335,297,Paul Stringer,Great Britain,LZ Rayquaza Box,59,44,regional,Regional Liverpool,Great Britain,EU,2023,2023-01-21,standard_2022,0,335_297
335,94,Joe Yeates,Ireland,Snorlax Cherrim,60,22,regional,Regional Liverpool,Great Britain,EU,2023,2023-01-21,standard_2022,0,335_94
335,4164,Jana Sandová,Czech Republic,Lugia Archeops,61,5,regional,Regional Liverpool,Great Britain,EU,2023,2023-01-21,standard_2022,0,335_4164
335,4165,Oliver Barnett,Great Britain,Regis,62,13,regional,Regional Liverpool,Great Britain,EU,2023,2023-01-21,standard_2022,0,335_4165
335,1109,Adrian Fjell,Norway,LZ Rayquaza Box,63,52,regional,Regional Liverpool,Great Britain,EU,2023,2023-01-21,standard_2022,0,335_1109
335,2010,Joshua Vanoverschelde,Belgium,Arceus Duraludon,64,90,regional,Regional Liverpool,Great Britain,EU,2023,2023-01-21,standard_2022,0,335_2010
335,1488,Jake Walvin,Great Britain,Lugia Archeops,65,53,regional,Regional Liverpool,Great Britain,EU,2023,2023-01-21,standard_2022,0,335_1488
335,4166,Nick Aminzadeh,Netherlands,Lugia Archeops,66,4,regional,Regional Liverpool,Great Britain,EU,2023,2023-01-21,standard_2022,0,335_4166
335,4167,Alexander Mehta,Great Britain,Fusion Mew,67,4,regional,Regional Liverpool,Great Britain,EU,2023,2023-01-21,standard_2022,0,335_4167
335,4168,Andrew Swann,Great Britain,Regis,68,4,regional,Regional Liverpool,Great Britain,EU,2023,2023-01-21,standard_2022,0,335_4168
335,4169,Ben Silver,Great Britain,Arceus Flying Pikachu,69,4,regional,Regional Liverpool,Great Britain,EU,2023,2023-01-21,standard_2022,0,335_4169
335,1495,Benjamin Rabaiotti,Great Britain,Mew Genesect,70,22,regional,Regional Liverpool,Great Britain,EU,2023,2023-01-21,standard_2022,0,335_1495
335,4170,Richard Howford,Great Britain,Arceus Flying Pikachu,71,4,regional,Regional Liverpool,Great Britain,EU,2023,2023-01-21,standard_2022,0,335_4170
335,4171,Antoine Betti,France,Lugia Archeops,72,12,regional,Regional Liverpool,Great Britain,EU,2023,2023-01-21,standard_2022,0,335_4171
335,4172,Steven Mills,Great Britain,LZ Flying Pikachu Box,73,4,regional,Regional Liverpool,Great Britain,EU,2023,2023-01-21,standard_2022,0,335_4172
335,4173,James Ramsay,Great Britain,Regis,74,4,regional,Regional Liverpool,Great Britain,EU,2023,2023-01-21,standard_2022,0,335_4173
335,4174,Florian Schlabes,Germany,Goodra LZ Box,75,4,regional,Regional Liverpool,Great Britain,EU,2023,2023-01-21,standard_2022,0,335_4174
335,3136,Jonathan O'Mara,Great Britain,Mew Genesect,76,8,regional,Regional Liverpool,Great Britain,EU,2023,2023-01-21,standard_2022,0,335_3136
335,4175,Thomas De Sloover,Belgium,Lugia Archeops,77,4,regional,Regional Liverpool,Great Britain,EU,2023,2023-01-21,standard_2022,0,335_4175
335,87,Fabien Pujol,France,Zoroark Box,78,310,regional,Regional Liverpool,Great Britain,EU,2023,2023-01-21,standard_2022,0,335_87
335,3549,Stephen Chan,Great Britain,Lugia Archeops,79,15,regional,Regional Liverpool,Great Britain,EU,2023,2023-01-21,standard_2022,0,335_3549
323,678,Gibson Archer-Tang,United States,Vikavolt,1,123,regional,Regional San Diego CA,United States,Desconocido,2023,2023-01-07,standard_2022,1,323_678
323,4116,Nathan Ginsburg,United States,Mew Genesect,2,51,regional,Regional San Diego CA,United States,Desconocido,2023,2023-01-07,standard_2022,1,323_4116
323,3723,Grant Shen,United States,Arceus Duraludon,3,197,regional,Regional San Diego CA,United States,Desconocido,2023,2023-01-07,standard_2022,1,323_3723
323,765,Ryan Harris,United States,LZ Rayquaza Box,4,86,regional,Regional San Diego CA,United States,Desconocido,2023,2023-01-07,standard_2022,1,323_765
323,3215,Makani Tran,United States,Arceus,5,89,regional,Regional San Diego CA,United States,Desconocido,2023,2023-01-07,standard_2022,1,323_3215
323,441,Darin O'Meara,United States,Regis,6,135,regional,Regional San Diego CA,United States,Desconocido,2023,2023-01-07,standard_2022,1,323_441
323,779,Alex McNeill,United States,Lugia Archeops,7,60,regional,Regional San Diego CA,United States,Desconocido,2023,2023-01-07,standard_2022,1,323_779
323,167,Pablo Meza,Mexico,LZ Rayquaza Box,8,424,regional,Regional San Diego CA,United States,Desconocido,2023,2023-01-07,standard_2022,1,323_167
323,328,Caleb Gedemer,United States,Lost Zone Box,9,599,regional,Regional San Diego CA,United States,Desconocido,2023,2023-01-07,standard_2022,0,323_328
323,1630,Nicholas Moffitt,United States,LZ Rayquaza Box,10,266,regional,Regional San Diego CA,United States,Desconocido,2023,2023-01-07,standard_2022,0,323_1630
323,2674,Jonathan Rodriguez,United States,Lugia Archeops,11,29,regional,Regional San Diego CA,United States,Desconocido,2023,2023-01-07,standard_2022,0,323_2674
323,132,Drew Kennett,United States,Regis,12,264,regional,Regional San Diego CA,United States,Desconocido,2023,2023-01-07,standard_2022,0,323_132
323,153,Azul Garcia Griego,United States,Lost Zone Box,13,943,regional,Regional San Diego CA,United States,Desconocido,2023,2023-01-07,standard_2022,0,323_153
323,203,Sam Chen,United States,Regis,14,411,regional,Regional San Diego CA,United States,Desconocido,2023,2023-01-07,standard_2022,0,323_203
323,2122,Gabriel Smart,United States,Lugia Archeops,15,223,regional,Regional San Diego CA,United States,Desconocido,2023,2023-01-07,standard_2022,0,323_2122
323,1157,Landen Kaetler,Canada,Lugia Archeops,16,92,regional,Regional San Diego CA,United States,Desconocido,2023,2023-01-07,standard_2022,0,323_1157
323,4117,Hector Rivera,United States,Lugia Archeops,17,10,regional,Regional San Diego CA,United States,Desconocido,2023,2023-01-07,standard_2022,0,323_4117
323,4038,Nathan Stratford,United States,Regis,18,75,regional,Regional San Diego CA,United States,Desconocido,2023,2023-01-07,standard_2022,0,323_4038
323,547,Steven Varesko,United States,Lugia Archeops,19,74,regional,Regional San Diego CA,United States,Desconocido,2023,2023-01-07,standard_2022,0,323_547
323,902,Riley Hulbert,United States,Lugia Archeops,20,216,regional,Regional San Diego CA,United States,Desconocido,2023,2023-01-07,standard_2022,0,323_902
323,1626,Isaiah Bradner,United States,Regis,21,332,regional,Regional San Diego CA,United States,Desconocido,2023,2023-01-07,standard_2022,0,323_1626
323,403,Bodhi Tracy,United States,LZ Rayquaza Box,22,59,regional,Regional San Diego CA,United States,Desconocido,2023,2023-01-07,standard_2022,0,323_403
323,4118,Javier Sanchez,United States,Lugia Archeops,23,15,regional,Regional San Diego CA,United States,Desconocido,2023,2023-01-07,standard_2022,0,323_4118
323,534,Aaron Friedman,United States,Lugia Archeops,24,147,regional,Regional San Diego CA,United States,Desconocido,2023,2023-01-07,standard_2022,0,323_534
323,864,Ian Robb,United States,Palkia Inteleon,25,512,regional,Regional San Diego CA,United States,Desconocido,2023,2023-01-07,standard_2022,0,323_864
323,321,Rahul Reddy,United States,Regis,26,550,regional,Regional San Diego CA,United States,Desconocido,2023,2023-01-07,standard_2022,0,323_321
323,396,Josh Fernando,Canada,Lugia Archeops,27,56,regional,Regional San Diego CA,United States,Desconocido,2023,2023-01-07,standard_2022,0,323_396
323,3724,Derrick Schwarz,United States,Dialga,28,22,regional,Regional San Diego CA,United States,Desconocido,2023,2023-01-07,standard_2022,0,323_3724
323,602,Steven Toman,United States,Lugia Archeops,29,36,regional,Regional San Diego CA,United States,Desconocido,2023,2023-01-07,standard_2022,0,323_602
323,135,Israel Sosa,United States,Goodra LZ Box,30,198,regional,Regional San Diego CA,United States,Desconocido,2023,2023-01-07,standard_2022,0,323_135
323,2770,Aidan Khus,United States,LZ Flying Pikachu Box,31,180,regional,Regional San Diego CA,United States,Desconocido,2023,2023-01-07,standard_2022,0,323_2770
323,2628,Calvin Connor,United States,Lost Zone Box,32,260,regional,Regional San Diego CA,United States,Desconocido,2023,2023-01-07,standard_2022,0,323_2628
323,493,Mark Garcia,United States,Lugia Archeops,33,97,regional,Regional San Diego CA,United States,Desconocido,2023,2023-01-07,standard_2022,0,323_493
323,4119,Morgan Fite,United States,Lugia Archeops,34,7,regional,Regional San Diego CA,United States,Desconocido,2023,2023-01-07,standard_2022,0,323_4119
323,3721,Noah Yoshida,United States,Palkia Inteleon,35,56,regional,Regional San Diego CA,United States,Desconocido,2023,2023-01-07,standard_2022,0,323_3721
323,4120,Andres David Torres,Colombia,Lugia Archeops,36,41,regional,Regional San Diego CA,United States,Desconocido,2023,2023-01-07,standard_2022,0,323_4120
323,4121,Mitchell Moscrop,United States,Arceus Duraludon,37,7,regional,Regional San Diego CA,United States,Desconocido,2023,2023-01-07,standard_2022,0,323_4121
323,154,Sammy Sosa,United States,Goodra LZ Box,38,24,regional,Regional San Diego CA,United States,Desconocido,2023,2023-01-07,standard_2022,0,323_154
323,3754,Noah Schuler,United States,Lugia Archeops,39,29,regional,Regional San Diego CA,United States,Desconocido,2023,2023-01-07,standard_2022,0,323_3754
323,4044,Anthony Perez,United States,Lugia Archeops,40,47,regional,Regional San Diego CA,United States,Desconocido,2023,2023-01-07,standard_2022,0,323_4044
323,2315,Adrian Mejia Galvez,Mexico,Vikavolt,41,32,regional,Regional San Diego CA,United States,Desconocido,2023,2023-01-07,standard_2022,0,323_2315
323,434,Nathian Beck,United States,LZ Rayquaza Box,42,49,regional,Regional San Diego CA,United States,Desconocido,2023,2023-01-07,standard_2022,0,323_434
323,4122,Connor Miller,United States,LZ Rayquaza Box,43,7,regional,Regional San Diego CA,United States,Desconocido,2023,2023-01-07,standard_2022,0,323_4122
323,3895,Andres Alderette,United States,Fusion Mew,44,50,regional,Regional San Diego CA,United States,Desconocido,2023,2023-01-07,standard_2022,0,323_3895
323,168,Kian Amini,United States,Regis,45,301,regional,Regional San Diego CA,United States,Desconocido,2023,2023-01-07,standard_2022,0,323_168
323,4123,Jakob Friedman,United States,Lugia Archeops,46,24,regional,Regional San Diego CA,United States,Desconocido,2023,2023-01-07,standard_2022,0,323_4123
323,4124,Tiffany Parra,United States,Mew Genesect,47,7,regional,Regional San Diego CA,United States,Desconocido,2023,2023-01-07,standard_2022,0,323_4124
323,2384,Nathaniel Kaplan,United States,Lugia Archeops,48,95,regional,Regional San Diego CA,United States,Desconocido,2023,2023-01-07,standard_2022,0,323_2384
323,3642,Nathan Schaal,United States,Arceus Flying Pikachu,49,22,regional,Regional San Diego CA,United States,Desconocido,2023,2023-01-07,standard_2022,0,323_3642
323,4125,Stephen Cham,United States,Lugia Archeops,50,12,regional,Regional San Diego CA,United States,Desconocido,2023,2023-01-07,standard_2022,0,323_4125
323,1535,Christian Franco,United States,Palkia Inteleon,51,72,regional,Regional San Diego CA,United States,Desconocido,2023,2023-01-07,standard_2022,0,323_1535
323,4126,Nathaniel Dao,United States,Lugia Archeops,52,12,regional,Regional San Diego CA,United States,Desconocido,2023,2023-01-07,standard_2022,0,323_4126
323,2834,Wyatt Palguta,United States,Fusion Mew,53,44,regional,Regional San Diego CA,United States,Desconocido,2023,2023-01-07,standard_2022,0,323_2834
323,141,Justin Bokhari,United States,Regis,54,455,regional,Regional San Diego CA,United States,Desconocido,2023,2023-01-07,standard_2022,0,323_141
323,3446,Mitchel Silva,United States,LZ Rayquaza Box,55,36,regional,Regional San Diego CA,United States,Desconocido,2023,2023-01-07,standard_2022,0,323_3446
323,1134,Grant Hays,United States,Arceus Duraludon,56,124,regional,Regional San Diego CA,United States,Desconocido,2023,2023-01-07,standard_2022,0,323_1134
323,2626,Noah Sakadjian,United States,Lugia Archeops,57,57,regional,Regional San Diego CA,United States,Desconocido,2023,2023-01-07,standard_2022,0,323_2626
323,1927,Oliver Rochin Montijo,Mexico,Lugia Archeops,58,45,regional,Regional San Diego CA,United States,Desconocido,2023,2023-01-07,standard_2022,0,323_1927
323,868,Jon Eng,United States,Lugia Archeops,59,492,regional,Regional San Diego CA,United States,Desconocido,2023,2023-01-07,standard_2022,0,323_868
323,2173,Matthew Connors,United States,Mew Genesect,60,20,regional,Regional San Diego CA,United States,Desconocido,2023,2023-01-07,standard_2022,0,323_2173
323,4064,Harrison Frazier,United States,LZ Rayquaza Box,61,12,regional,Regional San Diego CA,United States,Desconocido,2023,2023-01-07,standard_2022,0,323_4064
323,196,Zach Lesage,Canada,Arceus Duraludon,62,387,regional,Regional San Diego CA,United States,Desconocido,2023,2023-01-07,standard_2022,0,323_196
323,2553,Iyla Sutherland,United States,Eternatus Weezing,63,62,regional,Regional San Diego CA,United States,Desconocido,2023,2023-01-07,standard_2022,0,323_2553
323,3195,Lucas Thiele,United States,LZ Rayquaza Box,64,65,regional,Regional San Diego CA,United States,Desconocido,2023,2023-01-07,standard_2022,0,323_3195
323,885,Michael Zele,United States,Lugia Archeops,65,55,regional,Regional San Diego CA,United States,Desconocido,2023,2023-01-07,standard_2022,0,323_885
323,1288,Ryan Pena,United States,Lost Box Charizard,66,39,regional,Regional San Diego CA,United States,Desconocido,2023,2023-01-07,standard_2022,0,323_1288
323,4127,Alex Green,United States,Lugia Archeops,67,5,regional,Regional San Diego CA,United States,Desconocido,2023,2023-01-07,standard_2022,0,323_4127
323,4128,Patrick Martinez,United States,Regis,68,5,regional,Regional San Diego CA,United States,Desconocido,2023,2023-01-07,standard_2022,0,323_4128
323,2891,Caleb Rogerson,United States,Lugia Archeops,69,87,regional,Regional San Diego CA,United States,Desconocido,2023,2023-01-07,standard_2022,0,323_2891
323,617,Christian Cruz Esquivel,Mexico,Lugia Archeops,70,33,regional,Regional San Diego CA,United States,Desconocido,2023,2023-01-07,standard_2022,0,323_617
323,2922,Brian Kim,United States,Lugia Archeops,71,66,regional,Regional San Diego CA,United States,Desconocido,2023,2023-01-07,standard_2022,0,323_2922
323,3901,Daniel Brunner,United States,Arceus Flying Pikachu,72,12,regional,Regional San Diego CA,United States,Desconocido,2023,2023-01-07,standard_2022,0,323_3901
323,4129,Ryan Miller,United States,Eternatus Weezing,73,17,regional,Regional San Diego CA,United States,Desconocido,2023,2023-01-07,standard_2022,0,323_4129
323,4130,Matthew Pitchford,United States,Lugia Archeops,74,5,regional,Regional San Diego CA,United States,Desconocido,2023,2023-01-07,standard_2022,0,323_4130
323,2667,Jacob Lopez,United States,Regis,75,10,regional,Regional San Diego CA,United States,Desconocido,2023,2023-01-07,standard_2022,0,323_2667
323,508,Christopher Silver,United States,Lugia Archeops,76,16,regional,Regional San Diego CA,United States,Desconocido,2023,2023-01-07,standard_2022,0,323_508
323,4131,Jonathan Cortez,United States,Mew Genesect,77,12,regional,Regional San Diego CA,United States,Desconocido,2023,2023-01-07,standard_2022,0,323_4131
323,3476,Jonathan Means,United States,Palkia Inteleon,78,32,regional,Regional San Diego CA,United States,Desconocido,2023,2023-01-07,standard_2022,0,323_3476
323,4132,Alexander Joens,United States,LZ Rayquaza Box,79,5,regional,Regional San Diego CA,United States,Desconocido,2023,2023-01-07,standard_2022,0,323_4132
323,4133,Daniel Gallarza,United States,LZ Rayquaza Box,80,8,regional,Regional San Diego CA,United States,Desconocido,2023,2023-01-07,standard_2022,0,323_4133
323,3471,Devin Ardissono,United States,Fusion Mew,81,34,regional,Regional San Diego CA,United States,Desconocido,2023,2023-01-07,standard_2022,0,323_3471
323,4134,Gibran Palafox,Mexico,Lugia Archeops,82,5,regional,Regional San Diego CA,United States,Desconocido,2023,2023-01-07,standard_2022,0,323_4134
323,4135,Hiroki Nakashima,Canada,LZ Rayquaza Box,83,17,regional,Regional San Diego CA,United States,Desconocido,2023,2023-01-07,standard_2022,0,323_4135
323,4136,Benjamin Chang,United States,Lugia Archeops,84,5,regional,Regional San Diego CA,United States,Desconocido,2023,2023-01-07,standard_2022,0,323_4136
323,4137,Tommy Hines,United States,Lugia Archeops,85,5,regional,Regional San Diego CA,United States,Desconocido,2023,2023-01-07,standard_2022,0,323_4137
323,4138,John Healey IV,United States,Goodra LZ Box,86,5,regional,Regional San Diego CA,United States,Desconocido,2023,2023-01-07,standard_2022,0,323_4138
323,4139,Kevin Schilling,United States,LZ Rayquaza Box,87,5,regional,Regional San Diego CA,United States,Desconocido,2023,2023-01-07,standard_2022,0,323_4139
323,4140,Ethan Rible,United States,Arceus Inteleon,88,15,regional,Regional San Diego CA,United States,Desconocido,2023,2023-01-07,standard_2022,0,323_4140
323,4141,Marcos Lopez Alvarez,United States,Lugia Archeops,89,5,regional,Regional San Diego CA,United States,Desconocido,2023,2023-01-07,standard_2022,0,323_4141
321,155,Connor Finton,United States,Lugia Archeops,1,368,regional,Regional Arlington TX,United States,Desconocido,2022,2022-12-17,standard_2022,1,321_155
321,318,Alex Krekeler,United States,Vikavolt,2,192,regional,Regional Arlington TX,United States,Desconocido,2022,2022-12-17,standard_2022,1,321_318
321,868,Jon Eng,United States,Lugia Archeops,3,492,regional,Regional Arlington TX,United States,Desconocido,2022,2022-12-17,standard_2022,1,321_868
321,4034,Jordon Gaubert,United States,Lugia Archeops,4,21,regional,Regional Arlington TX,United States,Desconocido,2022,2022-12-17,standard_2022,1,321_4034
321,4035,Liam Halliburton,United States,Lugia Archeops,5,18,regional,Regional Arlington TX,United States,Desconocido,2022,2022-12-17,standard_2022,1,321_4035
321,902,Riley Hulbert,United States,Lugia Archeops,6,216,regional,Regional Arlington TX,United States,Desconocido,2022,2022-12-17,standard_2022,1,321_902
321,3181,Christian Fontenot,Denmark,Regis,7,77,regional,Regional Arlington TX,United States,Desconocido,2022,2022-12-17,standard_2022,1,321_3181
321,4036,Jacob Eye,United States,LZ Rayquaza Box,8,40,regional,Regional Arlington TX,United States,Desconocido,2022,2022-12-17,standard_2022,1,321_4036
321,153,Azul Garcia Griego,United States,Lost Zone Box,9,943,regional,Regional Arlington TX,United States,Desconocido,2022,2022-12-17,standard_2022,0,321_153
321,3636,Tyler Mathews,United States,LZ Rayquaza Box,10,91,regional,Regional Arlington TX,United States,Desconocido,2022,2022-12-17,standard_2022,0,321_3636
321,317,Andrew Mahone,United States,Lugia Archeops,11,305,regional,Regional Arlington TX,United States,Desconocido,2022,2022-12-17,standard_2022,0,321_317
321,2812,Jose Marzan,Puerto Rico,Lugia Archeops,12,87,regional,Regional Arlington TX,United States,Desconocido,2022,2022-12-17,standard_2022,0,321_2812
321,321,Rahul Reddy,United States,Regis,13,550,regional,Regional Arlington TX,United States,Desconocido,2022,2022-12-17,standard_2022,0,321_321
321,4037,Xavier Clark,United States,Lugia Archeops,14,12,regional,Regional Arlington TX,United States,Desconocido,2022,2022-12-17,standard_2022,0,321_4037
321,4038,Nathan Stratford,United States,Regis,15,75,regional,Regional Arlington TX,United States,Desconocido,2022,2022-12-17,standard_2022,0,321_4038
321,3834,Josh Cohen,United States,Lugia Archeops,16,17,regional,Regional Arlington TX,United States,Desconocido,2022,2022-12-17,standard_2022,0,321_3834
321,3723,Grant Shen,United States,Arceus Duraludon,17,197,regional,Regional Arlington TX,United States,Desconocido,2022,2022-12-17,standard_2022,0,321_3723
321,3790,Jansen Wada,United States,Lugia Archeops,18,20,regional,Regional Arlington TX,United States,Desconocido,2022,2022-12-17,standard_2022,0,321_3790
321,1780,Nic Stewart,United States,Regis,19,67,regional,Regional Arlington TX,United States,Desconocido,2022,2022-12-17,standard_2022,0,321_1780
321,3888,Evan Lubeley,United States,Lugia Archeops,20,44,regional,Regional Arlington TX,United States,Desconocido,2022,2022-12-17,standard_2022,0,321_3888
321,86,Tord Reklev,Norway,Lugia Archeops,21,832,regional,Regional Arlington TX,United States,Desconocido,2022,2022-12-17,standard_2022,0,321_86
321,3721,Noah Yoshida,United States,Palkia Inteleon,22,56,regional,Regional Arlington TX,United States,Desconocido,2022,2022-12-17,standard_2022,0,321_3721
321,364,Alex Schemanske,United States,Regis,23,602,regional,Regional Arlington TX,United States,Desconocido,2022,2022-12-17,standard_2022,0,321_364
321,2845,Connor Chiappetta,United States,Mew Genesect,24,21,regional,Regional Arlington TX,United States,Desconocido,2022,2022-12-17,standard_2022,0,321_2845
321,2324,David Zheng,United States,Lugia Archeops,25,52,regional,Regional Arlington TX,United States,Desconocido,2022,2022-12-17,standard_2022,0,321_2324
321,472,Byron Isaiah Williams,United States,Lost Zone Box,26,359,regional,Regional Arlington TX,United States,Desconocido,2022,2022-12-17,standard_2022,0,321_472
321,149,Jose Marrero,United States,Lugia Archeops,27,359,regional,Regional Arlington TX,United States,Desconocido,2022,2022-12-17,standard_2022,0,321_149
321,2573,Nick Flores,United States,Lugia Archeops,28,63,regional,Regional Arlington TX,United States,Desconocido,2022,2022-12-17,standard_2022,0,321_2573
321,454,Franco Takahashi,United States,Lugia Archeops,29,116,regional,Regional Arlington TX,United States,Desconocido,2022,2022-12-17,standard_2022,0,321_454
321,2636,Axel Alvarez,United States,Lugia Archeops,30,79,regional,Regional Arlington TX,United States,Desconocido,2022,2022-12-17,standard_2022,0,321_2636
321,534,Aaron Friedman,United States,Lugia Archeops,31,147,regional,Regional Arlington TX,United States,Desconocido,2022,2022-12-17,standard_2022,0,321_534
321,3716,Vincent Owen,United States,LZ Rayquaza Box,32,64,regional,Regional Arlington TX,United States,Desconocido,2022,2022-12-17,standard_2022,0,321_3716
321,813,Frank Percic,United States,Eternatus Weezing,33,174,regional,Regional Arlington TX,United States,Desconocido,2022,2022-12-17,standard_2022,0,321_813
321,2047,Kendon Kula,United States,Lugia Archeops,34,39,regional,Regional Arlington TX,United States,Desconocido,2022,2022-12-17,standard_2022,0,321_2047
321,2830,Thomas Happel,United States,Lost Box Charizard,35,31,regional,Regional Arlington TX,United States,Desconocido,2022,2022-12-17,standard_2022,0,321_2830
321,4039,Russell Monteiro,United States,Regis,36,12,regional,Regional Arlington TX,United States,Desconocido,2022,2022-12-17,standard_2022,0,321_4039
321,4040,Chandler Crain,United States,Lugia Archeops,37,7,regional,Regional Arlington TX,United States,Desconocido,2022,2022-12-17,standard_2022,0,321_4040
321,1148,Fabrizio Inga Silva,Peru,Mew Genesect,38,158,regional,Regional Arlington TX,United States,Desconocido,2022,2022-12-17,standard_2022,0,321_1148
321,4041,Jose Luis Puente,Mexico,Lugia Archeops,39,7,regional,Regional Arlington TX,United States,Desconocido,2022,2022-12-17,standard_2022,0,321_4041
321,3754,Noah Schuler,United States,Lugia Archeops,40,29,regional,Regional Arlington TX,United States,Desconocido,2022,2022-12-17,standard_2022,0,321_3754
321,4042,Alex Kripitz,United States,Lugia Archeops,41,7,regional,Regional Arlington TX,United States,Desconocido,2022,2022-12-17,standard_2022,0,321_4042
321,4043,Richard Torres,United States,Lugia Archeops,42,7,regional,Regional Arlington TX,United States,Desconocido,2022,2022-12-17,standard_2022,0,321_4043
321,3215,Makani Tran,United States,Arceus,43,89,regional,Regional Arlington TX,United States,Desconocido,2022,2022-12-17,standard_2022,0,321_3215
321,1243,Lance Bradshaw,United States,Lost Zone Box,44,142,regional,Regional Arlington TX,United States,Desconocido,2022,2022-12-17,standard_2022,0,321_1243
321,2773,Will McEowen,United States,Eternatus Weezing,45,25,regional,Regional Arlington TX,United States,Desconocido,2022,2022-12-17,standard_2022,0,321_2773
321,2657,Noa Bell,United States,Regis,46,27,regional,Regional Arlington TX,United States,Desconocido,2022,2022-12-17,standard_2022,0,321_2657
321,4044,Anthony Perez,United States,Lugia Archeops,47,47,regional,Regional Arlington TX,United States,Desconocido,2022,2022-12-17,standard_2022,0,321_4044
321,4045,David Lugo,United States,Regis,48,7,regional,Regional Arlington TX,United States,Desconocido,2022,2022-12-17,standard_2022,0,321_4045
321,3587,Sawyer Melban,United States,Lost Box Charizard,49,114,regional,Regional Arlington TX,United States,Desconocido,2022,2022-12-17,standard_2022,0,321_3587
321,466,Jonathan Soto,United States,Kyurem Palkia,50,35,regional,Regional Arlington TX,United States,Desconocido,2022,2022-12-17,standard_2022,0,321_466
321,141,Justin Bokhari,United States,Lugia Archeops,51,455,regional,Regional Arlington TX,United States,Desconocido,2022,2022-12-17,standard_2022,0,321_141
321,173,Ross Cawthon,United States,Zoroark Box,52,336,regional,Regional Arlington TX,United States,Desconocido,2022,2022-12-17,standard_2022,0,321_173
321,2770,Aidan Khus,United States,Lugia Archeops,53,180,regional,Regional Arlington TX,United States,Desconocido,2022,2022-12-17,standard_2022,0,321_2770
321,3616,Brenden Burrus,United States,Eternatus Weezing,54,12,regional,Regional Arlington TX,United States,Desconocido,2022,2022-12-17,standard_2022,0,321_3616
321,2403,Steven Singer,United States,Lugia Archeops,55,39,regional,Regional Arlington TX,United States,Desconocido,2022,2022-12-17,standard_2022,0,321_2403
321,2021,Alex Cole,United States,Mew Genesect,56,46,regional,Regional Arlington TX,United States,Desconocido,2022,2022-12-17,standard_2022,0,321_2021
321,3584,Adrian Gonzalez,United States,LZ Rayquaza Box,57,17,regional,Regional Arlington TX,United States,Desconocido,2022,2022-12-17,standard_2022,0,321_3584
321,4046,David Edelson,United States,Fusion Mew,58,7,regional,Regional Arlington TX,United States,Desconocido,2022,2022-12-17,standard_2022,0,321_4046
321,3561,Francis McDonald,United States,Regis,59,32,regional,Regional Arlington TX,United States,Desconocido,2022,2022-12-17,standard_2022,0,321_3561
321,686,Zach Zamora,United States,Regis,60,60,regional,Regional Arlington TX,United States,Desconocido,2022,2022-12-17,standard_2022,0,321_686
321,196,Zach Lesage,Canada,Arceus Duraludon,61,387,regional,Regional Arlington TX,United States,Desconocido,2022,2022-12-17,standard_2022,0,321_196
321,4047,Kyle VanOrsdel,United States,Mewtwo Control,62,7,regional,Regional Arlington TX,United States,Desconocido,2022,2022-12-17,standard_2022,0,321_4047
321,4048,Armond Crockett,United States,Giratina LZ Box,63,7,regional,Regional Arlington TX,United States,Desconocido,2022,2022-12-17,standard_2022,0,321_4048
321,940,Jeremy Castro,United States,Regis,64,36,regional,Regional Arlington TX,United States,Desconocido,2022,2022-12-17,standard_2022,0,321_940
321,125,Michael Pramawat,United States,Lost Zone Box,65,602,regional,Regional Arlington TX,United States,Desconocido,2022,2022-12-17,standard_2022,0,321_125
321,612,Caleb Patton,United States,Lost Box Charizard,66,103,regional,Regional Arlington TX,United States,Desconocido,2022,2022-12-17,standard_2022,0,321_612
321,422,Roberto Lozada,United States,Lugia Archeops,67,62,regional,Regional Arlington TX,United States,Desconocido,2022,2022-12-17,standard_2022,0,321_422
321,2926,AviLashan UmaShankar,United States,Lugia Archeops,68,47,regional,Regional Arlington TX,United States,Desconocido,2022,2022-12-17,standard_2022,0,321_2926
321,2341,Harrison Zipp,United States,Lugia Archeops,69,26,regional,Regional Arlington TX,United States,Desconocido,2022,2022-12-17,standard_2022,0,321_2341
321,4049,Cole Kirkman,United States,Eternatus Weezing,70,5,regional,Regional Arlington TX,United States,Desconocido,2022,2022-12-17,standard_2022,0,321_4049
321,3458,Mikey Sanagustin,United States,Articuno Inteleon,71,30,regional,Regional Arlington TX,United States,Desconocido,2022,2022-12-17,standard_2022,0,321_3458
321,328,Caleb Gedemer,United States,Lost Zone Box,72,599,regional,Regional Arlington TX,United States,Desconocido,2022,2022-12-17,standard_2022,0,321_328
321,4050,Anthony Salomone,United States,Regis,73,5,regional,Regional Arlington TX,United States,Desconocido,2022,2022-12-17,standard_2022,0,321_4050
321,4051,William Buscaglia,United States,Mew Genesect,74,5,regional,Regional Arlington TX,United States,Desconocido,2022,2022-12-17,standard_2022,0,321_4051
321,4052,Keaton Gill,United States,Arceus Duraludon,75,30,regional,Regional Arlington TX,United States,Desconocido,2022,2022-12-17,standard_2022,0,321_4052
321,3791,Andrew Gantner,United States,Arceus Duraludon,76,66,regional,Regional Arlington TX,United States,Desconocido,2022,2022-12-17,standard_2022,0,321_3791
321,2895,Elliot Gantner,United States,Lugia Archeops,77,43,regional,Regional Arlington TX,United States,Desconocido,2022,2022-12-17,standard_2022,0,321_2895
321,2401,Vance Kelley,United States,Fusion Mew,78,131,regional,Regional Arlington TX,United States,Desconocido,2022,2022-12-17,standard_2022,0,321_2401
321,4053,Michael Gomez,United States,Lost Box Charizard,79,5,regional,Regional Arlington TX,United States,Desconocido,2022,2022-12-17,standard_2022,0,321_4053
321,2034,Tyler Keller,United States,Fusion Mew,80,17,regional,Regional Arlington TX,United States,Desconocido,2022,2022-12-17,standard_2022,0,321_2034
321,2384,Nathaniel Kaplan,United States,Lugia Archeops,81,95,regional,Regional Arlington TX,United States,Desconocido,2022,2022-12-17,standard_2022,0,321_2384
321,2407,Cameron Kawasaki,United States,Regis,82,44,regional,Regional Arlington TX,United States,Desconocido,2022,2022-12-17,standard_2022,0,321_2407
321,4054,Seth Ramos,United States,LZ Rayquaza Box,83,5,regional,Regional Arlington TX,United States,Desconocido,2022,2022-12-17,standard_2022,0,321_4054
321,4055,Alejandro Trevino,United States,Fusion Mew,84,5,regional,Regional Arlington TX,United States,Desconocido,2022,2022-12-17,standard_2022,0,321_4055
321,4056,Michael Campion,United States,Lugia Archeops,85,5,regional,Regional Arlington TX,United States,Desconocido,2022,2022-12-17,standard_2022,0,321_4056
321,412,Mike Fouchet,United States,Lugia Archeops,86,120,regional,Regional Arlington TX,United States,Desconocido,2022,2022-12-17,standard_2022,0,321_412
321,4057,Alfred Estrada,United States,Regis,87,5,regional,Regional Arlington TX,United States,Desconocido,2022,2022-12-17,standard_2022,0,321_4057
321,4058,Billy Chan,Canada,Lugia Archeops,88,37,regional,Regional Arlington TX,United States,Desconocido,2022,2022-12-17,standard_2022,0,321_4058
321,502,Jeremy Jallen,United States,Eternatus Weezing,89,82,regional,Regional Arlington TX,United States,Desconocido,2022,2022-12-17,standard_2022,0,321_502
321,2628,Calvin Connor,United States,Lugia Archeops,90,260,regional,Regional Arlington TX,United States,Desconocido,2022,2022-12-17,standard_2022,0,321_2628
321,688,Kyle Lesniewicz,United States,Mew Genesect,91,106,regional,Regional Arlington TX,United States,Desconocido,2022,2022-12-17,standard_2022,0,321_688
321,4059,Tony Vuong,United States,Lugia Archeops,92,12,regional,Regional Arlington TX,United States,Desconocido,2022,2022-12-17,standard_2022,0,321_4059
321,2159,Scotty Chesser,United States,Lugia Archeops,93,67,regional,Regional Arlington TX,United States,Desconocido,2022,2022-12-17,standard_2022,0,321_2159
321,4060,Tyler Perry,United States,Lugia Archeops,94,10,regional,Regional Arlington TX,United States,Desconocido,2022,2022-12-17,standard_2022,0,321_4060
321,4061,Elliot Gordon,United States,Fusion Mew,95,8,regional,Regional Arlington TX,United States,Desconocido,2022,2022-12-17,standard_2022,0,321_4061
321,4062,Manuel Medrano,United States,LZ Rayquaza Box,96,5,regional,Regional Arlington TX,United States,Desconocido,2022,2022-12-17,standard_2022,0,321_4062
321,4063,Walter Contreras,United States,Lugia Archeops,97,5,regional,Regional Arlington TX,United States,Desconocido,2022,2022-12-17,standard_2022,0,321_4063
321,3868,Zackary Estridge,United States,Fusion Mew,98,30,regional,Regional Arlington TX,United States,Desconocido,2022,2022-12-17,standard_2022,0,321_3868
321,1630,Nicholas Moffitt,United States,Lost Zone Box,99,266,regional,Regional Arlington TX,United States,Desconocido,2022,2022-12-17,standard_2022,0,321_1630
321,2354,Dalten Cross,United States,Lugia Archeops,100,51,regional,Regional Arlington TX,United States,Desconocido,2022,2022-12-17,standard_2022,0,321_2354
321,4064,Harrison Frazier,United States,Lost Zone Box,101,12,regional,Regional Arlington TX,United States,Desconocido,2022,2022-12-17,standard_2022,0,321_4064
321,3877,Christian Primus,United States,Regis,102,10,regional,Regional Arlington TX,United States,Desconocido,2022,2022-12-17,standard_2022,0,321_3877
321,4065,Dilan Marin,United States,Lugia Archeops,103,5,regional,Regional Arlington TX,United States,Desconocido,2022,2022-12-17,standard_2022,0,321_4065
321,703,Eric Smith,United States,Zoroark Box,104,99,regional,Regional Arlington TX,United States,Desconocido,2022,2022-12-17,standard_2022,0,321_703
321,3477,Steven Lavoie,United States,Lost Zone Box,105,21,regional,Regional Arlington TX,United States,Desconocido,2022,2022-12-17,standard_2022,0,321_3477
321,4066,Cross Kirchmeier,United States,Regis,106,5,regional,Regional Arlington TX,United States,Desconocido,2022,2022-12-17,standard_2022,0,321_4066
321,3730,Michael Perez,United States,Arceus,107,28,regional,Regional Arlington TX,United States,Desconocido,2022,2022-12-17,standard_2022,0,321_3730
321,4067,Maxwell Johnson,United States,Goodra LZ Box,108,46,regional,Regional Arlington TX,United States,Desconocido,2022,2022-12-17,standard_2022,0,321_4067
321,3630,DJ Swanson,United States,Beedrill Inteleon,109,15,regional,Regional Arlington TX,United States,Desconocido,2022,2022-12-17,standard_2022,0,321_3630
321,4068,Ethan Sevigny,United States,Lugia Archeops,110,5,regional,Regional Arlington TX,United States,Desconocido,2022,2022-12-17,standard_2022,0,321_4068
321,3907,Natalie Miller,United States,Blissey Yveltal,111,10,regional,Regional Arlington TX,United States,Desconocido,2022,2022-12-17,standard_2022,0,321_3907
321,558,Eric Rodriguez,United States,Arceus Flying Pikachu,112,67,regional,Regional Arlington TX,United States,Desconocido,2022,2022-12-17,standard_2022,0,321_558
321,971,Isaac Milaski,United States,Arceus Flying Pikachu,113,143,regional,Regional Arlington TX,United States,Desconocido,2022,2022-12-17,standard_2022,0,321_971
321,1130,Michael Laundrie,United States,Arceus,114,81,regional,Regional Arlington TX,United States,Desconocido,2022,2022-12-17,standard_2022,0,321_1130
321,4069,James Edwards,United States,Kyurem Palkia,115,5,regional,Regional Arlington TX,United States,Desconocido,2022,2022-12-17,standard_2022,0,321_4069
321,1523,Matthew Padget,United States,Lugia Archeops,116,39,regional,Regional Arlington TX,United States,Desconocido,2022,2022-12-17,standard_2022,0,321_1523
321,1220,Aden Cunningham,United States,Lost Box Charizard,117,17,regional,Regional Arlington TX,United States,Desconocido,2022,2022-12-17,standard_2022,0,321_1220
321,2409,Ryan Simons,United States,Lost Box Charizard,118,25,regional,Regional Arlington TX,United States,Desconocido,2022,2022-12-17,standard_2022,0,321_2409
321,1178,Kris Kemp,United States,Regis,119,75,regional,Regional Arlington TX,United States,Desconocido,2022,2022-12-17,standard_2022,0,321_1178
321,4070,Cameron Devers,United States,Galarian Weezing,120,5,regional,Regional Arlington TX,United States,Desconocido,2022,2022-12-17,standard_2022,0,321_4070
321,4115,Mark Garcia,United States,Lugia Archeops,121,5,regional,Regional Arlington TX,United States,Desconocido,2022,2022-12-17,standard_2022,0,321_4115
321,4071,Ricky Lopez,United States,Lugia Archeops,122,5,regional,Regional Arlington TX,United States,Desconocido,2022,2022-12-17,standard_2022,0,321_4071
321,2762,Parker Lish,United States,Regis,123,53,regional,Regional Arlington TX,United States,Desconocido,2022,2022-12-17,standard_2022,0,321_2762
321,4072,Jesse Horton,United States,Lugia Archeops,124,5,regional,Regional Arlington TX,United States,Desconocido,2022,2022-12-17,standard_2022,0,321_4072
321,909,Ryan Antonucci,United States,Lost Zone Box,125,192,regional,Regional Arlington TX,United States,Desconocido,2022,2022-12-17,standard_2022,0,321_909
321,4073,Andy Cisneros,United States,Fusion Mew,126,5,regional,Regional Arlington TX,United States,Desconocido,2022,2022-12-17,standard_2022,0,321_4073
321,4074,Varun Prabhu,United States,Regis,127,5,regional,Regional Arlington TX,United States,Desconocido,2022,2022-12-17,standard_2022,0,321_4074
321,3911,Mark Nilson,United States,Arceus,128,29,regional,Regional Arlington TX,United States,Desconocido,2022,2022-12-17,standard_2022,0,321_3911
321,4075,Richard Comeaux,United States,Lugia Archeops,129,3,regional,Regional Arlington TX,United States,Desconocido,2022,2022-12-17,standard_2022,0,321_4075
347,3969,Tim Franklin,Australia,Frosmoth Inteleon Box,1,33,regional,Regional Brisbane,Australia,AS-OC,2022,2022-12-03,standard_2022,1,347_3969
347,2149,Joel Suryadi,Indonesia,Flaaffy Box,2,37,regional,Regional Brisbane,Australia,AS-OC,2022,2022-12-03,standard_2022,1,347_2149
347,3970,Anthony Furney,Australia,Durant,3,12,regional,Regional Brisbane,Australia,AS-OC,2022,2022-12-03,standard_2022,1,347_3970
347,3971,Lewis Stevens,Australia,Yveltal Control,4,12,regional,Regional Brisbane,Australia,AS-OC,2022,2022-12-03,standard_2022,1,347_3971
347,138,Brent Tonisson,Australia,Lugia Archeops,5,449,regional,Regional Brisbane,Australia,AS-OC,2022,2022-12-03,standard_2022,1,347_138
347,3972,Akira Hara,Australia,Fusion Mew,6,9,regional,Regional Brisbane,Australia,AS-OC,2022,2022-12-03,standard_2022,1,347_3972
347,184,Shaun Murphy,Australia,Lugia Archeops,7,33,regional,Regional Brisbane,Australia,AS-OC,2022,2022-12-03,standard_2022,1,347_184
347,204,Aaron Stringfellow,Australia,Yveltal Control,8,27,regional,Regional Brisbane,Australia,AS-OC,2022,2022-12-03,standard_2022,1,347_204
347,1368,Natalie Millar,Australia,Lugia Archeops,9,254,regional,Regional Brisbane,Australia,AS-OC,2022,2022-12-03,standard_2022,0,347_1368
347,3973,Robbie Caldwell,Australia,Lugia Archeops,10,18,regional,Regional Brisbane,Australia,AS-OC,2022,2022-12-03,standard_2022,0,347_3973
347,3974,Jesse Owers,Australia,Regis,11,6,regional,Regional Brisbane,Australia,AS-OC,2022,2022-12-03,standard_2022,0,347_3974
347,1023,James Williams,Australia,LZ Rayquaza Box,13,81,regional,Regional Brisbane,Australia,AS-OC,2022,2022-12-03,standard_2022,0,347_1023
347,1935,Max Prescott,Australia,Lugia Archeops,14,24,regional,Regional Brisbane,Australia,AS-OC,2022,2022-12-03,standard_2022,0,347_1935
347,3701,Jeremy Evans,Australia,Lugia Archeops,15,48,regional,Regional Brisbane,Australia,AS-OC,2022,2022-12-03,standard_2022,0,347_3701
347,1936,Joshua Sparks,Australia,Fusion Mew,16,15,regional,Regional Brisbane,Australia,AS-OC,2022,2022-12-03,standard_2022,0,347_1936
334,3643,Mateusz Łaszkiewicz,Poland,Palkia Vikavolt,1,64,regional,Regional Stuttgart,Germany,EU,2022,2022-12-03,standard_2022,1,334_3643
334,2472,Brent Coosemans,Belgium,Fusion Mew,2,44,regional,Regional Stuttgart,Germany,EU,2022,2022-12-03,standard_2022,1,334_2472
334,3968,Jari Bonsee,Netherlands,Mew Genesect,3,23,regional,Regional Stuttgart,Germany,EU,2022,2022-12-03,standard_2022,1,334_3968
334,2262,Magnus Pedersen,Denmark,Palkia Inteleon,4,178,regional,Regional Stuttgart,Germany,EU,2022,2022-12-03,standard_2022,1,334_2262
334,3932,Liliana Imrichová,Slovakia,Lugia Archeops,5,20,regional,Regional Stuttgart,Germany,EU,2022,2022-12-03,standard_2022,1,334_3932
334,64,Sander Wojcik,Netherlands,Mewtwo Gengar,6,312,regional,Regional Stuttgart,Germany,EU,2022,2022-12-03,standard_2022,1,334_64
334,79,Piotr Orleański,Poland,Lost Box Charizard,7,132,regional,Regional Stuttgart,Germany,EU,2022,2022-12-03,standard_2022,1,334_79
334,3940,Jamie Hindley,Great Britain,Fusion Mew,8,21,regional,Regional Stuttgart,Germany,EU,2022,2022-12-03,standard_2022,1,334_3940
334,53,Benjamin Pham,Netherlands,Zoroark Box,9,174,regional,Regional Stuttgart,Germany,EU,2022,2022-12-03,standard_2022,0,334_53
334,962,Raz Wolpe,Israel,Lugia Archeops,10,169,regional,Regional Stuttgart,Germany,EU,2022,2022-12-03,standard_2022,0,334_962
334,4015,Christian Graziano,Italy,Lugia Archeops,11,37,regional,Regional Stuttgart,Germany,EU,2022,2022-12-03,standard_2022,0,334_4015
334,1188,Miloslav Posledni,Czech Republic,Lost Zone Box,12,218,regional,Regional Stuttgart,Germany,EU,2022,2022-12-03,standard_2022,0,334_1188
334,1861,Konsta Kallama,Finland,Zoroark Box,13,109,regional,Regional Stuttgart,Germany,EU,2022,2022-12-03,standard_2022,0,334_1861
334,4016,Timur Yusuf,Great Britain,Lugia Archeops,14,11,regional,Regional Stuttgart,Germany,EU,2022,2022-12-03,standard_2022,0,334_4016
334,76,Ondřej Škubal,Czech Republic,Lugia Archeops,15,252,regional,Regional Stuttgart,Germany,EU,2022,2022-12-03,standard_2022,0,334_76
334,27,Joe Bernard,Great Britain,Lost Box Charizard,16,101,regional,Regional Stuttgart,Germany,EU,2022,2022-12-03,standard_2022,0,334_27
334,26,Sen Caubergh,Belgium,Regis,17,144,regional,Regional Stuttgart,Germany,EU,2022,2022-12-03,standard_2022,0,334_26
334,106,Bolly Olufon,Great Britain,Lugia Archeops,18,61,regional,Regional Stuttgart,Germany,EU,2022,2022-12-03,standard_2022,0,334_106
334,2862,Dominik Malicki,Poland,Fusion Mew,19,77,regional,Regional Stuttgart,Germany,EU,2022,2022-12-03,standard_2022,0,334_2862
334,46,Alessandro Cremascoli,Italy,Mewtwo Control,20,219,regional,Regional Stuttgart,Germany,EU,2022,2022-12-03,standard_2022,0,334_46
334,4017,Filippo Petrolli,Italy,Mew Genesect,21,8,regional,Regional Stuttgart,Germany,EU,2022,2022-12-03,standard_2022,0,334_4017
334,3142,Stefano Bassis,Italy,Palkia Inteleon,22,26,regional,Regional Stuttgart,Germany,EU,2022,2022-12-03,standard_2022,0,334_3142
334,1035,Julius Brunfeldt,Finland,Lugia Archeops,23,138,regional,Regional Stuttgart,Germany,EU,2022,2022-12-03,standard_2022,0,334_1035
334,3546,Lucian Hargreaves,Great Britain,Mew Genesect,24,19,regional,Regional Stuttgart,Germany,EU,2022,2022-12-03,standard_2022,0,334_3546
334,2485,Jonathan Sharpling,Great Britain,Lost Box Charizard,25,22,regional,Regional Stuttgart,Germany,EU,2022,2022-12-03,standard_2022,0,334_2485
334,2379,Pere Arbós Parets,Spain,Lugia Archeops,26,57,regional,Regional Stuttgart,Germany,EU,2022,2022-12-03,standard_2022,0,334_2379
334,2488,John Daniel,Great Britain,Mew Genesect,27,15,regional,Regional Stuttgart,Germany,EU,2022,2022-12-03,standard_2022,0,334_2488
334,2849,Niels Jürgensen,Germany,Mewtwo Control,28,22,regional,Regional Stuttgart,Germany,EU,2022,2022-12-03,standard_2022,0,334_2849
334,72,Patrik Bartosovic,Czech Republic,Lugia Archeops,29,54,regional,Regional Stuttgart,Germany,EU,2022,2022-12-03,standard_2022,0,334_72
334,19,Pedro Eugenio Torres,Spain,Lost Zone Box,30,562,regional,Regional Stuttgart,Germany,EU,2022,2022-12-03,standard_2022,0,334_19
334,2950,Mads Jensen,Denmark,Lugia Archeops,31,39,regional,Regional Stuttgart,Germany,EU,2022,2022-12-03,standard_2022,0,334_2950
334,92,Jake Mallender,Great Britain,Palkia Inteleon,32,71,regional,Regional Stuttgart,Germany,EU,2022,2022-12-03,standard_2022,0,334_92
334,1548,Bryan de Vries,Netherlands,Lugia Archeops,33,275,regional,Regional Stuttgart,Germany,EU,2022,2022-12-03,standard_2022,0,334_1548
334,4018,Daniel Powell,Great Britain,Lugia Archeops,34,17,regional,Regional Stuttgart,Germany,EU,2022,2022-12-03,standard_2022,0,334_4018
334,4019,Mario Arrighetti,Italy,Regis,35,5,regional,Regional Stuttgart,Germany,EU,2022,2022-12-03,standard_2022,0,334_4019
334,310,Paulo Mimoso,Portugal,Fusion Mew,36,59,regional,Regional Stuttgart,Germany,EU,2022,2022-12-03,standard_2022,0,334_310
334,859,Marton Skjaeveland,Norway,Lost Box Charizard,37,15,regional,Regional Stuttgart,Germany,EU,2022,2022-12-03,standard_2022,0,334_859
334,3682,Andrea Cividini,Italy,Lugia Archeops,38,7,regional,Regional Stuttgart,Germany,EU,2022,2022-12-03,standard_2022,0,334_3682
334,3659,Aurélien Richard,Switzerland,Regis,39,11,regional,Regional Stuttgart,Germany,EU,2022,2022-12-03,standard_2022,0,334_3659
334,3557,Dominic Schäffer,Germany,Mew Genesect,40,11,regional,Regional Stuttgart,Germany,EU,2022,2022-12-03,standard_2022,0,334_3557
334,4020,Ethan Chew,Great Britain,Lugia Archeops,41,21,regional,Regional Stuttgart,Germany,EU,2022,2022-12-03,standard_2022,0,334_4020
334,3655,Djamiel Bechan,Netherlands,Mew Genesect,42,19,regional,Regional Stuttgart,Germany,EU,2022,2022-12-03,standard_2022,0,334_3655
334,4021,Kacper Mazurkiewicz,Poland,Regis,43,5,regional,Regional Stuttgart,Germany,EU,2022,2022-12-03,standard_2022,0,334_4021
334,3538,Edwyn Mesman,Netherlands,Mew Genesect,44,60,regional,Regional Stuttgart,Germany,EU,2022,2022-12-03,standard_2022,0,334_3538
334,9,Matthias Luppa,Germany,Mewtwo Gengar,45,82,regional,Regional Stuttgart,Germany,EU,2022,2022-12-03,standard_2022,0,334_9
334,296,Nitish Doolub,Great Britain,Fusion Mew,46,64,regional,Regional Stuttgart,Germany,EU,2022,2022-12-03,standard_2022,0,334_296
334,2731,Giacomo Tiraboschi,Italy,Lugia Archeops,47,19,regional,Regional Stuttgart,Germany,EU,2022,2022-12-03,standard_2022,0,334_2731
334,69,Arthur Trutzschler,Netherlands,Lost Zone Box,48,24,regional,Regional Stuttgart,Germany,EU,2022,2022-12-03,standard_2022,0,334_69
334,2186,Demetris Eaton,Great Britain,Mew Genesect,49,52,regional,Regional Stuttgart,Germany,EU,2022,2022-12-03,standard_2022,0,334_2186
334,4022,Andreas Møller,Denmark,Lugia Archeops,50,22,regional,Regional Stuttgart,Germany,EU,2022,2022-12-03,standard_2022,0,334_4022
334,1865,Logan Madden,Great Britain,Lugia Archeops,51,66,regional,Regional Stuttgart,Germany,EU,2022,2022-12-03,standard_2022,0,334_1865
334,4023,Ewan West,Great Britain,Mew Genesect,52,13,regional,Regional Stuttgart,Germany,EU,2022,2022-12-03,standard_2022,0,334_4023
334,2477,Ruben van der Sluis,Netherlands,Mew Genesect,53,33,regional,Regional Stuttgart,Germany,EU,2022,2022-12-03,standard_2022,0,334_2477
334,117,Stephan Nørregård,Denmark,Lugia Archeops,54,51,regional,Regional Stuttgart,Germany,EU,2022,2022-12-03,standard_2022,0,334_117
334,4024,Arthur Vincent,France,Weezing Crobat,55,5,regional,Regional Stuttgart,Germany,EU,2022,2022-12-03,standard_2022,0,334_4024
334,4025,Pascal Middel,Netherlands,Mew Genesect,56,5,regional,Regional Stuttgart,Germany,EU,2022,2022-12-03,standard_2022,0,334_4025
334,4026,Hans van der Werf,Netherlands,Lugia Archeops,57,5,regional,Regional Stuttgart,Germany,EU,2022,2022-12-03,standard_2022,0,334_4026
334,4027,Elmar Tresp,Germany,Lost Zone Box,58,7,regional,Regional Stuttgart,Germany,EU,2022,2022-12-03,standard_2022,0,334_4027
334,3934,Marek Stolarik,Slovakia,Yveltal Control,59,23,regional,Regional Stuttgart,Germany,EU,2022,2022-12-03,standard_2022,0,334_3934
334,4028,Rudolf Hoffmann,Germany,Mew Genesect,60,5,regional,Regional Stuttgart,Germany,EU,2022,2022-12-03,standard_2022,0,334_4028
334,4029,Felix Reichenbach,Germany,Lost Zone Box,61,13,regional,Regional Stuttgart,Germany,EU,2022,2022-12-03,standard_2022,0,334_4029
334,2242,Max Schlehaider,Germany,Lugia Archeops,62,30,regional,Regional Stuttgart,Germany,EU,2022,2022-12-03,standard_2022,0,334_2242
334,1741,Vianney Leroy,France,LZ Rayquaza Box,63,19,regional,Regional Stuttgart,Germany,EU,2022,2022-12-03,standard_2022,0,334_1741
334,4030,Dominik Blache,Germany,Lost Zone Box,64,5,regional,Regional Stuttgart,Germany,EU,2022,2022-12-03,standard_2022,0,334_4030
334,1666,Christian Wilhelm,Germany,Lost Box Charizard,65,35,regional,Regional Stuttgart,Germany,EU,2022,2022-12-03,standard_2022,0,334_1666
334,3071,Marco Facchin,Italy,Lugia Archeops,66,10,regional,Regional Stuttgart,Germany,EU,2022,2022-12-03,standard_2022,0,334_3071
334,3275,Lukas Dellenbach,Switzerland,Lugia Archeops,67,16,regional,Regional Stuttgart,Germany,EU,2022,2022-12-03,standard_2022,0,334_3275
334,1042,Joel Nguyen,France,Charizard Inteleon,68,37,regional,Regional Stuttgart,Germany,EU,2022,2022-12-03,standard_2022,0,334_1042
334,4031,Viktor Fehér,Hungary,Yveltal Control,69,12,regional,Regional Stuttgart,Germany,EU,2022,2022-12-03,standard_2022,0,334_4031
334,3651,Cameron McDonald,Great Britain,Fusion Mew,70,9,regional,Regional Stuttgart,Germany,EU,2022,2022-12-03,standard_2022,0,334_3651
334,166,Heddi Brahmi,France,Hisuian Zoroark,71,115,regional,Regional Stuttgart,Germany,EU,2022,2022-12-03,standard_2022,0,334_166
334,2501,Vincent Marcus Munk,Denmark,Lugia Archeops,72,52,regional,Regional Stuttgart,Germany,EU,2022,2022-12-03,standard_2022,0,334_2501
334,4032,Patryk Brzezinski,Poland,Lugia Archeops,73,13,regional,Regional Stuttgart,Germany,EU,2022,2022-12-03,standard_2022,0,334_4032
334,4033,Quy Duc Dao,Germany,Lugia Archeops,74,4,regional,Regional Stuttgart,Germany,EU,2022,2022-12-03,standard_2022,0,334_4033
334,161,Kim Pobega,Italy,Lugia Archeops,75,138,regional,Regional Stuttgart,Germany,EU,2022,2022-12-03,standard_2022,0,334_161
334,282,Manuele Tartaglia,Italy,Ditto Control,76,40,regional,Regional Stuttgart,Germany,EU,2022,2022-12-03,standard_2022,0,334_282
334,1495,Benjamin Rabaiotti,Great Britain,Lugia Archeops,77,22,regional,Regional Stuttgart,Germany,EU,2022,2022-12-03,standard_2022,0,334_1495
381,4835,Dionsius Lee,Singapore,Fusion Mew,1,54,national,Singapore Championships 2023,Singapore,AS-OC,2023,2023-06-17,standard_2023,1,381_4835
381,2514,Ryan Tan,Singapore,Gardevoir,2,26,national,Singapore Championships 2023,Singapore,AS-OC,2023,2023-06-17,standard_2023,1,381_2514
381,4836,Choy Kwok Hoe,Singapore,Fusion Mew,3,12,national,Singapore Championships 2023,Singapore,AS-OC,2023,2023-06-17,standard_2023,1,381_4836
381,4837,Bjorn Soh Cai Wei,Singapore,Lugia Archeops,4,12,national,Singapore Championships 2023,Singapore,AS-OC,2023,2023-06-17,standard_2023,1,381_4837
381,4838,Benjamin Isa Roberts,Singapore,Lost Zone Box,6,9,national,Singapore Championships 2023,Singapore,AS-OC,2023,2023-06-17,standard_2023,1,381_4838
381,2652,Tan Yong Siang,Singapore,Lost Zone Box,8,63,national,Singapore Championships 2023,Singapore,AS-OC,2023,2023-06-17,standard_2023,1,381_2652
381,2653,Edmund Khoo,Singapore,Gardevoir,9,9,national,Singapore Championships 2023,Singapore,AS-OC,2023,2023-06-17,standard_2023,0,381_2653
381,3777,Kang Yu Xian,Singapore,Lost Zone Box,11,24,national,Singapore Championships 2023,Singapore,AS-OC,2023,2023-06-17,standard_2023,0,381_3777
381,2333,Kashvinder Singh Mann,Singapore,Mew Genesect,12,21,national,Singapore Championships 2023,Singapore,AS-OC,2023,2023-06-17,standard_2023,0,381_2333
381,4841,Terry Tai,Singapore,Dialga Magnezone,14,6,national,Singapore Championships 2023,Singapore,AS-OC,2023,2023-06-17,standard_2023,0,381_4841
381,4842,Jaryl Ang,Singapore,Arceus Giratina,15,6,national,Singapore Championships 2023,Singapore,AS-OC,2023,2023-06-17,standard_2023,0,381_4842
381,4843,Kaizer Sim,Singapore,Lost Zone Box,16,6,national,Singapore Championships 2023,Singapore,AS-OC,2023,2023-06-17,standard_2023,0,381_4843
380,4734,Nachi Nezu,Japan,Fusion Mew,1,42,national,Japan Championships 2023,Japan,JP,2023,2023-06-10,standard_2023,1,380_4734
380,4735,Taisei Kato,Japan,Gardevoir,2,38,national,Japan Championships 2023,Japan,JP,2023,2023-06-10,standard_2023,1,380_4735
380,4736,Shunsuke Sowa,Japan,Mew Genesect,3,32,national,Japan Championships 2023,Japan,JP,2023,2023-06-10,standard_2023,1,380_4736
380,4114,Ayato Fudetani,Japan,Giratina LZ Box,4,67,national,Japan Championships 2023,Japan,JP,2023,2023-06-10,standard_2023,1,380_4114
380,4737,Tom Mizutani,Japan,Lost Zone Box,5,33,national,Japan Championships 2023,Japan,JP,2023,2023-06-10,standard_2023,1,380_4737
380,4738,Akihiro Urata,Japan,Giratina LZ Box,6,33,national,Japan Championships 2023,Japan,JP,2023,2023-06-10,standard_2023,1,380_4738
380,4739,Yu Shirokuma,Japan,Lost Zone Box,7,33,national,Japan Championships 2023,Japan,JP,2023,2023-06-10,standard_2023,1,380_4739
380,4740,Yuto Takeuchi,Japan,Giratina LZ Box,8,30,national,Japan Championships 2023,Japan,JP,2023,2023-06-10,standard_2023,1,380_4740
380,1790,Yoshiyuki Yamaguchi,Japan,Gardevoir,9,124,national,Japan Championships 2023,Japan,JP,2023,2023-06-10,standard_2023,0,380_1790
380,4741,Shota Takagi,Japan,Lost Zone Box,10,24,national,Japan Championships 2023,Japan,JP,2023,2023-06-10,standard_2023,0,380_4741
380,2742,Kaito Kimura,Japan,Fusion Mew,11,51,national,Japan Championships 2023,Japan,JP,2023,2023-06-10,standard_2023,0,380_2742
380,4742,Yuta Nakayama,Japan,Lost Zone Box,12,24,national,Japan Championships 2023,Japan,JP,2023,2023-06-10,standard_2023,0,380_4742
380,4743,Hajime Miyagi,Japan,Fusion Mew,13,24,national,Japan Championships 2023,Japan,JP,2023,2023-06-10,standard_2023,0,380_4743
380,4744,Yoshiki Kitaie,Japan,Miraidon Flaaffy,14,12,national,Japan Championships 2023,Japan,JP,2023,2023-06-10,standard_2023,0,380_4744
380,4745,Tomoyuki Abino,Japan,Lugia Archeops,15,22,national,Japan Championships 2023,Japan,JP,2023,2023-06-10,standard_2023,0,380_4745
380,3796,Hiroaki Isono,Japan,Lugia Archeops,16,27,national,Japan Championships 2023,Japan,JP,2023,2023-06-10,standard_2023,0,380_3796
379,178,Isaac Chen Im Sheng,Malaysia,Arceus Duraludon Umbreon,1,37,national,Malaysia Championships 2023,Malaysia,AS-OC,2023,2023-06-10,standard_2023,1,379_178
374,1203,Joshua Doctolero,Philippines,Mew Genesect,1,32,national,Philippines Championships 2023,Philippines,AS-OC,2023,2023-05-13,standard_2023,1,374_1203
374,4613,Kristian Cristobal,Philippines,Mew Genesect,3,12,national,Philippines Championships 2023,Philippines,AS-OC,2023,2023-05-13,standard_2023,1,374_4613
374,4614,Aira Pineda,Philippines,Lugia Archeops,4,12,national,Philippines Championships 2023,Philippines,AS-OC,2023,2023-05-13,standard_2023,1,374_4614
374,4486,Roy Loyola Jr,Philippines,Lost Box Charizard,6,13,national,Philippines Championships 2023,Philippines,AS-OC,2023,2023-05-13,standard_2023,1,374_4486
374,3124,Kyle Vincent Imperial,Philippines,Gardevoir,8,15,national,Philippines Championships 2023,Philippines,AS-OC,2023,2023-05-13,standard_2023,1,374_3124
374,4617,Mickel Paul Kinomes,Philippines,Dialga Magnezone,10,6,national,Philippines Championships 2023,Philippines,AS-OC,2023,2023-05-13,standard_2023,0,374_4617
374,4619,Carl Louie Santiago,Philippines,Mew Genesect,12,6,national,Philippines Championships 2023,Philippines,AS-OC,2023,2023-05-13,standard_2023,0,374_4619
374,4620,Bernard Piguing,Philippines,Regidrago,13,6,national,Philippines Championships 2023,Philippines,AS-OC,2023,2023-05-13,standard_2023,0,374_4620
374,4621,Jeano Centeno,Philippines,Arceus Giratina,14,6,national,Philippines Championships 2023,Philippines,AS-OC,2023,2023-05-13,standard_2023,0,374_4621
374,4477,Ivan Reyna,Philippines,Gardevoir,16,12,national,Philippines Championships 2023,Philippines,AS-OC,2023,2023-05-13,standard_2023,0,374_4477
373,4606,Dyatmika Paramaanindya,Indonesia,Mew Genesect,1,33,national,Indonesia Championships 2023,Indonesia,AS-OC,2023,2023-05-13,standard_2023,1,373_4606
373,4607,Muhammad Naufal Andika,Indonesia,Lugia Archeops,2,15,national,Indonesia Championships 2023,Indonesia,AS-OC,2023,2023-05-13,standard_2023,1,373_4607
373,4608,Said Azmi,Indonesia,Lost Zone Box,3,12,national,Indonesia Championships 2023,Indonesia,AS-OC,2023,2023-05-13,standard_2023,1,373_4608
373,129,Rafli Attar Ricco,Indonesia,Fusion Mew,4,121,national,Indonesia Championships 2023,Indonesia,AS-OC,2023,2023-05-13,standard_2023,1,373_129
373,4609,Christian,Indonesia,Lugia Archeops,5,9,national,Indonesia Championships 2023,Indonesia,AS-OC,2023,2023-05-13,standard_2023,1,373_4609
373,3921,Ferco Fido,Indonesia,Arceus Giratina,6,21,national,Indonesia Championships 2023,Indonesia,AS-OC,2023,2023-05-13,standard_2023,1,373_3921
373,4610,Ezequiel Emeraldo,Indonesia,Gardevoir,7,9,national,Indonesia Championships 2023,Indonesia,AS-OC,2023,2023-05-13,standard_2023,1,373_4610
373,4611,Terry Hilario,Indonesia,Giratina LZ Box,8,9,national,Indonesia Championships 2023,Indonesia,AS-OC,2023,2023-05-13,standard_2023,1,373_4611
316,3703,Takeru Yamano,Japan,Regis,1,30,national,Japan Championships 2022,Japan,JP,2022,2022-06-11,standard_2022,1,316_3703
316,3704,Hiromu Sasaki,Japan,Palkia Inteleon,2,26,national,Japan Championships 2022,Japan,JP,2022,2022-06-11,standard_2022,1,316_3704
316,3705,Kenki Tago,Japan,Palkia Inteleon,4,42,national,Japan Championships 2022,Japan,JP,2022,2022-06-11,standard_2022,1,316_3705
316,3706,Yutaro Suda,Japan,Arceus Duraludon,5,18,national,Japan Championships 2022,Japan,JP,2022,2022-06-11,standard_2022,1,316_3706
316,3708,Reiji Terada,Japan,Palkia Inteleon,7,33,national,Japan Championships 2022,Japan,JP,2022,2022-06-11,standard_2022,1,316_3708
316,2737,Kosei Saito,Japan,Palkia Inteleon,8,62,national,Japan Championships 2022,Japan,JP,2022,2022-06-11,standard_2022,1,316_2737
316,3710,Tomoya Tanaka,Japan,Regis,11,12,national,Japan Championships 2022,Japan,JP,2022,2022-06-11,standard_2022,0,316_3710
316,3711,Junpei Masumo,Japan,Palkia Inteleon,12,12,national,Japan Championships 2022,Japan,JP,2022,2022-06-11,standard_2022,0,316_3711
316,3300,Yuta Saito,Japan,Arceus Duraludon,13,22,national,Japan Championships 2022,Japan,JP,2022,2022-06-11,standard_2022,0,316_3300
316,3712,Shunsuke Nagao,Japan,Fusion Mew,14,12,national,Japan Championships 2022,Japan,JP,2022,2022-06-11,standard_2022,0,316_3712
109,169,Takuya Yoneda,Japan,Rayquaza,1,216,national,Japan Championships 2018,Japan,JP,2018,2018-06-09,standard_2018,1,109_169
109,677,Haruki Satoyama,Japan,Noivern Zoroark,2,85,national,Japan Championships 2018,Japan,JP,2018,2018-06-09,standard_2018,1,109_677
109,675,Shun Ito,Japan,Buzzwole Lycanroc,3,101,national,Japan Championships 2018,Japan,JP,2018,2018-06-09,standard_2018,1,109_675
109,1418,Masafumi Ariyoshi,Japan,Night March,4,22,national,Japan Championships 2018,Japan,JP,2018,2018-06-09,standard_2018,1,109_1418
109,1419,Hidehito Jozaki,Japan,Buzzwole Lycanroc,5,38,national,Japan Championships 2018,Japan,JP,2018,2018-06-09,standard_2018,1,109_1419
109,1420,Hiroshi Wakamoto,Japan,Zoroark Lycanroc,6,18,national,Japan Championships 2018,Japan,JP,2018,2018-06-09,standard_2018,1,109_1420
109,1421,Shuichiro Kakihara,Japan,Trevenant,7,28,national,Japan Championships 2018,Japan,JP,2018,2018-06-09,standard_2018,1,109_1421
109,1422,Yuta Komatsuda,Japan,Zoroark Lycanroc,8,48,national,Japan Championships 2018,Japan,JP,2018,2018-06-09,standard_2018,1,109_1422
109,1423,Masayuki Hayashi,Japan,Buzzwole Lycanroc,10,20,national,Japan Championships 2018,Japan,JP,2018,2018-06-09,standard_2018,0,109_1423
109,1433,Tadashi Miyamoto,Japan,Zoroark Magcargo,12,24,national,Japan Championships 2018,Japan,JP,2018,2018-06-09,standard_2018,0,109_1433
109,1424,Masashi Hashimoto,Japan,Ultra Malamar ,15,30,national,Japan Championships 2018,Japan,JP,2018,2018-06-09,standard_2018,0,109_1424
109,1425,Hideto Sasaki,Japan,Gardevoir Sylveon,20,9,national,Japan Championships 2018,Japan,JP,2018,2018-06-09,standard_2018,0,109_1425
109,1435,Akihiro Wakita,Japan,Buzzwole Lycanroc,26,9,national,Japan Championships 2018,Japan,JP,2018,2018-06-09,standard_2018,0,109_1435
109,1434,Yudai Ishi,Japan,Buzzwole Lycanroc,28,9,national,Japan Championships 2018,Japan,JP,2018,2018-06-09,standard_2018,0,109_1434
109,1460,Atsuto Ide,Japan,Zoroark Lycanroc,29,9,national,Japan Championships 2018,Japan,JP,2018,2018-06-09,standard_2018,0,109_1460
109,1426,Yoichi Sawada,Japan,Zoroark Lycanroc,31,17,national,Japan Championships 2018,Japan,JP,2018,2018-06-09,standard_2018,0,109_1426
109,1436,Shu Hosoda,Japan,Buzzwole Lycanroc,32,47,national,Japan Championships 2018,Japan,JP,2018,2018-06-09,standard_2018,0,109_1436
109,1427,Hayato Kai,Japan,Zoroark Garbodor,34,6,national,Japan Championships 2018,Japan,JP,2018,2018-06-09,standard_2018,0,109_1427
109,1428,Takahiro Moriyama,Japan,Desconocido,35,34,national,Japan Championships 2018,Japan,JP,2018,2018-06-09,standard_2018,0,109_1428
109,1443,Seijiro Hara,Japan,Zoroark Lycanroc,37,6,national,Japan Championships 2018,Japan,JP,2018,2018-06-09,standard_2018,0,109_1443
109,1429,Tsukasa Sakaguchi,Japan,Decidueye Seismitoad,39,6,national,Japan Championships 2018,Japan,JP,2018,2018-06-09,standard_2018,0,109_1429
109,1441,Junya Yasuda,Japan,Buzzwole Lycanroc,40,6,national,Japan Championships 2018,Japan,JP,2018,2018-06-09,standard_2018,0,109_1441
109,1444,Hitoshi Takahata,Japan,Zoroark Lycanroc,42,6,national,Japan Championships 2018,Japan,JP,2018,2018-06-09,standard_2018,0,109_1444
109,1437,Tadashi Maeda,Japan,Night March,45,26,national,Japan Championships 2018,Japan,JP,2018,2018-06-09,standard_2018,0,109_1437
109,1430,Koki Sawada,Japan,Zoroark Magcargo,47,6,national,Japan Championships 2018,Japan,JP,2018,2018-06-09,standard_2018,0,109_1430
109,1469,Takuya Sato,Japan,Zoroark Lycanroc,50,6,national,Japan Championships 2018,Japan,JP,2018,2018-06-09,standard_2018,0,109_1469
109,1470,Tomoki Eda,Japan,Zoroark Magcargo,51,6,national,Japan Championships 2018,Japan,JP,2018,2018-06-09,standard_2018,0,109_1470
109,1431,Takayuki Motoki,Japan,Zoroark Magcargo,55,6,national,Japan Championships 2018,Japan,JP,2018,2018-06-09,standard_2018,0,109_1431
109,1439,Tomoya Sakurai,Japan,Desconocido,58,6,national,Japan Championships 2018,Japan,JP,2018,2018-06-09,standard_2018,0,109_1439
109,1440,Antoine Boulay,France,Buzzwole Lycanroc,61,36,national,Japan Championships 2018,Japan,JP,2018,2018-06-09,standard_2018,0,109_1440
109,1438,Wataru Yano,Japan,Zoroark Magcargo,62,6,national,Japan Championships 2018,Japan,JP,2018,2018-06-09,standard_2018,0,109_1438
109,1442,Yuki Horiguchi,Japan,Zoroark Lycanroc,64,6,national,Japan Championships 2018,Japan,JP,2018,2018-06-09,standard_2018,0,109_1442
284,137,Jordan Palmer,Australia,Yveltal Zoroark,1,256,national,Australian Nationals 2016,Australia,AS-OC,2016,2016-07-02,standard_2016,1,284_137
284,1545,Michael Kan,Australia,Night March,3,31,national,Australian Nationals 2016,Australia,AS-OC,2016,2016-07-02,standard_2016,1,284_1545
284,1024,Blake Davies,Australia,Night March,4,27,national,Australian Nationals 2016,Australia,AS-OC,2016,2016-07-02,standard_2016,1,284_1024
250,340,Nick Robinson,United States,Night March Vespiquen,1,98,national,US Nationals 2016,United States,Desconocido,2016,2016-07-01,standard_2016,1,250_340
250,459,Marcos Garcia,United States,Seismitoad Giratina,2,53,national,US Nationals 2016,United States,Desconocido,2016,2016-07-01,standard_2016,1,250_459
250,1599,Paul Johnston,United States,Watertoad,3,42,national,US Nationals 2016,United States,Desconocido,2016,2016-07-01,standard_2016,1,250_1599
250,955,Liam Williams,United States,Darkrai Dragons,4,54,national,US Nationals 2016,United States,Desconocido,2016,2016-07-01,standard_2016,1,250_955
250,416,Chris Siakala,United States,Night March,5,225,national,US Nationals 2016,United States,Desconocido,2016,2016-07-01,standard_2016,1,250_416
250,698,Michael Bergerac,United States,Trevenant,6,155,national,US Nationals 2016,United States,Desconocido,2016,2016-07-01,standard_2016,1,250_698
250,419,Jamie DePamphilis,United States,Trevenant,7,43,national,US Nationals 2016,United States,Desconocido,2016,2016-07-01,standard_2016,1,250_419
250,460,Fred X. Hoban,United States,Vespiquen Vileplume,8,38,national,US Nationals 2016,United States,Desconocido,2016,2016-07-01,standard_2016,1,250_460
250,363,Kolton Day,United States,Night March,9,100,national,US Nationals 2016,United States,Desconocido,2016,2016-07-01,standard_2016,0,250_363
250,683,Sorina Radu,United States,Darkrai Dragons,11,20,national,US Nationals 2016,United States,Desconocido,2016,2016-07-01,standard_2016,0,250_683
250,1243,Lance Bradshaw,United States,Mega Manectric Garbodor,17,142,national,US Nationals 2016,United States,Desconocido,2016,2016-07-01,standard_2016,0,250_1243
250,799,Andrew Krekeler,United States,Trevenant,18,28,national,US Nationals 2016,United States,Desconocido,2016,2016-07-01,standard_2016,0,250_799
250,136,Tyler Ninomura,United States,Zygarde Carbink Vileplume,22,89,national,US Nationals 2016,United States,Desconocido,2016,2016-07-01,standard_2016,0,250_136
250,384,Conner LaVelle,United States,Night March,25,93,national,US Nationals 2016,United States,Desconocido,2016,2016-07-01,standard_2016,0,250_384
250,1221,Drew Guritzky,United States,Night March,27,16,national,US Nationals 2016,United States,Desconocido,2016,2016-07-01,standard_2016,0,250_1221
250,463,Kevin Baxter,United States,YZG,28,72,national,US Nationals 2016,United States,Desconocido,2016,2016-07-01,standard_2016,0,250_463
250,731,Jason Annichiarico,United States,Night March,34,97,national,US Nationals 2016,United States,Desconocido,2016,2016-07-01,standard_2016,0,250_731
250,465,Andrew Wamboldt,United States,Night March Vespiquen,36,59,national,US Nationals 2016,United States,Desconocido,2016,2016-07-01,standard_2016,0,250_465
250,239,Brad Curcio,United States,Night March,38,225,national,US Nationals 2016,United States,Desconocido,2016,2016-07-01,standard_2016,0,250_239
250,412,Mike Fouchet,United States,Night March,39,120,national,US Nationals 2016,United States,Desconocido,2016,2016-07-01,standard_2016,0,250_412
250,390,Michael Slutsky,United States,Greninja,47,56,national,US Nationals 2016,United States,Desconocido,2016,2016-07-01,standard_2016,0,250_390
250,516,Jeffrey Cheng,United States,Medicham,49,45,national,US Nationals 2016,United States,Desconocido,2016,2016-07-01,standard_2016,0,250_516
250,387,Travis Nunlist,United States,Watertoad,52,96,national,US Nationals 2016,United States,Desconocido,2016,2016-07-01,standard_2016,0,250_387
250,1531,Zach Elliott,United States,Mega Manectric,56,24,national,US Nationals 2016,United States,Desconocido,2016,2016-07-01,standard_2016,0,250_1531
250,2991,Kevin Murphy,United States,Vileplume Toolbox,60,16,national,US Nationals 2016,United States,Desconocido,2016,2016-07-01,standard_2016,0,250_2991
250,160,Samuel Hough,United States,Vileplume Toolbox,64,181,national,US Nationals 2016,United States,Desconocido,2016,2016-07-01,standard_2016,0,250_160
274,945,Kevin Ponthieux,Italy,Trevenant,1,14,national,Italian Nationals 2016,Italy,EU,2016,2016-06-11,standard_2016,1,274_945
274,77,Simone Zucchelli,Italy,Bronzong Genesect,2,66,national,Italian Nationals 2016,Italy,EU,2016,2016-06-11,standard_2016,1,274_77
274,49,Nicolo Castignoli,Italy,Greninja,3,42,national,Italian Nationals 2016,Italy,EU,2016,2016-06-11,standard_2016,1,274_49
274,20,Simone Soldo,Italy,Greninja,4,105,national,Italian Nationals 2016,Italy,EU,2016,2016-06-11,standard_2016,1,274_20
274,2252,Riccardo Maganza,Italy,Greninja,5,63,national,Italian Nationals 2016,Italy,EU,2016,2016-06-11,standard_2016,1,274_2252
274,845,Simone Canziani,Italy,Vespiquen,6,41,national,Italian Nationals 2016,Italy,EU,2016,2016-06-11,standard_2016,1,274_845
274,1216,Vincenzo Gerardi,Italy,Watertoad,7,9,national,Italian Nationals 2016,Italy,EU,2016,2016-06-11,standard_2016,1,274_1216
274,156,Gianluca Cipriano,Italy,Night March Vespiquen,8,18,national,Italian Nationals 2016,Italy,EU,2016,2016-06-11,standard_2016,1,274_156
260,1258,Chrisowalantis Amanatidis,Germany,Watertoad,1,67,national,German Nationals 2016,Germany,EU,2016,2016-05-21,standard_2016,1,260_1258
260,319,Fatih Akdemir,Germany,Trevenant,2,45,national,German Nationals 2016,Germany,EU,2016,2016-05-21,standard_2016,1,260_319
260,4,Robin Schulz,Germany,Seismitoad Giratina,3,427,national,German Nationals 2016,Germany,EU,2016,2016-05-21,standard_2016,1,260_4
260,666,Benedikt Hugo,Germany,Night March,4,20,national,German Nationals 2016,Germany,EU,2016,2016-05-21,standard_2016,1,260_666
260,55,Tobias Smutkowski,Germany,Night March,5,65,national,German Nationals 2016,Germany,EU,2016,2016-05-21,standard_2016,1,260_55
260,2954,Jan Baumann,Germany,Latios Vileplume,6,9,national,German Nationals 2016,Germany,EU,2016,2016-05-21,standard_2016,1,260_2954
260,105,Marc Lutz,Germany,Watertoad,7,212,national,German Nationals 2016,Germany,EU,2016,2016-05-21,standard_2016,1,260_105
260,2955,Marco Haeder,Germany,Watertoad,8,9,national,German Nationals 2016,Germany,EU,2016,2016-05-21,standard_2016,1,260_2955
269,3028,Stephane Ruffe,France,Night March,1,18,national,French Nationals 2016,France,EU,2016,2016-05-14,standard_2016,1,269_3028
269,3029,Sylvain de la Crompe,France,Trevenant,2,15,national,French Nationals 2016,France,EU,2016,2016-05-14,standard_2016,1,269_3029
269,3030,Alexis Peiffer,France,Night March,3,12,national,French Nationals 2016,France,EU,2016,2016-05-14,standard_2016,1,269_3030
269,3031,Frederic Lesage,France,Greninja,4,12,national,French Nationals 2016,France,EU,2016,2016-05-14,standard_2016,1,269_3031
269,87,Fabien Pujol,France,Seismitoad Giratina,5,310,national,French Nationals 2016,France,EU,2016,2016-05-14,standard_2016,1,269_87
269,1042,Joel Nguyen,France,Night March,6,37,national,French Nationals 2016,France,EU,2016,2016-05-14,standard_2016,1,269_1042
269,3032,Julien Dalle,France,Mega Mewtwo,7,15,national,French Nationals 2016,France,EU,2016,2016-05-14,standard_2016,1,269_3032
269,1,Cedric Gouin,France,Mega Manectric,8,91,national,French Nationals 2016,France,EU,2016,2016-05-14,standard_2016,1,269_1
249,3000,Jason Klaczynski,United States,Seismitoad Garbodor,1,92,national,US Nationals 2015,United States,Desconocido,2015,2015-07-03,standard_2015,1,249_3000
249,694,Enrique Avila,United States,Wall Stall,2,49,national,US Nationals 2015,United States,Desconocido,2015,2015-07-03,standard_2015,1,249_694
249,322,Grant Manley,United States,Mega Manectric Garbodor,3,535,national,US Nationals 2015,United States,Desconocido,2015,2015-07-03,standard_2015,1,249_322
249,3002,Ben Moskow,United States,Bronzong Box,4,22,national,US Nationals 2015,United States,Desconocido,2015,2015-07-03,standard_2015,1,249_3002
249,474,Dylan Bryan,United States,Bronzong Klinklang Box,5,129,national,US Nationals 2015,United States,Desconocido,2015,2015-07-03,standard_2015,1,249_474
249,979,Eduardo Gonzalez,United States,Hippowdon,6,39,national,US Nationals 2015,United States,Desconocido,2015,2015-07-03,standard_2015,1,249_979
249,2992,Kristy Britton,United States,Seismitoad Manectric Crobat,7,18,national,US Nationals 2015,United States,Desconocido,2015,2015-07-03,standard_2015,1,249_2992
249,833,Geoffrey Sauk,United States,Mega Rayquaza Bronzong,8,23,national,US Nationals 2015,United States,Desconocido,2015,2015-07-03,standard_2015,1,249_833
249,2993,Brandon Zettel,United States,Wall Stall,9,12,national,US Nationals 2015,United States,Desconocido,2015,2015-07-03,standard_2015,0,249_2993
249,2994,Omar Reyhan,United States,Primal Kyogre,10,30,national,US Nationals 2015,United States,Desconocido,2015,2015-07-03,standard_2015,0,249_2994
249,1015,Dustin Zimmerman,United States,Bronzong Box,11,103,national,US Nationals 2015,United States,Desconocido,2015,2015-07-03,standard_2015,0,249_1015
249,389,Stefan Tabaco,United States,Primal Groudon,12,99,national,US Nationals 2015,United States,Desconocido,2015,2015-07-03,standard_2015,0,249_389
249,3003,Jake Jensen,United States,Seismitoad Garbodor,13,27,national,US Nationals 2015,United States,Desconocido,2015,2015-07-03,standard_2015,0,249_3003
249,3004,Michael Lesky,United States,Primal Kyogre,14,12,national,US Nationals 2015,United States,Desconocido,2015,2015-07-03,standard_2015,0,249_3004
249,562,Steve Guthrie,United States,Archie's Blastoise,15,37,national,US Nationals 2015,United States,Desconocido,2015,2015-07-03,standard_2015,0,249_562
249,363,Kolton Day,United States,Seismitoad Crobat,16,100,national,US Nationals 2015,United States,Desconocido,2015,2015-07-03,standard_2015,0,249_363
249,203,Sam Chen,United States,Mega Manectric,19,411,national,US Nationals 2015,United States,Desconocido,2015,2015-07-03,standard_2015,0,249_203
249,799,Andrew Krekeler,United States,Mega Manectric,20,28,national,US Nationals 2015,United States,Desconocido,2015,2015-07-03,standard_2015,0,249_799
249,354,Chris Derocher,United States,Seismitoad Crobat,23,71,national,US Nationals 2015,United States,Desconocido,2015,2015-07-03,standard_2015,0,249_354
249,716,Steven Bates,United States,Big Basics Raichu Garbodor,24,14,national,US Nationals 2015,United States,Desconocido,2015,2015-07-03,standard_2015,0,249_716
249,731,Jason Annichiarico,United States,Flareon,26,97,national,US Nationals 2015,United States,Desconocido,2015,2015-07-03,standard_2015,0,249_731
249,329,Daniel Lynch,United States,Seismitoad Crobat,28,235,national,US Nationals 2015,United States,Desconocido,2015,2015-07-03,standard_2015,0,249_329
249,130,Alexander Hill,United States,Mega Rayquaza Bronzong,30,192,national,US Nationals 2015,United States,Desconocido,2015,2015-07-03,standard_2015,0,249_130
249,2401,Vance Kelley,United States,Seismitoad Crobat,37,131,national,US Nationals 2015,United States,Desconocido,2015,2015-07-03,standard_2015,0,249_2401
249,345,Jeremy Gibson,United States,Night March,39,93,national,US Nationals 2015,United States,Desconocido,2015,2015-07-03,standard_2015,0,249_345
249,1531,Zach Elliott,United States,Mega Manectric,40,24,national,US Nationals 2015,United States,Desconocido,2015,2015-07-03,standard_2015,0,249_1531
249,463,Kevin Baxter,United States,Primal Groudon,41,72,national,US Nationals 2015,United States,Desconocido,2015,2015-07-03,standard_2015,0,249_463
249,3008,Michael Lux,United States,Wall Stall,45,6,national,US Nationals 2015,United States,Desconocido,2015,2015-07-03,standard_2015,0,249_3008
249,334,Daniel Altavilla,United States,Mega Rayquaza Bronzong,47,637,national,US Nationals 2015,United States,Desconocido,2015,2015-07-03,standard_2015,0,249_334
249,1580,Matt Marusik,United States,Yveltal Garbodor,48,14,national,US Nationals 2015,United States,Desconocido,2015,2015-07-03,standard_2015,0,249_1580
249,402,Ryan Grant,United States,Seismitoad Garbodor,51,67,national,US Nationals 2015,United States,Desconocido,2015,2015-07-03,standard_2015,0,249_402
249,1123,Zack Martin,United States,Mega Manectric,53,30,national,US Nationals 2015,United States,Desconocido,2015,2015-07-03,standard_2015,0,249_1123
249,374,Brit Pybas,United States,Seismitoad Garbodor,54,64,national,US Nationals 2015,United States,Desconocido,2015,2015-07-03,standard_2015,0,249_374
249,615,Charles Larenas-Leach,United States,Night March,56,24,national,US Nationals 2015,United States,Desconocido,2015,2015-07-03,standard_2015,0,249_615
249,2553,Iyla Sutherland,United States,Seismitoad Manectric Garbodor,61,62,national,US Nationals 2015,United States,Desconocido,2015,2015-07-03,standard_2015,0,249_2553
249,948,Jacob Van Wagner,United States,Mega Rayquaza Bronzong,62,56,national,US Nationals 2015,United States,Desconocido,2015,2015-07-03,standard_2015,0,249_948
283,3205,Marcus Raj,Australia,Seismitoad Shaymin,2,15,national,Australian Nationals 2015,Australia,AS-OC,2015,2015-06-06,standard_2015,1,283_3205
283,137,Jordan Palmer,Australia,Seismitoad Shaymin,3,256,national,Australian Nationals 2015,Australia,AS-OC,2015,2015-06-06,standard_2015,1,283_137
268,3027,Thomas Vernier,France,Virizion Genesect,1,39,national,French Nationals 2015,France,EU,2015,2015-05-23,standard_2015,1,268_3027
268,284,Stéphane Ivanoff,France,Seismitoad Slurpuff,2,528,national,French Nationals 2015,France,EU,2015,2015-05-23,standard_2015,1,268_284
259,2956,David Sturm,Germany,Flareon,1,70,national,German Nationals 2015,Germany,EU,2015,2015-05-16,standard_2015,1,259_2956
259,2957,Niklas Lehnert-Rappel,Germany,Bronzong Box,2,51,national,German Nationals 2015,Germany,EU,2015,2015-05-16,standard_2015,1,259_2957
259,319,Fatih Akdemir,Germany,Xerneas Mega Gardevoir Aromatisse,3,45,national,German Nationals 2015,Germany,EU,2015,2015-05-16,standard_2015,1,259_319
259,108,Karl Peters,Germany,Seismitoad Slurpuff,4,173,national,German Nationals 2015,Germany,EU,2015,2015-05-16,standard_2015,1,259_108
259,41,Friedrich Illbruck,Germany,Night March,5,42,national,German Nationals 2015,Germany,EU,2015,2015-05-16,standard_2015,1,259_41
259,2958,Markus Jakob,Germany,Seismitoad Crobat,6,18,national,German Nationals 2015,Germany,EU,2015,2015-05-16,standard_2015,1,259_2958
259,75,Ole Stognief,Germany,Landorus Crobat,7,86,national,German Nationals 2015,Germany,EU,2015,2015-05-16,standard_2015,1,259_75
259,4,Robin Schulz,Germany,Seismitoad Slurpuff,8,427,national,German Nationals 2015,Germany,EU,2015,2015-05-16,standard_2015,1,259_4
248,691,Brandon Salazar,United States,Big Basics Raichu Garbodor,1,156,national,US Nationals 2014,United States,Desconocido,2014,2014-07-04,standard_2014,1,248_691
248,125,Michael Pramawat,United States,Pyroar,2,602,national,US Nationals 2014,United States,Desconocido,2014,2014-07-04,standard_2014,1,248_125
248,472,Byron Isaiah Williams,United States,Yveltal Garbodor,3,359,national,US Nationals 2014,United States,Desconocido,2014,2014-07-04,standard_2014,1,248_472
248,720,Calvin Nordberg,United States,Plasma Kyurem,4,32,national,US Nationals 2014,United States,Desconocido,2014,2014-07-04,standard_2014,1,248_720
248,326,Tristan Macek,United States,Pyroar,7,104,national,US Nationals 2014,United States,Desconocido,2014,2014-07-04,standard_2014,1,248_326
248,3017,Henry Prior,United States,Flygon Dusknoir,8,18,national,US Nationals 2014,United States,Desconocido,2014,2014-07-04,standard_2014,1,248_3017
248,3018,Jon Bristow,United States,Pyroar,10,42,national,US Nationals 2014,United States,Desconocido,2014,2014-07-04,standard_2014,0,248_3018
248,316,Ryan Sabelhaus,United States,Plasma Lugia,12,270,national,US Nationals 2014,United States,Desconocido,2014,2014-07-04,standard_2014,0,248_316
248,239,Brad Curcio,United States,Pyroar,13,225,national,US Nationals 2014,United States,Desconocido,2014,2014-07-04,standard_2014,0,248_239
248,375,Russell LaParre,United States,Flygon Dusknoir,14,133,national,US Nationals 2014,United States,Desconocido,2014,2014-07-04,standard_2014,0,248_375
282,3203,Jennifer Wilson,Australia,Yveltal Garbodor,1,18,national,Australian Nationals 2014,Australia,AS-OC,2014,2014-06-28,standard_2014,1,282_3203
282,137,Jordan Palmer,Australia,Yveltal Raichu,2,256,national,Australian Nationals 2014,Australia,AS-OC,2014,2014-06-28,standard_2014,1,282_137
282,1092,Naomi Murn,Australia,Yveltal Garbodor,5,25,national,Australian Nationals 2014,Australia,AS-OC,2014,2014-06-28,standard_2014,1,282_1092
282,3204,Thomas Winkleman,Australia,Yveltal Darkrai,7,9,national,Australian Nationals 2014,Australia,AS-OC,2014,2014-06-28,standard_2014,1,282_3204
282,195,Paul Coletta,Australia,Accelgor Trevenant,8,39,national,Australian Nationals 2014,Australia,AS-OC,2014,2014-06-28,standard_2014,1,282_195
267,284,Stéphane Ivanoff,France,Yveltal Garbodor,1,528,national,French Nationals 2014,France,EU,2014,2014-05-24,standard_2014,1,267_284
258,108,Karl Peters,Germany,Virizion Genesect,1,173,national,German Nationals 2014,Germany,EU,2014,2014-05-03,standard_2014,1,258_108
258,3020,Dennis Mischitz,Germany,Virizion Genesect,2,23,national,German Nationals 2014,Germany,EU,2014,2014-05-03,standard_2014,1,258_3020
258,105,Marc Lutz,Germany,Virizion Genesect,3,212,national,German Nationals 2014,Germany,EU,2014,2014-05-03,standard_2014,1,258_105
258,45,Finn Looft,Germany,Virizion Genesect,4,65,national,German Nationals 2014,Germany,EU,2014,2014-05-03,standard_2014,1,258_45
258,3021,David Kirschbaum,Germany,Plasma Lugia,5,9,national,German Nationals 2014,Germany,EU,2014,2014-05-03,standard_2014,1,258_3021
258,75,Ole Stognief,Germany,Emboar Rayquaza,6,86,national,German Nationals 2014,Germany,EU,2014,2014-05-03,standard_2014,1,258_75
258,2956,David Sturm,Germany,Virizion Genesect,7,70,national,German Nationals 2014,Germany,EU,2014,2014-05-03,standard_2014,1,258_2956
258,47,Steven Mao,Germany,Yveltal Garbodor,8,209,national,German Nationals 2014,Germany,EU,2014,2014-05-03,standard_2014,1,258_47
247,3051,Edmund Kuras,United States,Accelgor Gothitelle,1,36,national,US Nationals 2013,United States,Desconocido,2013,2013-07-05,standard_2013,1,247_3051
247,316,Ryan Sabelhaus,United States,Plasma Kyurem,2,270,national,US Nationals 2013,United States,Desconocido,2013,2013-07-05,standard_2013,1,247_316
247,898,Sam Liggett,United States,Accelgor Gothitelle,3,63,national,US Nationals 2013,United States,Desconocido,2013,2013-07-05,standard_2013,1,247_898
247,3050,Kyle Sucevich,United States,Plasma Kyurem,10,22,national,US Nationals 2013,United States,Desconocido,2013,2013-07-05,standard_2013,0,247_3050
247,149,Jose Marrero,United States,Plasma Lugia,14,359,national,US Nationals 2013,United States,Desconocido,2013,2013-07-05,standard_2013,0,247_149
247,3057,Aaron Curry,United States,Accelgor Gothitelle,16,36,national,US Nationals 2013,United States,Desconocido,2013,2013-07-05,standard_2013,0,247_3057
257,3058,Janik Reimers,Germany,Darkrai Sableye,1,18,national,German Nationals 2013,Germany,EU,2013,2013-05-25,standard_2013,1,257_3058
257,16,Merlin Quittek,Germany,Landorus Mewtwo Garbodor,5,63,national,German Nationals 2013,Germany,EU,2013,2013-05-25,standard_2013,1,257_16
257,24,Tobias Thesing,Germany,Plasma Kyurem,8,144,national,German Nationals 2013,Germany,EU,2013,2013-05-25,standard_2013,1,257_24
266,8,Mehdi Hafi,France,Landorus Mewtwo Tornadus,1,221,national,French Nationals 2013,France,EU,2013,2013-05-18,standard_2013,1,266_8
266,284,Stéphane Ivanoff,France,Landorus Mewtwo Tornadus,4,528,national,French Nationals 2013,France,EU,2013,2013-05-18,standard_2013,1,266_284
360,1901,Cyrus Davis,Canada,Inteleon Urshifu,1,148,international,NAIC 2023 Columbus,United States,Desconocido,2023,2023-06-29,standard_2023,1,360_1901
360,864,Ian Robb,United States,Arceus Duraludon Umbreon,2,512,international,NAIC 2023 Columbus,United States,Desconocido,2023,2023-06-29,standard_2023,1,360_864
360,2628,Calvin Connor,United States,Gardevoir,3,260,international,NAIC 2023 Columbus,United States,Desconocido,2023,2023-06-29,standard_2023,1,360_2628
360,2532,Rowan Stavenow,Canada,Gardevoir,4,195,international,NAIC 2023 Columbus,United States,Desconocido,2023,2023-06-29,standard_2023,1,360_2532
360,2564,Victor Aung,United States,Lost Zone Box,5,75,international,NAIC 2023 Columbus,United States,Desconocido,2023,2023-06-29,standard_2023,1,360_2564
360,335,Michael Catron,United States,Arceus Umbreon,6,233,international,NAIC 2023 Columbus,United States,Desconocido,2023,2023-06-29,standard_2023,1,360_335
360,3670,Christian LaBella,Canada,Arceus Duraludon Umbreon,7,127,international,NAIC 2023 Columbus,United States,Desconocido,2023,2023-06-29,standard_2023,1,360_3670
360,2574,Justin Brothers,United States,Lugia Archeops,8,35,international,NAIC 2023 Columbus,United States,Desconocido,2023,2023-06-29,standard_2023,1,360_2574
360,168,Kian Amini,United States,Gardevoir,9,301,international,NAIC 2023 Columbus,United States,Desconocido,2023,2023-06-29,standard_2023,0,360_168
360,2734,Nathan Doyle,Ireland,Fusion Mew,10,32,international,NAIC 2023 Columbus,United States,Desconocido,2023,2023-06-29,standard_2023,0,360_2734
360,3583,David Hendrickson,United States,Lost Zone Box,11,42,international,NAIC 2023 Columbus,United States,Desconocido,2023,2023-06-29,standard_2023,0,360_3583
360,4200,Owen Rhoads,United States,Chien-Pao Baxcalibur,12,28,international,NAIC 2023 Columbus,United States,Desconocido,2023,2023-06-29,standard_2023,0,360_4200
360,3329,Shoichi Saito,Japan,Lost Zone Box,13,76,international,NAIC 2023 Columbus,United States,Desconocido,2023,2023-06-29,standard_2023,0,360_3329
360,3265,Stephen Kent,Great Britain,Arceus Giratina,14,48,international,NAIC 2023 Columbus,United States,Desconocido,2023,2023-06-29,standard_2023,0,360_3265
360,165,Gustavo Wada,Brazil,Gardevoir,15,766,international,NAIC 2023 Columbus,United States,Desconocido,2023,2023-06-29,standard_2023,0,360_165
360,649,William Azevedo,Brazil,Gardevoir,16,299,international,NAIC 2023 Columbus,United States,Desconocido,2023,2023-06-29,standard_2023,0,360_649
360,1178,Kris Kemp,United States,Arceus Aerodactyl,17,75,international,NAIC 2023 Columbus,United States,Desconocido,2023,2023-06-29,standard_2023,0,360_1178
360,2774,Pedro Pertusi,Brazil,Gardevoir,18,235,international,NAIC 2023 Columbus,United States,Desconocido,2023,2023-06-29,standard_2023,0,360_2774
360,2122,Gabriel Smart,United States,Lugia Archeops,19,223,international,NAIC 2023 Columbus,United States,Desconocido,2023,2023-06-29,standard_2023,0,360_2122
360,2420,Alex Hamilton,United States,Arceus Giratina,20,71,international,NAIC 2023 Columbus,United States,Desconocido,2023,2023-06-29,standard_2023,0,360_2420
360,2729,Ithiel Arki,France,Lost Zone Box,21,78,international,NAIC 2023 Columbus,United States,Desconocido,2023,2023-06-29,standard_2023,0,360_2729
360,2875,Andrew Hedrick,United States,Lost Zone Box,22,222,international,NAIC 2023 Columbus,United States,Desconocido,2023,2023-06-29,standard_2023,0,360_2875
360,450,Jared Grimes,United States,Chien-Pao Baxcalibur,23,33,international,NAIC 2023 Columbus,United States,Desconocido,2023,2023-06-29,standard_2023,0,360_450
360,2340,Lucas Xing,Canada,Gardevoir,24,77,international,NAIC 2023 Columbus,United States,Desconocido,2023,2023-06-29,standard_2023,0,360_2340
360,138,Brent Tonisson,Australia,Gardevoir,25,449,international,NAIC 2023 Columbus,United States,Desconocido,2023,2023-06-29,standard_2023,0,360_138
360,141,Justin Bokhari,United States,Gardevoir,26,455,international,NAIC 2023 Columbus,United States,Desconocido,2023,2023-06-29,standard_2023,0,360_141
360,4636,James Coyle,United States,Arceus Duraludon Umbreon,27,20,international,NAIC 2023 Columbus,United States,Desconocido,2023,2023-06-29,standard_2023,0,360_4636
360,4845,Daniel Rao,Canada,Lost Zone Box,28,18,international,NAIC 2023 Columbus,United States,Desconocido,2023,2023-06-29,standard_2023,0,360_4845
360,3196,Alex LeBlanc,United States,Arceus Giratina,29,25,international,NAIC 2023 Columbus,United States,Desconocido,2023,2023-06-29,standard_2023,0,360_3196
360,4846,Andrew Nisen,United States,Arceus Giratina,30,22,international,NAIC 2023 Columbus,United States,Desconocido,2023,2023-06-29,standard_2023,0,360_4846
360,2891,Caleb Rogerson,United States,Lost Zone Box,31,87,international,NAIC 2023 Columbus,United States,Desconocido,2023,2023-06-29,standard_2023,0,360_2891
360,4044,Anthony Perez,United States,Palkia Chien-Pao,32,47,international,NAIC 2023 Columbus,United States,Desconocido,2023,2023-06-29,standard_2023,0,360_4044
360,173,Ross Cawthon,United States,Darkrai,33,336,international,NAIC 2023 Columbus,United States,Desconocido,2023,2023-06-29,standard_2023,0,360_173
360,579,Charlie Lockyer,United States,Arceus Duraludon Umbreon,34,158,international,NAIC 2023 Columbus,United States,Desconocido,2023,2023-06-29,standard_2023,0,360_579
360,2943,Jackson Rowley,United States,Lost Zone Box,35,33,international,NAIC 2023 Columbus,United States,Desconocido,2023,2023-06-29,standard_2023,0,360_2943
360,345,Jeremy Gibson,United States,Chien-Pao Baxcalibur,36,93,international,NAIC 2023 Columbus,United States,Desconocido,2023,2023-06-29,standard_2023,0,360_345
360,4201,Hunter Smith,United States,Arceus Duraludon Umbreon,37,24,international,NAIC 2023 Columbus,United States,Desconocido,2023,2023-06-29,standard_2023,0,360_4201
360,4863,Caleb Fernelius,United States,Lugia Archeops,38,12,international,NAIC 2023 Columbus,United States,Desconocido,2023,2023-06-29,standard_2023,0,360_4863
360,4864,Justin Young,United States,Giratina LZ Box,39,12,international,NAIC 2023 Columbus,United States,Desconocido,2023,2023-06-29,standard_2023,0,360_4864
360,2899,Piper Lepine,United States,Arceus Duraludon Umbreon,40,156,international,NAIC 2023 Columbus,United States,Desconocido,2023,2023-06-29,standard_2023,0,360_2899
360,2812,Jose Marzan,Puerto Rico,Giratina LZ Box,41,87,international,NAIC 2023 Columbus,United States,Desconocido,2023,2023-06-29,standard_2023,0,360_2812
360,2559,Nicholas Legg,United States,Lost Zone Box,42,22,international,NAIC 2023 Columbus,United States,Desconocido,2023,2023-06-29,standard_2023,0,360_2559
360,1725,Connor Pedersen,United States,Gardevoir,43,35,international,NAIC 2023 Columbus,United States,Desconocido,2023,2023-06-29,standard_2023,0,360_1725
360,2401,Vance Kelley,United States,Fusion Mew,44,131,international,NAIC 2023 Columbus,United States,Desconocido,2023,2023-06-29,standard_2023,0,360_2401
360,3881,James Thiel,United States,Arceus Giratina,45,41,international,NAIC 2023 Columbus,United States,Desconocido,2023,2023-06-29,standard_2023,0,360_3881
360,4865,Caroline Ferino,France,Lost Zone Box,46,12,international,NAIC 2023 Columbus,United States,Desconocido,2023,2023-06-29,standard_2023,0,360_4865
360,3906,Daniel Sheikh,United States,Palkia Chien-Pao,47,17,international,NAIC 2023 Columbus,United States,Desconocido,2023,2023-06-29,standard_2023,0,360_3906
360,1188,Miloslav Posledni,Czech Republic,Lost Zone Box,48,218,international,NAIC 2023 Columbus,United States,Desconocido,2023,2023-06-29,standard_2023,0,360_1188
360,321,Rahul Reddy,United States,Gardevoir,49,550,international,NAIC 2023 Columbus,United States,Desconocido,2023,2023-06-29,standard_2023,0,360_321
360,3195,Lucas Thiele,United States,Lost Zone Box,50,65,international,NAIC 2023 Columbus,United States,Desconocido,2023,2023-06-29,standard_2023,0,360_3195
360,1368,Natalie Millar,Australia,Gardevoir,51,254,international,NAIC 2023 Columbus,United States,Desconocido,2023,2023-06-29,standard_2023,0,360_1368
360,12,Adam Hawkins,Great Britain,Giratina LZ Box,52,241,international,NAIC 2023 Columbus,United States,Desconocido,2023,2023-06-29,standard_2023,0,360_12
360,3716,Vincent Owen,United States,Arceus Goodra,53,64,international,NAIC 2023 Columbus,United States,Desconocido,2023,2023-06-29,standard_2023,0,360_3716
360,3443,Dylan Lefavour,United States,Lugia Archeops,54,47,international,NAIC 2023 Columbus,United States,Desconocido,2023,2023-06-29,standard_2023,0,360_3443
360,3885,Ray Chen,United States,Arceus Aerodactyl,55,24,international,NAIC 2023 Columbus,United States,Desconocido,2023,2023-06-29,standard_2023,0,360_3885
360,3596,Jeremy Gumila,United States,Gardevoir,56,68,international,NAIC 2023 Columbus,United States,Desconocido,2023,2023-06-29,standard_2023,0,360_3596
360,2770,Aidan Khus,United States,Lost Zone Box,57,180,international,NAIC 2023 Columbus,United States,Desconocido,2023,2023-06-29,standard_2023,0,360_2770
360,3992,Kevin Ajolt Nguyen,United States,Chien-Pao Baxcalibur,58,34,international,NAIC 2023 Columbus,United States,Desconocido,2023,2023-06-29,standard_2023,0,360_3992
360,1630,Nicholas Moffitt,United States,Lost Zone Box,59,266,international,NAIC 2023 Columbus,United States,Desconocido,2023,2023-06-29,standard_2023,0,360_1630
360,4720,Joe Bates,Great Britain,Lugia Archeops,60,14,international,NAIC 2023 Columbus,United States,Desconocido,2023,2023-06-29,standard_2023,0,360_4720
360,4358,Simone Fiorito,Italy,Arceus Giratina,61,31,international,NAIC 2023 Columbus,United States,Desconocido,2023,2023-06-29,standard_2023,0,360_4358
360,2922,Brian Kim,United States,Gardevoir,62,66,international,NAIC 2023 Columbus,United States,Desconocido,2023,2023-06-29,standard_2023,0,360_2922
360,3915,Jamie Frankland,Great Britain,Lost Zone Box,63,70,international,NAIC 2023 Columbus,United States,Desconocido,2023,2023-06-29,standard_2023,0,360_3915
360,364,Alex Schemanske,United States,United Wings,64,602,international,NAIC 2023 Columbus,United States,Desconocido,2023,2023-06-29,standard_2023,0,360_364
360,1535,Christian Franco,United States,Arceus Umbreon,65,72,international,NAIC 2023 Columbus,United States,Desconocido,2023,2023-06-29,standard_2023,0,360_1535
360,698,Michael Bergerac,United States,United Wings,66,155,international,NAIC 2023 Columbus,United States,Desconocido,2023,2023-06-29,standard_2023,0,360_698
360,3723,Grant Shen,United States,Lugia Archeops,67,197,international,NAIC 2023 Columbus,United States,Desconocido,2023,2023-06-29,standard_2023,0,360_3723
360,4866,Evan Madonna,United States,Gardevoir,68,15,international,NAIC 2023 Columbus,United States,Desconocido,2023,2023-06-29,standard_2023,0,360_4866
360,3865,Jeffrey Weiss,United States,Lugia Archeops,69,45,international,NAIC 2023 Columbus,United States,Desconocido,2023,2023-06-29,standard_2023,0,360_3865
360,4120,Andres David Torres,Colombia,Gardevoir,70,41,international,NAIC 2023 Columbus,United States,Desconocido,2023,2023-06-29,standard_2023,0,360_4120
360,3995,Riley McKay,Canada,Arceus Duraludon Umbreon,71,38,international,NAIC 2023 Columbus,United States,Desconocido,2023,2023-06-29,standard_2023,0,360_3995
360,1148,Fabrizio Inga Silva,Peru,Lost Zone Box,72,158,international,NAIC 2023 Columbus,United States,Desconocido,2023,2023-06-29,standard_2023,0,360_1148
360,8,Mehdi Hafi,France,Gardevoir,73,221,international,NAIC 2023 Columbus,United States,Desconocido,2023,2023-06-29,standard_2023,0,360_8
360,1902,Kyle Pallman,United States,Gardevoir,74,26,international,NAIC 2023 Columbus,United States,Desconocido,2023,2023-06-29,standard_2023,0,360_1902
360,1631,Ethan Hegyi,United States,Gardevoir,75,32,international,NAIC 2023 Columbus,United States,Desconocido,2023,2023-06-29,standard_2023,0,360_1631
360,868,Jon Eng,United States,Lost Zone Box,76,492,international,NAIC 2023 Columbus,United States,Desconocido,2023,2023-06-29,standard_2023,0,360_868
360,1861,Konsta Kallama,Finland,Fusion Mew,77,109,international,NAIC 2023 Columbus,United States,Desconocido,2023,2023-06-29,standard_2023,0,360_1861
360,476,Kyle Sabelhaus,United States,Giratina LZ Box,78,67,international,NAIC 2023 Columbus,United States,Desconocido,2023,2023-06-29,standard_2023,0,360_476
360,834,Harrison Burch,United States,Arceus Aerodactyl,79,44,international,NAIC 2023 Columbus,United States,Desconocido,2023,2023-06-29,standard_2023,0,360_834
360,4867,Jonathan Ramirez,United States,Lost Zone Box,80,13,international,NAIC 2023 Columbus,United States,Desconocido,2023,2023-06-29,standard_2023,0,360_4867
360,3106,Haru Nishikawa,Japan,Gardevoir,81,82,international,NAIC 2023 Columbus,United States,Desconocido,2023,2023-06-29,standard_2023,0,360_3106
360,1047,Hector Ibarra,United States,Lost Zone Box,82,90,international,NAIC 2023 Columbus,United States,Desconocido,2023,2023-06-29,standard_2023,0,360_1047
360,715,Matt Terry,United States,Lugia Archeops,83,23,international,NAIC 2023 Columbus,United States,Desconocido,2023,2023-06-29,standard_2023,0,360_715
360,87,Fabien Pujol,France,Gardevoir,84,310,international,NAIC 2023 Columbus,United States,Desconocido,2023,2023-06-29,standard_2023,0,360_87
360,4868,Christian Galvan,United States,Gardevoir,85,8,international,NAIC 2023 Columbus,United States,Desconocido,2023,2023-06-29,standard_2023,0,360_4868
360,2760,Jake Pilch,United States,Fusion Mew,86,34,international,NAIC 2023 Columbus,United States,Desconocido,2023,2023-06-29,standard_2023,0,360_2760
360,2354,Dalten Cross,United States,Fusion Mew,87,51,international,NAIC 2023 Columbus,United States,Desconocido,2023,2023-06-29,standard_2023,0,360_2354
360,3984,Adam Kalamat,Canada,Gardevoir,88,20,international,NAIC 2023 Columbus,United States,Desconocido,2023,2023-06-29,standard_2023,0,360_3984
360,205,Angus Johnson,Australia,Gardevoir,89,96,international,NAIC 2023 Columbus,United States,Desconocido,2023,2023-06-29,standard_2023,0,360_205
360,4038,Nathan Stratford,United States,Arceus Aerodactyl,90,75,international,NAIC 2023 Columbus,United States,Desconocido,2023,2023-06-29,standard_2023,0,360_4038
360,4869,Alexander Burton,United States,Fusion Mew,91,8,international,NAIC 2023 Columbus,United States,Desconocido,2023,2023-06-29,standard_2023,0,360_4869
360,4870,Payton Stay,United States,Lugia Archeops,92,8,international,NAIC 2023 Columbus,United States,Desconocido,2023,2023-06-29,standard_2023,0,360_4870
360,100,Fabio Spanò,Italy,Goodra LZ Box,93,69,international,NAIC 2023 Columbus,United States,Desconocido,2023,2023-06-29,standard_2023,0,360_100
360,2898,Regan Retzloff,United States,Lugia Archeops,94,210,international,NAIC 2023 Columbus,United States,Desconocido,2023,2023-06-29,standard_2023,0,360_2898
360,2410,Aneil Saini,Canada,Giratina LZ Box,95,44,international,NAIC 2023 Columbus,United States,Desconocido,2023,2023-06-29,standard_2023,0,360_2410
360,893,Owen Robinson,United States,Miraidon,96,15,international,NAIC 2023 Columbus,United States,Desconocido,2023,2023-06-29,standard_2023,0,360_893
360,685,Christopher Venier,Canada,Fusion Mew,97,139,international,NAIC 2023 Columbus,United States,Desconocido,2023,2023-06-29,standard_2023,0,360_685
360,2623,Jackson Ford,Canada,Arceus Duraludon Umbreon,98,31,international,NAIC 2023 Columbus,United States,Desconocido,2023,2023-06-29,standard_2023,0,360_2623
360,2384,Nathaniel Kaplan,United States,Chien-Pao Baxcalibur,99,95,international,NAIC 2023 Columbus,United States,Desconocido,2023,2023-06-29,standard_2023,0,360_2384
360,3747,Mason Lovato,United States,Miraidon Flaaffy,100,26,international,NAIC 2023 Columbus,United States,Desconocido,2023,2023-06-29,standard_2023,0,360_3747
360,1770,Noah Peltier,United States,Arceus Duraludon Umbreon,101,59,international,NAIC 2023 Columbus,United States,Desconocido,2023,2023-06-29,standard_2023,0,360_1770
360,4871,Nico Ramirez,United States,Fusion Mew,102,8,international,NAIC 2023 Columbus,United States,Desconocido,2023,2023-06-29,standard_2023,0,360_4871
360,4872,Oscar Lamas Matheus,United States,Fusion Mew,103,8,international,NAIC 2023 Columbus,United States,Desconocido,2023,2023-06-29,standard_2023,0,360_4872
360,2207,Ryuki Okada,Japan,Gardevoir,104,18,international,NAIC 2023 Columbus,United States,Desconocido,2023,2023-06-29,standard_2023,0,360_2207
360,2884,Matthew Clarke,Great Britain,Arceus Duraludon Umbreon,105,37,international,NAIC 2023 Columbus,United States,Desconocido,2023,2023-06-29,standard_2023,0,360_2884
360,4412,Austin Charles,United States,Arceus Duraludon Umbreon,106,26,international,NAIC 2023 Columbus,United States,Desconocido,2023,2023-06-29,standard_2023,0,360_4412
360,4430,Jeremy Wang,Canada,Arceus Duraludon,107,25,international,NAIC 2023 Columbus,United States,Desconocido,2023,2023-06-29,standard_2023,0,360_4430
360,2838,Alexander Pineda,United States,Arceus Duraludon Umbreon,108,42,international,NAIC 2023 Columbus,United States,Desconocido,2023,2023-06-29,standard_2023,0,360_2838
360,1913,Ben Cryer,United States,Arceus Aerodactyl,109,87,international,NAIC 2023 Columbus,United States,Desconocido,2023,2023-06-29,standard_2023,0,360_1913
360,4000,Nick Dela Torre,United States,Gardevoir,110,18,international,NAIC 2023 Columbus,United States,Desconocido,2023,2023-06-29,standard_2023,0,360_4000
360,1641,Richard Rogers,United States,Arceus Giratina,111,25,international,NAIC 2023 Columbus,United States,Desconocido,2023,2023-06-29,standard_2023,0,360_1641
360,3742,Kaden Hyatt,United States,Arceus Giratina,112,21,international,NAIC 2023 Columbus,United States,Desconocido,2023,2023-06-29,standard_2023,0,360_3742
360,1687,Aren Ashlock,United States,Chien-Pao Baxcalibur,113,34,international,NAIC 2023 Columbus,United States,Desconocido,2023,2023-06-29,standard_2023,0,360_1687
360,4420,Ramiro Galindo,United States,Lugia Archeops,114,15,international,NAIC 2023 Columbus,United States,Desconocido,2023,2023-06-29,standard_2023,0,360_4420
360,333,Peter Kica,United States,Chien-Pao Baxcalibur,115,227,international,NAIC 2023 Columbus,United States,Desconocido,2023,2023-06-29,standard_2023,0,360_333
360,4380,Guy Bennett,United States,Miraidon,116,18,international,NAIC 2023 Columbus,United States,Desconocido,2023,2023-06-29,standard_2023,0,360_4380
360,4397,Loc Nguyen,United States,Arceus Regidrago,117,35,international,NAIC 2023 Columbus,United States,Desconocido,2023,2023-06-29,standard_2023,0,360_4397
360,3618,Daniel Zhou,Canada,Gardevoir,118,60,international,NAIC 2023 Columbus,United States,Desconocido,2023,2023-06-29,standard_2023,0,360_3618
360,328,Caleb Gedemer,United States,Gardevoir,119,599,international,NAIC 2023 Columbus,United States,Desconocido,2023,2023-06-29,standard_2023,0,360_328
360,4873,Marcelo Guarita,Brazil,Fusion Mew,120,8,international,NAIC 2023 Columbus,United States,Desconocido,2023,2023-06-29,standard_2023,0,360_4873
360,4294,Orlando Karam,United States,Gardevoir,121,13,international,NAIC 2023 Columbus,United States,Desconocido,2023,2023-06-29,standard_2023,0,360_4294
360,549,Simon Trottier-Lacasse,Canada,Gardevoir,122,66,international,NAIC 2023 Columbus,United States,Desconocido,2023,2023-06-29,standard_2023,0,360_549
360,1646,Anthony Bruno,United States,Arceus Duraludon Umbreon,123,63,international,NAIC 2023 Columbus,United States,Desconocido,2023,2023-06-29,standard_2023,0,360_1646
360,961,Juho Kallama,Finland,Arceus,124,84,international,NAIC 2023 Columbus,United States,Desconocido,2023,2023-06-29,standard_2023,0,360_961
360,4874,Jake Abrams,United States,Lugia Archeops,125,11,international,NAIC 2023 Columbus,United States,Desconocido,2023,2023-06-29,standard_2023,0,360_4874
360,4875,Walker Moss,United States,Gardevoir,126,8,international,NAIC 2023 Columbus,United States,Desconocido,2023,2023-06-29,standard_2023,0,360_4875
360,3719,Joseph Nawal,United States,Lugia Archeops,127,13,international,NAIC 2023 Columbus,United States,Desconocido,2023,2023-06-29,standard_2023,0,360_3719
360,4876,Adrian Lopez,United States,Lost Zone Box,128,8,international,NAIC 2023 Columbus,United States,Desconocido,2023,2023-06-29,standard_2023,0,360_4876
360,898,Sam Liggett,United States,Mew Genesect,129,63,international,NAIC 2023 Columbus,United States,Desconocido,2023,2023-06-29,standard_2023,0,360_898
360,241,Freya Pearce,Great Britain,Arceus Aerodactyl,130,79,international,NAIC 2023 Columbus,United States,Desconocido,2023,2023-06-29,standard_2023,0,360_241
360,4877,Julio Jimenez,Mexico,Lost Box Charizard,131,5,international,NAIC 2023 Columbus,United States,Desconocido,2023,2023-06-29,standard_2023,0,360_4877
360,918,Pedro Hernandez,United States,Arceus Duraludon Umbreon,132,30,international,NAIC 2023 Columbus,United States,Desconocido,2023,2023-06-29,standard_2023,0,360_918
360,2573,Nick Flores,United States,Gardevoir,133,63,international,NAIC 2023 Columbus,United States,Desconocido,2023,2023-06-29,standard_2023,0,360_2573
360,4878,Aaron Henman,Great Britain,Lugia Archeops,134,5,international,NAIC 2023 Columbus,United States,Desconocido,2023,2023-06-29,standard_2023,0,360_4878
360,4036,Jacob Eye,United States,Giratina LZ Box,135,40,international,NAIC 2023 Columbus,United States,Desconocido,2023,2023-06-29,standard_2023,0,360_4036
360,4879,Chris Urcinola,United States,Arceus Duraludon Umbreon,136,5,international,NAIC 2023 Columbus,United States,Desconocido,2023,2023-06-29,standard_2023,0,360_4879
360,1023,James Williams,Australia,Gardevoir,137,81,international,NAIC 2023 Columbus,United States,Desconocido,2023,2023-06-29,standard_2023,0,360_1023
360,4207,Trevor Bales,United States,Arceus Giratina,138,15,international,NAIC 2023 Columbus,United States,Desconocido,2023,2023-06-29,standard_2023,0,360_4207
360,390,Michael Slutsky,United States,Gardevoir,139,56,international,NAIC 2023 Columbus,United States,Desconocido,2023,2023-06-29,standard_2023,0,360_390
360,4880,Pablo Marquez,United States,Fusion Mew,140,5,international,NAIC 2023 Columbus,United States,Desconocido,2023,2023-06-29,standard_2023,0,360_4880
360,1228,Jerrick Gumila,United States,Gardevoir,141,49,international,NAIC 2023 Columbus,United States,Desconocido,2023,2023-06-29,standard_2023,0,360_1228
360,3768,Christian Tuomi,Finland,Fusion Mew,142,50,international,NAIC 2023 Columbus,United States,Desconocido,2023,2023-06-29,standard_2023,0,360_3768
360,895,Dan Irish,United States,Lost Zone Box,143,70,international,NAIC 2023 Columbus,United States,Desconocido,2023,2023-06-29,standard_2023,0,360_895
360,4881,PJ Witusik,United States,Arceus Duraludon Umbreon,144,5,international,NAIC 2023 Columbus,United States,Desconocido,2023,2023-06-29,standard_2023,0,360_4881
360,2427,Adam Reinhardt,United States,Miraidon Flaaffy,145,93,international,NAIC 2023 Columbus,United States,Desconocido,2023,2023-06-29,standard_2023,0,360_2427
360,4882,Boden Kim,United States,Arceus Giratina,146,5,international,NAIC 2023 Columbus,United States,Desconocido,2023,2023-06-29,standard_2023,0,360_4882
360,3816,Kyle Perkins,United States,Gardevoir,147,12,international,NAIC 2023 Columbus,United States,Desconocido,2023,2023-06-29,standard_2023,0,360_3816
360,1780,Nic Stewart,United States,Fusion Mew,148,67,international,NAIC 2023 Columbus,United States,Desconocido,2023,2023-06-29,standard_2023,0,360_1780
360,18,Jesper Eriksen,Denmark,Gardevoir,149,148,international,NAIC 2023 Columbus,United States,Desconocido,2023,2023-06-29,standard_2023,0,360_18
360,1243,Lance Bradshaw,United States,Lost Zone Box,150,142,international,NAIC 2023 Columbus,United States,Desconocido,2023,2023-06-29,standard_2023,0,360_1243
360,4123,Jakob Friedman,United States,Arceus Duraludon Umbreon,151,24,international,NAIC 2023 Columbus,United States,Desconocido,2023,2023-06-29,standard_2023,0,360_4123
360,1012,Kevin Abernathy,United States,Arceus Giratina,152,25,international,NAIC 2023 Columbus,United States,Desconocido,2023,2023-06-29,standard_2023,0,360_1012
360,688,Kyle Lesniewicz,United States,Lost Zone Box,153,106,international,NAIC 2023 Columbus,United States,Desconocido,2023,2023-06-29,standard_2023,0,360_688
360,4755,Duncan Crowley,United States,Arceus Giratina,154,15,international,NAIC 2023 Columbus,United States,Desconocido,2023,2023-06-29,standard_2023,0,360_4755
360,3086,Vaughn O'Brien,United States,Gardevoir,155,69,international,NAIC 2023 Columbus,United States,Desconocido,2023,2023-06-29,standard_2023,0,360_3086
360,1548,Bryan de Vries,Netherlands,Gardevoir,156,275,international,NAIC 2023 Columbus,United States,Desconocido,2023,2023-06-29,standard_2023,0,360_1548
360,3847,Liam Petrie,United States,Lugia Archeops,157,27,international,NAIC 2023 Columbus,United States,Desconocido,2023,2023-06-29,standard_2023,0,360_3847
360,1776,Edward Khodaei,United States,Chien-Pao Baxcalibur,158,20,international,NAIC 2023 Columbus,United States,Desconocido,2023,2023-06-29,standard_2023,0,360_1776
360,1003,Franco Llamas,United States,Gardevoir,159,53,international,NAIC 2023 Columbus,United States,Desconocido,2023,2023-06-29,standard_2023,0,360_1003
360,712,Charlie Kerr,United States,Fusion Mew,160,151,international,NAIC 2023 Columbus,United States,Desconocido,2023,2023-06-29,standard_2023,0,360_712
360,4883,Mason Moore,United States,Fusion Mew,161,5,international,NAIC 2023 Columbus,United States,Desconocido,2023,2023-06-29,standard_2023,0,360_4883
360,3864,Shukri Ideis,United States,Lugia Archeops,162,10,international,NAIC 2023 Columbus,United States,Desconocido,2023,2023-06-29,standard_2023,0,360_3864
360,1634,Nick Race,United States,Inteleon Urshifu,163,15,international,NAIC 2023 Columbus,United States,Desconocido,2023,2023-06-29,standard_2023,0,360_1634
360,131,Jonathan Fabrizio Bellucci Lanciano,Argentina,Lost Zone Box,164,188,international,NAIC 2023 Columbus,United States,Desconocido,2023,2023-06-29,standard_2023,0,360_131
360,4381,Michael Messina,United States,Inteleon Urshifu,165,12,international,NAIC 2023 Columbus,United States,Desconocido,2023,2023-06-29,standard_2023,0,360_4381
360,4884,Jose Gonzalez,United States,Gardevoir,166,5,international,NAIC 2023 Columbus,United States,Desconocido,2023,2023-06-29,standard_2023,0,360_4884
360,4885,Ash Shepherd,United States,Chien-Pao Baxcalibur,167,5,international,NAIC 2023 Columbus,United States,Desconocido,2023,2023-06-29,standard_2023,0,360_4885
360,4886,David Dudley,United States,Arceus Giratina,168,5,international,NAIC 2023 Columbus,United States,Desconocido,2023,2023-06-29,standard_2023,0,360_4886
360,3602,Julio Santos De Leon,Puerto Rico,Lost Zone Box,169,35,international,NAIC 2023 Columbus,United States,Desconocido,2023,2023-06-29,standard_2023,0,360_3602
360,584,Andrew Estrada,Canada,Lost Zone Box,170,200,international,NAIC 2023 Columbus,United States,Desconocido,2023,2023-06-29,standard_2023,0,360_584
360,454,Franco Takahashi,United States,Lost Box Charizard,171,116,international,NAIC 2023 Columbus,United States,Desconocido,2023,2023-06-29,standard_2023,0,360_454
360,4887,Bryce Branch,United States,Chien-Pao Baxcalibur,172,5,international,NAIC 2023 Columbus,United States,Desconocido,2023,2023-06-29,standard_2023,0,360_4887
360,4888,Alejandro Avila Cisneros,United States,Chien-Pao Baxcalibur,173,10,international,NAIC 2023 Columbus,United States,Desconocido,2023,2023-06-29,standard_2023,0,360_4888
360,746,Joshua Frink,United States,United Wings,174,56,international,NAIC 2023 Columbus,United States,Desconocido,2023,2023-06-29,standard_2023,0,360_746
360,709,Mason Hein,United States,Lost Zone Box,175,17,international,NAIC 2023 Columbus,United States,Desconocido,2023,2023-06-29,standard_2023,0,360_709
360,4889,Jay Cristiano,Canada,Fusion Mew,176,5,international,NAIC 2023 Columbus,United States,Desconocido,2023,2023-06-29,standard_2023,0,360_4889
360,1011,Zander Bennett,United States,Lost Zone Box,177,74,international,NAIC 2023 Columbus,United States,Desconocido,2023,2023-06-29,standard_2023,0,360_1011
360,4890,Jeremy Bumgardner,United States,Lugia Archeops,178,5,international,NAIC 2023 Columbus,United States,Desconocido,2023,2023-06-29,standard_2023,0,360_4890
360,4891,Brandon Rivera,United States,Arceus Duraludon Umbreon,179,5,international,NAIC 2023 Columbus,United States,Desconocido,2023,2023-06-29,standard_2023,0,360_4891
360,3587,Sawyer Melban,United States,Arceus Duraludon Umbreon,180,114,international,NAIC 2023 Columbus,United States,Desconocido,2023,2023-06-29,standard_2023,0,360_3587
360,3910,Brandon Oviatt,United States,Gardevoir,181,10,international,NAIC 2023 Columbus,United States,Desconocido,2023,2023-06-29,standard_2023,0,360_3910
360,4892,Ethan Robles,United States,Lost Zone Box,182,5,international,NAIC 2023 Columbus,United States,Desconocido,2023,2023-06-29,standard_2023,0,360_4892
360,4893,Kevin Endrijaitis,United States,Lost Zone Box,183,5,international,NAIC 2023 Columbus,United States,Desconocido,2023,2023-06-29,standard_2023,0,360_4893
360,4140,Ethan Rible,United States,Lugia Archeops,184,15,international,NAIC 2023 Columbus,United States,Desconocido,2023,2023-06-29,standard_2023,0,360_4140
360,444,Jared Woitalla,United States,Gardevoir,185,50,international,NAIC 2023 Columbus,United States,Desconocido,2023,2023-06-29,standard_2023,0,360_444
360,2403,Steven Singer,United States,Gardevoir,186,39,international,NAIC 2023 Columbus,United States,Desconocido,2023,2023-06-29,standard_2023,0,360_2403
360,4894,Zachary Carr,United States,Chien-Pao Baxcalibur,187,5,international,NAIC 2023 Columbus,United States,Desconocido,2023,2023-06-29,standard_2023,0,360_4894
360,4895,Benjamin Shepard,United States,Arceus Giratina,188,5,international,NAIC 2023 Columbus,United States,Desconocido,2023,2023-06-29,standard_2023,0,360_4895
360,4896,Corey Patterson,United States,Fusion Mew,189,10,international,NAIC 2023 Columbus,United States,Desconocido,2023,2023-06-29,standard_2023,0,360_4896
360,3813,Dylan Hall,United States,Chien-Pao Baxcalibur,190,12,international,NAIC 2023 Columbus,United States,Desconocido,2023,2023-06-29,standard_2023,0,360_3813
360,2863,Sam Epstein,United States,Lugia Archeops,191,21,international,NAIC 2023 Columbus,United States,Desconocido,2023,2023-06-29,standard_2023,0,360_2863
360,4897,Christopher Mathis,United States,Lost Zone Box,192,5,international,NAIC 2023 Columbus,United States,Desconocido,2023,2023-06-29,standard_2023,0,360_4897
360,4627,Ray Cipoletti,United States,Lugia Archeops,193,15,international,NAIC 2023 Columbus,United States,Desconocido,2023,2023-06-29,standard_2023,0,360_4627
351,364,Alex Schemanske,United States,Arceus Duraludon,1,602,international,EUIC 2023 London,Great Britain,EU,2023,2023-04-14,standard_2023,1,351_364
351,86,Tord Reklev,Norway,Gardevoir,2,832,international,EUIC 2023 London,Great Britain,EU,2023,2023-04-14,standard_2023,1,351_86
351,167,Pablo Meza,Mexico,Mew Genesect,3,424,international,EUIC 2023 London,Great Britain,EU,2023,2023-04-14,standard_2023,1,351_167
351,19,Pedro Eugenio Torres,Spain,Lost Box Charizard,4,562,international,EUIC 2023 London,Great Britain,EU,2023,2023-04-14,standard_2023,1,351_19
351,2770,Aidan Khus,United States,Goodra LZ Box,5,180,international,EUIC 2023 London,Great Britain,EU,2023,2023-04-14,standard_2023,1,351_2770
351,2630,Trevore Read,Canada,Lugia Archeops,6,76,international,EUIC 2023 London,Great Britain,EU,2023,2023-04-14,standard_2023,1,351_2630
351,558,Eric Rodriguez,United States,Lugia Archeops,7,67,international,EUIC 2023 London,Great Britain,EU,2023,2023-04-14,standard_2023,1,351_558
351,969,Robert Kinbrum,Great Britain,Miraidon Regieleki,8,42,international,EUIC 2023 London,Great Britain,EU,2023,2023-04-14,standard_2023,1,351_969
351,3555,Hermanni Hietalahti,Finland,Goodra LZ Box,9,50,international,EUIC 2023 London,Great Britain,EU,2023,2023-04-14,standard_2023,0,351_3555
351,698,Michael Bergerac,United States,Arceus Duraludon,10,155,international,EUIC 2023 London,Great Britain,EU,2023,2023-04-14,standard_2023,0,351_698
351,4506,Tobias Strømdahl,Norway,Inteleon Urshifu,11,18,international,EUIC 2023 London,Great Britain,EU,2023,2023-04-14,standard_2023,0,351_4506
351,2346,Braiden Elfert,United States,Arceus Flying Pikachu,12,116,international,EUIC 2023 London,Great Britain,EU,2023,2023-04-14,standard_2023,0,351_2346
351,310,Paulo Mimoso,Portugal,Mew Genesect,13,59,international,EUIC 2023 London,Great Britain,EU,2023,2023-04-14,standard_2023,0,351_310
351,2774,Pedro Pertusi,Brazil,Gardevoir Mewtwo,14,235,international,EUIC 2023 London,Great Britain,EU,2023,2023-04-14,standard_2023,0,351_2774
351,3636,Tyler Mathews,United States,Lost Zone Box,15,91,international,EUIC 2023 London,Great Britain,EU,2023,2023-04-14,standard_2023,0,351_3636
351,1630,Nicholas Moffitt,United States,Lost Zone Box,16,266,international,EUIC 2023 London,Great Britain,EU,2023,2023-04-14,standard_2023,0,351_1630
351,2254,Phillip de Sousa,Great Britain,Gardevoir Mewtwo,17,28,international,EUIC 2023 London,Great Britain,EU,2023,2023-04-14,standard_2023,0,351_2254
351,3931,Yoann Barszezak,France,Goodra LZ Box,18,58,international,EUIC 2023 London,Great Britain,EU,2023,2023-04-14,standard_2023,0,351_3931
351,2384,Nathaniel Kaplan,United States,Lugia Archeops,19,95,international,EUIC 2023 London,Great Britain,EU,2023,2023-04-14,standard_2023,0,351_2384
351,75,Ole Stognief,Germany,Lost Zone Box,20,86,international,EUIC 2023 London,Great Britain,EU,2023,2023-04-14,standard_2023,0,351_75
351,1021,Sami Sekkoum,Great Britain,Arceus Giratina,21,102,international,EUIC 2023 London,Great Britain,EU,2023,2023-04-14,standard_2023,0,351_1021
351,3106,Haru Nishikawa,Japan,Goodra LZ Box,22,82,international,EUIC 2023 London,Great Britain,EU,2023,2023-04-14,standard_2023,0,351_3106
351,2899,Piper Lepine,United States,Goodra LZ Box,23,156,international,EUIC 2023 London,Great Britain,EU,2023,2023-04-14,standard_2023,0,351_2899
351,807,Andrew Martin,United States,Gardevoir Mewtwo,24,103,international,EUIC 2023 London,Great Britain,EU,2023,2023-04-14,standard_2023,0,351_807
351,4251,Ryan Pang,Great Britain,Mew Genesect,25,20,international,EUIC 2023 London,Great Britain,EU,2023,2023-04-14,standard_2023,0,351_4251
351,4,Robin Schulz,Germany,Gardevoir,26,427,international,EUIC 2023 London,Great Britain,EU,2023,2023-04-14,standard_2023,0,351_4
351,4358,Simone Fiorito,Italy,Arceus Giratina,27,31,international,EUIC 2023 London,Great Britain,EU,2023,2023-04-14,standard_2023,0,351_4358
351,3770,Nofoume Ben Ahmed aly,France,Mew Genesect,28,17,international,EUIC 2023 London,Great Britain,EU,2023,2023-04-14,standard_2023,0,351_3770
351,46,Alessandro Cremascoli,Italy,Goodra LZ Box,29,219,international,EUIC 2023 London,Great Britain,EU,2023,2023-04-14,standard_2023,0,351_46
351,131,Jonathan Fabrizio Bellucci Lanciano,Argentina,Lugia Archeops,30,188,international,EUIC 2023 London,Great Britain,EU,2023,2023-04-14,standard_2023,0,351_131
351,64,Sander Wojcik,Netherlands,Control Box,31,312,international,EUIC 2023 London,Great Britain,EU,2023,2023-04-14,standard_2023,0,351_64
351,3896,Cain Greene,United States,Giratina LZ Box,32,29,international,EUIC 2023 London,Great Britain,EU,2023,2023-04-14,standard_2023,0,351_3896
351,4507,Gilbert McLaughlin,Great Britain,Mew Genesect,33,17,international,EUIC 2023 London,Great Britain,EU,2023,2023-04-14,standard_2023,0,351_4507
351,165,Gustavo Wada,Brazil,Lost Zone Box,34,766,international,EUIC 2023 London,Great Britain,EU,2023,2023-04-14,standard_2023,0,351_165
351,3209,Murilo Mercadante,Brazil,Lugia Archeops,35,38,international,EUIC 2023 London,Great Britain,EU,2023,2023-04-14,standard_2023,0,351_3209
351,483,Nathan Brower,United States,Lugia Archeops,36,96,international,EUIC 2023 London,Great Britain,EU,2023,2023-04-14,standard_2023,0,351_483
351,3086,Vaughn O'Brien,United States,Lost Zone Box,37,69,international,EUIC 2023 London,Great Britain,EU,2023,2023-04-14,standard_2023,0,351_3086
351,4249,Mauro Wandoloh,Belgium,Lost Zone Box,38,17,international,EUIC 2023 London,Great Britain,EU,2023,2023-04-14,standard_2023,0,351_4249
351,3601,Sackett Brehmer,United States,Mew Genesect,39,59,international,EUIC 2023 London,Great Britain,EU,2023,2023-04-14,standard_2023,0,351_3601
351,2729,Ithiel Arki,France,Lost Zone Box,40,78,international,EUIC 2023 London,Great Britain,EU,2023,2023-04-14,standard_2023,0,351_2729
351,2628,Calvin Connor,United States,Lugia Archeops,41,260,international,EUIC 2023 London,Great Britain,EU,2023,2023-04-14,standard_2023,0,351_2628
351,4508,Jacob Kendrick,Great Britain,Goodra LZ Box,42,12,international,EUIC 2023 London,Great Britain,EU,2023,2023-04-14,standard_2023,0,351_4508
351,100,Fabio Spanò,Italy,Goodra LZ Box,43,69,international,EUIC 2023 London,Great Britain,EU,2023,2023-04-14,standard_2023,0,351_100
351,2830,Thomas Happel,United States,Lugia Archeops,44,31,international,EUIC 2023 London,Great Britain,EU,2023,2023-04-14,standard_2023,0,351_2830
351,79,Piotr Orleański,Poland,Lost Zone Box,45,132,international,EUIC 2023 London,Great Britain,EU,2023,2023-04-14,standard_2023,0,351_79
351,2245,Angelo Falchi,Italy,Giratina LZ Box,46,34,international,EUIC 2023 London,Great Britain,EU,2023,2023-04-14,standard_2023,0,351_2245
351,4159,Connor Bird,Great Britain,Goodra LZ Box,47,17,international,EUIC 2023 London,Great Britain,EU,2023,2023-04-14,standard_2023,0,351_4159
351,746,Joshua Frink,United States,Arceus Duraludon,48,56,international,EUIC 2023 London,Great Britain,EU,2023,2023-04-14,standard_2023,0,351_746
351,4120,Andres David Torres,Colombia,Gardevoir,49,41,international,EUIC 2023 London,Great Britain,EU,2023,2023-04-14,standard_2023,0,351_4120
351,2012,Oscar Rivas Perez,Spain,Lost Zone Box,50,54,international,EUIC 2023 London,Great Britain,EU,2023,2023-04-14,standard_2023,0,351_2012
351,4135,Hiroki Nakashima,Canada,Lost Box Charizard,51,17,international,EUIC 2023 London,Great Britain,EU,2023,2023-04-14,standard_2023,0,351_4135
351,1035,Julius Brunfeldt,Finland,Goodra LZ Box,52,138,international,EUIC 2023 London,Great Britain,EU,2023,2023-04-14,standard_2023,0,351_1035
351,3248,Carlo Antonio Del Vescovo,Italy,Arceus Giratina,53,18,international,EUIC 2023 London,Great Britain,EU,2023,2023-04-14,standard_2023,0,351_3248
351,4245,Tony Yates,Great Britain,Goodra LZ Box,54,20,international,EUIC 2023 London,Great Britain,EU,2023,2023-04-14,standard_2023,0,351_4245
351,4022,Andreas Møller,Denmark,Gardevoir,55,22,international,EUIC 2023 London,Great Britain,EU,2023,2023-04-14,standard_2023,0,351_4022
351,691,Brandon Salazar,United States,Lugia Archeops,56,156,international,EUIC 2023 London,Great Britain,EU,2023,2023-04-14,standard_2023,0,351_691
351,4509,Antonio Distefano,Great Britain,Goodra LZ Box,57,12,international,EUIC 2023 London,Great Britain,EU,2023,2023-04-14,standard_2023,0,351_4509
351,1134,Grant Hays,United States,Goodra LZ Box,58,124,international,EUIC 2023 London,Great Britain,EU,2023,2023-04-14,standard_2023,0,351_1134
351,1132,Ian Buck,United States,Mew Genesect,59,45,international,EUIC 2023 London,Great Britain,EU,2023,2023-04-14,standard_2023,0,351_1132
351,149,Jose Marrero,United States,Lugia Archeops,60,359,international,EUIC 2023 London,Great Britain,EU,2023,2023-04-14,standard_2023,0,351_149
351,3715,Frank Mintmire,United States,Gardevoir Mewtwo,61,52,international,EUIC 2023 London,Great Britain,EU,2023,2023-04-14,standard_2023,0,351_3715
351,4510,Alex Lonnecker,Great Britain,Goodra LZ Box,62,12,international,EUIC 2023 London,Great Britain,EU,2023,2023-04-14,standard_2023,0,351_4510
351,106,Bolly Olufon,Great Britain,Lugia Archeops,63,61,international,EUIC 2023 London,Great Britain,EU,2023,2023-04-14,standard_2023,0,351_106
351,317,Andrew Mahone,United States,Goodra LZ Box,64,305,international,EUIC 2023 London,Great Britain,EU,2023,2023-04-14,standard_2023,0,351_317
351,4511,Leo Orozco,United States,Lugia Archeops,65,18,international,EUIC 2023 London,Great Britain,EU,2023,2023-04-14,standard_2023,0,351_4511
351,4512,Giovanni Schroevers,Netherlands,Lugia Archeops,66,8,international,EUIC 2023 London,Great Britain,EU,2023,2023-04-14,standard_2023,0,351_4512
351,7,Alex Dao,Great Britain,Lost Box Charizard,67,97,international,EUIC 2023 London,Great Britain,EU,2023,2023-04-14,standard_2023,0,351_7
351,2471,Francesco Pasquale Caterino,Italy,Gardevoir,68,103,international,EUIC 2023 London,Great Britain,EU,2023,2023-04-14,standard_2023,0,351_2471
351,4513,Harry Dunn,Great Britain,Goodra LZ Box,69,8,international,EUIC 2023 London,Great Britain,EU,2023,2023-04-14,standard_2023,0,351_4513
351,4032,Patryk Brzezinski,Poland,Goodra LZ Box,70,13,international,EUIC 2023 London,Great Britain,EU,2023,2023-04-14,standard_2023,0,351_4032
351,1187,Miloslav Suchanek,Czech Republic,Miraidon Regieleki,71,14,international,EUIC 2023 London,Great Britain,EU,2023,2023-04-14,standard_2023,0,351_1187
351,3987,Rogelio Espinoza,Mexico,Giratina LZ Box,72,15,international,EUIC 2023 London,Great Britain,EU,2023,2023-04-14,standard_2023,0,351_3987
351,3929,Jan Hausmann,Germany,Lost Box Charizard,73,34,international,EUIC 2023 London,Great Britain,EU,2023,2023-04-14,standard_2023,0,351_3929
351,2916,Nuno Fernandes,Portugal,Lugia Archeops,74,18,international,EUIC 2023 London,Great Britain,EU,2023,2023-04-14,standard_2023,0,351_2916
351,2927,Nathan Hargreaves,Great Britain,Fusion Mew,75,32,international,EUIC 2023 London,Great Britain,EU,2023,2023-04-14,standard_2023,0,351_2927
351,4220,Sylvester Kwon,United States,Goodra LZ Box,76,11,international,EUIC 2023 London,Great Britain,EU,2023,2023-04-14,standard_2023,0,351_4220
351,1352,Jonah Alter,South Africa,Lost Zone Box,77,22,international,EUIC 2023 London,Great Britain,EU,2023,2023-04-14,standard_2023,0,351_1352
351,22,Luke Williams,Great Britain,Mew Genesect,78,43,international,EUIC 2023 London,Great Britain,EU,2023,2023-04-14,standard_2023,0,351_22
351,4148,Ben Ahmadi,Great Britain,Gardevoir Mewtwo,79,16,international,EUIC 2023 London,Great Britain,EU,2023,2023-04-14,standard_2023,0,351_4148
351,4514,Mike Reynolds,Great Britain,Lugia Archeops,80,8,international,EUIC 2023 London,Great Britain,EU,2023,2023-04-14,standard_2023,0,351_4514
351,3916,Filippo Colamorea,Italy,Lugia Archeops,81,28,international,EUIC 2023 London,Great Britain,EU,2023,2023-04-14,standard_2023,0,351_3916
351,1368,Natalie Millar,Australia,Lost Zone Box,82,254,international,EUIC 2023 London,Great Britain,EU,2023,2023-04-14,standard_2023,0,351_1368
351,396,Josh Fernando,Canada,Lugia Archeops,83,56,international,EUIC 2023 London,Great Britain,EU,2023,2023-04-14,standard_2023,0,351_396
351,1448,Akira Sato,Japan,Giratina LZ Box,84,91,international,EUIC 2023 London,Great Britain,EU,2023,2023-04-14,standard_2023,0,351_1448
351,2501,Vincent Marcus Munk,Denmark,Lugia Archeops,85,52,international,EUIC 2023 London,Great Britain,EU,2023,2023-04-14,standard_2023,0,351_2501
351,1548,Bryan de Vries,Netherlands,Gardevoir,86,275,international,EUIC 2023 London,Great Britain,EU,2023,2023-04-14,standard_2023,0,351_1548
351,25,Rick Verwaal,Netherlands,Lost Zone Box,87,93,international,EUIC 2023 London,Great Britain,EU,2023,2023-04-14,standard_2023,0,351_25
351,1345,Rory Licken,Ireland,Lost Box Charizard,88,27,international,EUIC 2023 London,Great Britain,EU,2023,2023-04-14,standard_2023,0,351_1345
351,208,Otavio Gouveia,Brazil,Lugia Archeops,89,256,international,EUIC 2023 London,Great Britain,EU,2023,2023-04-14,standard_2023,0,351_208
351,5,Andrew Emerson,Great Britain,Lost Box Charizard,90,61,international,EUIC 2023 London,Great Britain,EU,2023,2023-04-14,standard_2023,0,351_5
351,3721,Noah Yoshida,United States,Lugia Archeops,91,56,international,EUIC 2023 London,Great Britain,EU,2023,2023-04-14,standard_2023,0,351_3721
351,8,Mehdi Hafi,France,Mew Genesect,92,221,international,EUIC 2023 London,Great Britain,EU,2023,2023-04-14,standard_2023,0,351_8
351,4023,Ewan West,Great Britain,Goodra LZ Box,93,13,international,EUIC 2023 London,Great Britain,EU,2023,2023-04-14,standard_2023,0,351_4023
351,2713,Luke Parkes,Great Britain,Lost Zone Box,94,26,international,EUIC 2023 London,Great Britain,EU,2023,2023-04-14,standard_2023,0,351_2713
351,155,Connor Finton,United States,Lugia Archeops,95,368,international,EUIC 2023 London,Great Britain,EU,2023,2023-04-14,standard_2023,0,351_155
351,296,Nitish Doolub,Great Britain,Mew Genesect,96,64,international,EUIC 2023 London,Great Britain,EU,2023,2023-04-14,standard_2023,0,351_296
351,578,Simon Luong,Canada,Giratina LZ Box,97,53,international,EUIC 2023 London,Great Britain,EU,2023,2023-04-14,standard_2023,0,351_578
351,153,Azul Garcia Griego,United States,Lost Box Charizard,98,943,international,EUIC 2023 London,Great Britain,EU,2023,2023-04-14,standard_2023,0,351_153
351,4171,Antoine Betti,France,Lugia Archeops,99,12,international,EUIC 2023 London,Great Britain,EU,2023,2023-04-14,standard_2023,0,351_4171
351,4146,Matthew Byrom,Great Britain,Mew Genesect,100,16,international,EUIC 2023 London,Great Britain,EU,2023,2023-04-14,standard_2023,0,351_4146
351,953,Cameron Shenoy,United States,Gardevoir,101,101,international,EUIC 2023 London,Great Britain,EU,2023,2023-04-14,standard_2023,0,351_953
351,3262,Leonardo Martins,Portugal,Lugia Archeops,102,26,international,EUIC 2023 London,Great Britain,EU,2023,2023-04-14,standard_2023,0,351_3262
351,4515,Paul Windibank,Great Britain,Goodra LZ Box,103,8,international,EUIC 2023 London,Great Britain,EU,2023,2023-04-14,standard_2023,0,351_4515
351,4286,John Maas,United States,Lugia Archeops,104,23,international,EUIC 2023 London,Great Britain,EU,2023,2023-04-14,standard_2023,0,351_4286
351,348,Ciaran Farah,Canada,Lugia Archeops,105,185,international,EUIC 2023 London,Great Britain,EU,2023,2023-04-14,standard_2023,0,351_348
351,1495,Benjamin Rabaiotti,Great Britain,Snorlax Stall,106,22,international,EUIC 2023 London,Great Britain,EU,2023,2023-04-14,standard_2023,0,351_1495
351,53,Benjamin Pham,Netherlands,Giratina LZ Box,107,174,international,EUIC 2023 London,Great Britain,EU,2023,2023-04-14,standard_2023,0,351_53
351,4516,Finlay Wyllie,Great Britain,Giratina LZ Box,108,8,international,EUIC 2023 London,Great Britain,EU,2023,2023-04-14,standard_2023,0,351_4516
351,3603,Grant Mathey,United States,Lugia Archeops,109,38,international,EUIC 2023 London,Great Britain,EU,2023,2023-04-14,standard_2023,0,351_3603
351,3181,Christian Fontenot,Denmark,Lugia Archeops,110,77,international,EUIC 2023 London,Great Britain,EU,2023,2023-04-14,standard_2023,0,351_3181
351,1333,Darren Jacques,Great Britain,Lugia Archeops,111,18,international,EUIC 2023 London,Great Britain,EU,2023,2023-04-14,standard_2023,0,351_1333
351,1088,Matthew Burris,Australia,Lugia Archeops,112,146,international,EUIC 2023 London,Great Britain,EU,2023,2023-04-14,standard_2023,0,351_1088
351,2506,Arne Van Braeckel,Belgium,Gardevoir Mewtwo,113,50,international,EUIC 2023 London,Great Britain,EU,2023,2023-04-14,standard_2023,0,351_2506
351,3914,Fabio Battistella,Italy,Arceus Giratina,114,57,international,EUIC 2023 London,Great Britain,EU,2023,2023-04-14,standard_2023,0,351_3914
351,288,Toby Woolner,Great Britain,Goodra LZ Box,115,60,international,EUIC 2023 London,Great Britain,EU,2023,2023-04-14,standard_2023,0,351_288
351,125,Michael Pramawat,United States,Mew Genesect,116,602,international,EUIC 2023 London,Great Britain,EU,2023,2023-04-14,standard_2023,0,351_125
351,4517,Justin Wies,Netherlands,Lost Zone Box,117,8,international,EUIC 2023 London,Great Britain,EU,2023,2023-04-14,standard_2023,0,351_4517
351,962,Raz Wolpe,Israel,Lugia Archeops,118,169,international,EUIC 2023 London,Great Britain,EU,2023,2023-04-14,standard_2023,0,351_962
351,1749,Daniel Llosa Garcia,Spain,Lugia Archeops,119,8,international,EUIC 2023 London,Great Britain,EU,2023,2023-04-14,standard_2023,0,351_1749
351,4305,Edwin Arrollo,United States,Goodra LZ Box,120,38,international,EUIC 2023 London,Great Britain,EU,2023,2023-04-14,standard_2023,0,351_4305
351,2262,Magnus Pedersen,Denmark,Rapid Strike Urshifu Empoleon,121,178,international,EUIC 2023 London,Great Britain,EU,2023,2023-04-14,standard_2023,0,351_2262
351,4518,James Collins,Great Britain,Giratina LZ Box,122,8,international,EUIC 2023 London,Great Britain,EU,2023,2023-04-14,standard_2023,0,351_4518
351,651,Dalton Acchetta,Brazil,Gardevoir,123,161,international,EUIC 2023 London,Great Britain,EU,2023,2023-04-14,standard_2023,0,351_651
351,4519,Charles Gautier,France,Lost Zone Box,124,8,international,EUIC 2023 London,Great Britain,EU,2023,2023-04-14,standard_2023,0,351_4519
351,2379,Pere Arbós Parets,Spain,Lugia Archeops,125,57,international,EUIC 2023 London,Great Britain,EU,2023,2023-04-14,standard_2023,0,351_2379
351,3457,Muhammad Ideis,United States,Lugia Archeops,126,54,international,EUIC 2023 London,Great Britain,EU,2023,2023-04-14,standard_2023,0,351_3457
351,3720,Anthony Kelly,United States,Lugia Archeops,127,20,international,EUIC 2023 London,Great Britain,EU,2023,2023-04-14,standard_2023,0,351_3720
351,3848,Andrew Zavala,United States,Lugia Archeops,128,25,international,EUIC 2023 London,Great Britain,EU,2023,2023-04-14,standard_2023,0,351_3848
351,2119,Ethan Chow,Canada,Goodra LZ Box,129,30,international,EUIC 2023 London,Great Britain,EU,2023,2023-04-14,standard_2023,0,351_2119
351,3911,Mark Nilson,United States,Lugia Archeops,130,29,international,EUIC 2023 London,Great Britain,EU,2023,2023-04-14,standard_2023,0,351_3911
351,3968,Jari Bonsee,Netherlands,Lugia Archeops,131,23,international,EUIC 2023 London,Great Britain,EU,2023,2023-04-14,standard_2023,0,351_3968
351,1254,James Bee,Great Britain,Lost Zone Box,132,23,international,EUIC 2023 London,Great Britain,EU,2023,2023-04-14,standard_2023,0,351_1254
351,4252,Nikoline Pedersen,Denmark,Fusion Mew,133,20,international,EUIC 2023 London,Great Britain,EU,2023,2023-04-14,standard_2023,0,351_4252
351,4520,Miguel Angel Linares,Peru,Fusion Mew,134,5,international,EUIC 2023 London,Great Britain,EU,2023,2023-04-14,standard_2023,0,351_4520
351,4521,Teddy Vataire,France,Miraidon Regieleki,135,5,international,EUIC 2023 London,Great Britain,EU,2023,2023-04-14,standard_2023,0,351_4521
351,363,Kolton Day,United States,Lugia Archeops,136,100,international,EUIC 2023 London,Great Britain,EU,2023,2023-04-14,standard_2023,0,351_363
351,2242,Max Schlehaider,Germany,Goodra LZ Box,137,30,international,EUIC 2023 London,Great Britain,EU,2023,2023-04-14,standard_2023,0,351_2242
351,654,Vinicius Augusto Gomes,Brazil,Lugia Archeops,138,32,international,EUIC 2023 London,Great Britain,EU,2023,2023-04-14,standard_2023,0,351_654
351,4522,Gavin Hoebeeck,Great Britain,Lugia Archeops,139,5,international,EUIC 2023 London,Great Britain,EU,2023,2023-04-14,standard_2023,0,351_4522
351,3827,Justin Tse,Canada,Gardevoir Mewtwo,140,23,international,EUIC 2023 London,Great Britain,EU,2023,2023-04-14,standard_2023,0,351_3827
351,4523,Guilherme Fernandes,Portugal,Lost Zone Box,141,5,international,EUIC 2023 London,Great Britain,EU,2023,2023-04-14,standard_2023,0,351_4523
351,4419,Tanner Drabek,United States,Lost Zone Box,142,12,international,EUIC 2023 London,Great Britain,EU,2023,2023-04-14,standard_2023,0,351_4419
351,1739,Oliver Elwick,Great Britain,Miraidon Regieleki,143,7,international,EUIC 2023 London,Great Britain,EU,2023,2023-04-14,standard_2023,0,351_1739
351,3475,Brandon Baughn,United States,Lugia Archeops,144,27,international,EUIC 2023 London,Great Britain,EU,2023,2023-04-14,standard_2023,0,351_3475
351,321,Rahul Reddy,United States,Gardevoir,145,550,international,EUIC 2023 London,Great Britain,EU,2023,2023-04-14,standard_2023,0,351_321
351,4524,Juan Rosales,United States,Lost Zone Box,146,5,international,EUIC 2023 London,Great Britain,EU,2023,2023-04-14,standard_2023,0,351_4524
351,4525,Mikołaj Plich,Poland,Lugia Archeops,147,10,international,EUIC 2023 London,Great Britain,EU,2023,2023-04-14,standard_2023,0,351_4525
351,902,Riley Hulbert,United States,Goodra LZ Box,148,216,international,EUIC 2023 London,Great Britain,EU,2023,2023-04-14,standard_2023,0,351_902
351,4526,Victor Muñoz,Chile,Lugia Archeops,149,5,international,EUIC 2023 London,Great Britain,EU,2023,2023-04-14,standard_2023,0,351_4526
351,4527,Mark Fox,Great Britain,Mew Genesect,150,5,international,EUIC 2023 London,Great Britain,EU,2023,2023-04-14,standard_2023,0,351_4527
351,2515,Alexandre Sole,Belgium,Inteleon Urshifu,151,19,international,EUIC 2023 London,Great Britain,EU,2023,2023-04-14,standard_2023,0,351_2515
351,4528,Sanne van Hoogstraten,Netherlands,Miraidon Flaaffy,152,5,international,EUIC 2023 London,Great Britain,EU,2023,2023-04-14,standard_2023,0,351_4528
351,4529,Sean van Dijk,Netherlands,Fusion Mew,153,5,international,EUIC 2023 London,Great Britain,EU,2023,2023-04-14,standard_2023,0,351_4529
351,3773,Sergio Marcos,Spain,Fusion Mew,154,7,international,EUIC 2023 London,Great Britain,EU,2023,2023-04-14,standard_2023,0,351_3773
351,4530,Gilles Heyndrickx,Belgium,Arceus Flying Pikachu,155,9,international,EUIC 2023 London,Great Britain,EU,2023,2023-04-14,standard_2023,0,351_4530
351,2248,Luke Negus,Great Britain,Giratina LZ Box,156,13,international,EUIC 2023 London,Great Britain,EU,2023,2023-04-14,standard_2023,0,351_2248
351,4531,Michael Popp,Germany,Arceus Giratina,157,5,international,EUIC 2023 London,Great Britain,EU,2023,2023-04-14,standard_2023,0,351_4531
351,1041,Lasse Puisto,Finland,Fusion Mew,158,45,international,EUIC 2023 London,Great Britain,EU,2023,2023-04-14,standard_2023,0,351_1041
350,153,Azul Garcia Griego,United States,Lost Zone Box,1,943,international,OCIC 2023 Melbourne,Australia,AS-OC,2023,2023-02-17,standard_2022,1,350_153
350,2898,Regan Retzloff,United States,Lugia Archeops,2,210,international,OCIC 2023 Melbourne,Australia,AS-OC,2023,2023-02-17,standard_2022,1,350_2898
350,1738,Owyn Kamerman,Netherlands,Mew Genesect,3,228,international,OCIC 2023 Melbourne,Australia,AS-OC,2023,2023-02-17,standard_2022,1,350_1738
350,321,Rahul Reddy,United States,Regis,4,550,international,OCIC 2023 Melbourne,Australia,AS-OC,2023,2023-02-17,standard_2022,1,350_321
350,962,Raz Wolpe,Israel,Lugia Archeops,5,169,international,OCIC 2023 Melbourne,Australia,AS-OC,2023,2023-02-17,standard_2022,1,350_962
350,19,Pedro Eugenio Torres,Spain,Lost Zone Box,6,562,international,OCIC 2023 Melbourne,Australia,AS-OC,2023,2023-02-17,standard_2022,1,350_19
350,3696,Yerco Valencia,Chile,Lugia Archeops,7,125,international,OCIC 2023 Melbourne,Australia,AS-OC,2023,2023-02-17,standard_2022,1,350_3696
350,3723,Grant Shen,United States,Lugia Archeops,8,197,international,OCIC 2023 Melbourne,Australia,AS-OC,2023,2023-02-17,standard_2022,1,350_3723
350,203,Sam Chen,United States,Regis,9,411,international,OCIC 2023 Melbourne,Australia,AS-OC,2023,2023-02-17,standard_2022,0,350_203
350,4228,Aiden Harrison,Australia,Lost Zone Box,10,15,international,OCIC 2023 Melbourne,Australia,AS-OC,2023,2023-02-17,standard_2022,0,350_4228
350,3239,David Frans Daritan,Indonesia,Fusion Mew,11,55,international,OCIC 2023 Melbourne,Australia,AS-OC,2023,2023-02-17,standard_2022,0,350_3239
350,2774,Pedro Pertusi,Brazil,Lugia Archeops,12,235,international,OCIC 2023 Melbourne,Australia,AS-OC,2023,2023-02-17,standard_2022,0,350_2774
350,3946,Carlos Barros,Brazil,Lugia Archeops,13,27,international,OCIC 2023 Melbourne,Australia,AS-OC,2023,2023-02-17,standard_2022,0,350_3946
350,1623,Taketo Seki,Japan,Lugia Archeops,14,89,international,OCIC 2023 Melbourne,Australia,AS-OC,2023,2023-02-17,standard_2022,0,350_1623
350,155,Connor Finton,United States,Lugia Archeops,15,368,international,OCIC 2023 Melbourne,Australia,AS-OC,2023,2023-02-17,standard_2022,0,350_155
350,953,Cameron Shenoy,United States,Vikavolt,16,101,international,OCIC 2023 Melbourne,Australia,AS-OC,2023,2023-02-17,standard_2022,0,350_953
350,2684,Peter Lo,Hong Kong,Lugia Archeops,17,56,international,OCIC 2023 Melbourne,Australia,AS-OC,2023,2023-02-17,standard_2022,0,350_2684
350,3915,Jamie Frankland,Great Britain,LZ Rayquaza Box,18,70,international,OCIC 2023 Melbourne,Australia,AS-OC,2023,2023-02-17,standard_2022,0,350_3915
350,1849,Takuto Itagaki,Japan,Yveltal Control,19,12,international,OCIC 2023 Melbourne,Australia,AS-OC,2023,2023-02-17,standard_2022,0,350_1849
350,660,Agustin Campo,Argentina,Lugia Archeops,20,78,international,OCIC 2023 Melbourne,Australia,AS-OC,2023,2023-02-17,standard_2022,0,350_660
350,2950,Mads Jensen,Denmark,Lugia Archeops,21,39,international,OCIC 2023 Melbourne,Australia,AS-OC,2023,2023-02-17,standard_2022,0,350_2950
350,165,Gustavo Wada,Brazil,Lugia Archeops,22,766,international,OCIC 2023 Melbourne,Australia,AS-OC,2023,2023-02-17,standard_2022,0,350_165
350,3106,Haru Nishikawa,Japan,Lugia Archeops,23,82,international,OCIC 2023 Melbourne,Australia,AS-OC,2023,2023-02-17,standard_2022,0,350_3106
350,4229,Yuki Kawahito,Japan,Goodra LZ Box,24,12,international,OCIC 2023 Melbourne,Australia,AS-OC,2023,2023-02-17,standard_2022,0,350_4229
350,4230,Mia Fountain,Australia,Arceus Duraludon,25,18,international,OCIC 2023 Melbourne,Australia,AS-OC,2023,2023-02-17,standard_2022,0,350_4230
350,2791,Soma Arai,Japan,Lugia Archeops,26,27,international,OCIC 2023 Melbourne,Australia,AS-OC,2023,2023-02-17,standard_2022,0,350_2791
350,1561,Shuto Itagaki,Japan,Goodra LZ Box,27,50,international,OCIC 2023 Melbourne,Australia,AS-OC,2023,2023-02-17,standard_2022,0,350_1561
350,1759,Giovanni Peragallo,Chile,Lugia Archeops,28,87,international,OCIC 2023 Melbourne,Australia,AS-OC,2023,2023-02-17,standard_2022,0,350_1759
350,3789,Taisei Kodama,Japan,Fusion Mew,29,24,international,OCIC 2023 Melbourne,Australia,AS-OC,2023,2023-02-17,standard_2022,0,350_3789
350,3768,Christian Tuomi,Finland,Fusion Mew,30,50,international,OCIC 2023 Melbourne,Australia,AS-OC,2023,2023-02-17,standard_2022,0,350_3768
350,195,Paul Coletta,Australia,Lost Zone Box,31,39,international,OCIC 2023 Melbourne,Australia,AS-OC,2023,2023-02-17,standard_2022,0,350_195
350,3973,Robbie Caldwell,Australia,Lugia Archeops,32,18,international,OCIC 2023 Melbourne,Australia,AS-OC,2023,2023-02-17,standard_2022,0,350_3973
350,301,Jack Underwood,Australia,Regis,33,59,international,OCIC 2023 Melbourne,Australia,AS-OC,2023,2023-02-17,standard_2022,0,350_301
350,4231,Kye Edmondston,Australia,Lost Zone Box,34,9,international,OCIC 2023 Melbourne,Australia,AS-OC,2023,2023-02-17,standard_2022,0,350_4231
350,1448,Akira Sato,Japan,Lugia Archeops,35,91,international,OCIC 2023 Melbourne,Australia,AS-OC,2023,2023-02-17,standard_2022,0,350_1448
350,3791,Andrew Gantner,United States,Lugia Archeops,36,66,international,OCIC 2023 Melbourne,Australia,AS-OC,2023,2023-02-17,standard_2022,0,350_3791
350,2895,Elliot Gantner,United States,Lugia Archeops,37,43,international,OCIC 2023 Melbourne,Australia,AS-OC,2023,2023-02-17,standard_2022,0,350_2895
350,4232,Jay Tyrrell,Australia,Vikavolt,38,9,international,OCIC 2023 Melbourne,Australia,AS-OC,2023,2023-02-17,standard_2022,0,350_4232
350,2149,Joel Suryadi,Indonesia,Lost Zone Box,39,37,international,OCIC 2023 Melbourne,Australia,AS-OC,2023,2023-02-17,standard_2022,0,350_2149
350,348,Ciaran Farah,Canada,Lugia Archeops,40,185,international,OCIC 2023 Melbourne,Australia,AS-OC,2023,2023-02-17,standard_2022,0,350_348
350,4233,Kai Chung,Australia,Lugia Archeops,41,15,international,OCIC 2023 Melbourne,Australia,AS-OC,2023,2023-02-17,standard_2022,0,350_4233
350,166,Heddi Brahmi,France,Lugia Archeops,42,115,international,OCIC 2023 Melbourne,Australia,AS-OC,2023,2023-02-17,standard_2022,0,350_166
350,4234,Courtney Fox,Australia,Lugia Archeops,43,24,international,OCIC 2023 Melbourne,Australia,AS-OC,2023,2023-02-17,standard_2022,0,350_4234
350,1172,Facundo Facio,Argentina,Yveltal Control,44,26,international,OCIC 2023 Melbourne,Australia,AS-OC,2023,2023-02-17,standard_2022,0,350_1172
350,4235,Peter Ghionis,Australia,Regis,45,9,international,OCIC 2023 Melbourne,Australia,AS-OC,2023,2023-02-17,standard_2022,0,350_4235
350,86,Tord Reklev,Norway,Lugia Archeops,46,832,international,OCIC 2023 Melbourne,Australia,AS-OC,2023,2023-02-17,standard_2022,0,350_86
350,322,Grant Manley,United States,Lost Zone Box,47,535,international,OCIC 2023 Melbourne,Australia,AS-OC,2023,2023-02-17,standard_2022,0,350_322
350,364,Alex Schemanske,United States,Lost Zone Box,48,602,international,OCIC 2023 Melbourne,Australia,AS-OC,2023,2023-02-17,standard_2022,0,350_364
350,2262,Magnus Pedersen,Denmark,Mew Genesect,49,178,international,OCIC 2023 Melbourne,Australia,AS-OC,2023,2023-02-17,standard_2022,0,350_2262
350,2770,Aidan Khus,United States,Lugia Archeops,50,180,international,OCIC 2023 Melbourne,Australia,AS-OC,2023,2023-02-17,standard_2022,0,350_2770
350,3699,Callum Pinnegar,Australia,LZ Rayquaza Box,51,21,international,OCIC 2023 Melbourne,Australia,AS-OC,2023,2023-02-17,standard_2022,0,350_3699
350,2465,Ehren Roebuck,Australia,Fusion Mew,52,10,international,OCIC 2023 Melbourne,Australia,AS-OC,2023,2023-02-17,standard_2022,0,350_2465
350,108,Karl Peters,Germany,Articuno Inteleon,53,173,international,OCIC 2023 Melbourne,Australia,AS-OC,2023,2023-02-17,standard_2022,0,350_108
350,1788,Christian Hasbani,Australia,Vikavolt,54,147,international,OCIC 2023 Melbourne,Australia,AS-OC,2023,2023-02-17,standard_2022,0,350_1788
350,4236,Anselm Sim,Singapore,Lugia Archeops,55,15,international,OCIC 2023 Melbourne,Australia,AS-OC,2023,2023-02-17,standard_2022,0,350_4236
350,4237,Kazutaka Tajima,Japan,Lugia Archeops,56,9,international,OCIC 2023 Melbourne,Australia,AS-OC,2023,2023-02-17,standard_2022,0,350_4237
350,4238,Kim Beom Jin,Korea,Yveltal Control,57,9,international,OCIC 2023 Melbourne,Australia,AS-OC,2023,2023-02-17,standard_2022,0,350_4238
350,4239,Marcelo Antonio Turra,Brazil,Lugia Archeops,58,9,international,OCIC 2023 Melbourne,Australia,AS-OC,2023,2023-02-17,standard_2022,0,350_4239
350,868,Jon Eng,United States,Lugia Archeops,59,492,international,OCIC 2023 Melbourne,Australia,AS-OC,2023,2023-02-17,standard_2022,0,350_868
350,909,Ryan Antonucci,United States,Lost Zone Box,60,192,international,OCIC 2023 Melbourne,Australia,AS-OC,2023,2023-02-17,standard_2022,0,350_909
350,4240,Joshua Wilson,Australia,LZ Rayquaza Box,61,9,international,OCIC 2023 Melbourne,Australia,AS-OC,2023,2023-02-17,standard_2022,0,350_4240
350,1088,Matthew Burris,Australia,Lugia Archeops,62,146,international,OCIC 2023 Melbourne,Australia,AS-OC,2023,2023-02-17,standard_2022,0,350_1088
350,1789,Daichi Shimada,Japan,Yveltal Control,63,160,international,OCIC 2023 Melbourne,Australia,AS-OC,2023,2023-02-17,standard_2022,0,350_1789
350,4241,Hoong Yoong Ngiam,Australia,Lugia Archeops,64,9,international,OCIC 2023 Melbourne,Australia,AS-OC,2023,2023-02-17,standard_2022,0,350_4241
340,86,Tord Reklev,Norway,Lugia Archeops,1,832,international,LAIC 2022–23 São Paulo,Brazil,SA,2022,2022-11-25,standard_2022,1,340_86
340,227,Lucas Calzà,Italy,Lugia Archeops,2,105,international,LAIC 2022–23 São Paulo,Brazil,SA,2022,2022-11-25,standard_2022,1,340_227
340,322,Grant Manley,United States,Lost Zone Box,3,535,international,LAIC 2022–23 São Paulo,Brazil,SA,2022,2022-11-25,standard_2022,1,340_322
340,868,Jon Eng,United States,Lugia Archeops,4,492,international,LAIC 2022–23 São Paulo,Brazil,SA,2022,2022-11-25,standard_2022,1,340_868
340,64,Sander Wojcik,Netherlands,Yveltal Control,5,312,international,LAIC 2022–23 São Paulo,Brazil,SA,2022,2022-11-25,standard_2022,1,340_64
340,2774,Pedro Pertusi,Brazil,Lugia Archeops,6,235,international,LAIC 2022–23 São Paulo,Brazil,SA,2022,2022-11-25,standard_2022,1,340_2774
340,348,Ciaran Farah,Canada,Lugia Archeops,7,185,international,LAIC 2022–23 São Paulo,Brazil,SA,2022,2022-11-25,standard_2022,1,340_348
340,660,Agustin Campo,Argentina,Lugia Archeops,8,78,international,LAIC 2022–23 São Paulo,Brazil,SA,2022,2022-11-25,standard_2022,1,340_660
340,1548,Bryan de Vries,Netherlands,Lugia Archeops,9,275,international,LAIC 2022–23 São Paulo,Brazil,SA,2022,2022-11-25,standard_2022,0,340_1548
340,618,Eder Jarillo Soto,Mexico,Lugia Archeops,10,120,international,LAIC 2022–23 São Paulo,Brazil,SA,2022,2022-11-25,standard_2022,0,340_618
340,1626,Isaiah Bradner,United States,Lugia Archeops,11,332,international,LAIC 2022–23 São Paulo,Brazil,SA,2022,2022-11-25,standard_2022,0,340_1626
340,909,Ryan Antonucci,United States,Mew Genesect,12,192,international,LAIC 2022–23 São Paulo,Brazil,SA,2022,2022-11-25,standard_2022,0,340_909
340,3696,Yerco Valencia,Chile,Lugia Archeops,13,125,international,LAIC 2022–23 São Paulo,Brazil,SA,2022,2022-11-25,standard_2022,0,340_3696
340,780,Corey Godfrey,United States,Lugia Archeops,14,61,international,LAIC 2022–23 São Paulo,Brazil,SA,2022,2022-11-25,standard_2022,0,340_780
340,153,Azul Garcia Griego,United States,Lost Zone Box,15,943,international,LAIC 2022–23 São Paulo,Brazil,SA,2022,2022-11-25,standard_2022,0,340_153
340,1035,Julius Brunfeldt,Finland,Lugia Archeops,16,138,international,LAIC 2022–23 São Paulo,Brazil,SA,2022,2022-11-25,standard_2022,0,340_1035
340,2898,Regan Retzloff,United States,Lugia Archeops,18,210,international,LAIC 2022–23 São Paulo,Brazil,SA,2022,2022-11-25,standard_2022,0,340_2898
340,1088,Matthew Burris,Australia,Lugia Archeops,19,146,international,LAIC 2022–23 São Paulo,Brazil,SA,2022,2022-11-25,standard_2022,0,340_1088
340,864,Ian Robb,United States,Lugia Archeops,20,512,international,LAIC 2022–23 São Paulo,Brazil,SA,2022,2022-11-25,standard_2022,0,340_864
340,2609,Leonardo Braga,Brazil,Arceus Duraludon,21,24,international,LAIC 2022–23 São Paulo,Brazil,SA,2022,2022-11-25,standard_2022,0,340_2609
340,138,Brent Tonisson,Australia,Lugia Archeops,23,449,international,LAIC 2022–23 São Paulo,Brazil,SA,2022,2022-11-25,standard_2022,0,340_138
340,1368,Natalie Millar,Australia,Lugia Archeops,24,254,international,LAIC 2022–23 São Paulo,Brazil,SA,2022,2022-11-25,standard_2022,0,340_1368
340,284,Stéphane Ivanoff,France,Lugia Archeops,27,528,international,LAIC 2022–23 São Paulo,Brazil,SA,2022,2022-11-25,standard_2022,0,340_284
340,2802,Juan Andree Mejía,Chile,Fusion Mew,28,73,international,LAIC 2022–23 São Paulo,Brazil,SA,2022,2022-11-25,standard_2022,0,340_2802
340,2122,Gabriel Smart,United States,Lugia Archeops,29,223,international,LAIC 2022–23 São Paulo,Brazil,SA,2022,2022-11-25,standard_2022,0,340_2122
340,1738,Owyn Kamerman,Netherlands,Lugia Archeops,30,228,international,LAIC 2022–23 São Paulo,Brazil,SA,2022,2022-11-25,standard_2022,0,340_1738
340,1148,Fabrizio Inga Silva,Peru,Mew Genesect,32,158,international,LAIC 2022–23 São Paulo,Brazil,SA,2022,2022-11-25,standard_2022,0,340_1148
340,1105,Henry Brand,Australia,Lugia Archeops,33,232,international,LAIC 2022–23 São Paulo,Brazil,SA,2022,2022-11-25,standard_2022,0,340_1105
340,2257,Mathieu Vidal,France,Lugia Archeops,34,49,international,LAIC 2022–23 São Paulo,Brazil,SA,2022,2022-11-25,standard_2022,0,340_2257
340,3573,Kai Wainwright,Great Britain,Lugia Archeops,35,64,international,LAIC 2022–23 São Paulo,Brazil,SA,2022,2022-11-25,standard_2022,0,340_3573
340,3944,Mateus Rocha,Brazil,Lugia Archeops,36,12,international,LAIC 2022–23 São Paulo,Brazil,SA,2022,2022-11-25,standard_2022,0,340_3944
340,3945,Tácio Grossi,Brazil,Giratina LZ Box,37,20,international,LAIC 2022–23 São Paulo,Brazil,SA,2022,2022-11-25,standard_2022,0,340_3945
340,654,Vinicius Augusto Gomes,Brazil,Lugia Archeops,38,32,international,LAIC 2022–23 São Paulo,Brazil,SA,2022,2022-11-25,standard_2022,0,340_654
340,3636,Tyler Mathews,United States,LZ Rayquaza Box,43,91,international,LAIC 2022–23 São Paulo,Brazil,SA,2022,2022-11-25,standard_2022,0,340_3636
340,1630,Nicholas Moffitt,United States,Mew Genesect,44,266,international,LAIC 2022–23 São Paulo,Brazil,SA,2022,2022-11-25,standard_2022,0,340_1630
340,165,Gustavo Wada,Brazil,Lugia Archeops,45,766,international,LAIC 2022–23 São Paulo,Brazil,SA,2022,2022-11-25,standard_2022,0,340_165
340,19,Pedro Eugenio Torres,Spain,Lost Box Charizard,46,562,international,LAIC 2022–23 São Paulo,Brazil,SA,2022,2022-11-25,standard_2022,0,340_19
340,426,Christopher Schemanske,United States,Giratina LZ Box,47,228,international,LAIC 2022–23 São Paulo,Brazil,SA,2022,2022-11-25,standard_2022,0,340_426
340,1753,Ramon Duarte,Brazil,Lugia Archeops,50,38,international,LAIC 2022–23 São Paulo,Brazil,SA,2022,2022-11-25,standard_2022,0,340_1753
340,1282,Paulo Gouveia de Freitas,Brazil,Lugia Archeops,51,81,international,LAIC 2022–23 São Paulo,Brazil,SA,2022,2022-11-25,standard_2022,0,340_1282
340,3950,Andrés Viglioglia,Argentina,Lugia Archeops,54,12,international,LAIC 2022–23 São Paulo,Brazil,SA,2022,2022-11-25,standard_2022,0,340_3950
340,328,Caleb Gedemer,United States,Lost Zone Box,55,599,international,LAIC 2022–23 São Paulo,Brazil,SA,2022,2022-11-25,standard_2022,0,340_328
340,1901,Cyrus Davis,Canada,Lugia Archeops,56,148,international,LAIC 2022–23 São Paulo,Brazil,SA,2022,2022-11-25,standard_2022,0,340_1901
340,1278,Gabriel Eduardo Reiter,Brazil,Palkia Inteleon,57,33,international,LAIC 2022–23 São Paulo,Brazil,SA,2022,2022-11-25,standard_2022,0,340_1278
340,2891,Caleb Rogerson,United States,Fusion Mew,59,87,international,LAIC 2022–23 São Paulo,Brazil,SA,2022,2022-11-25,standard_2022,0,340_2891
340,18,Jesper Eriksen,Denmark,Lugia Archeops,60,148,international,LAIC 2022–23 São Paulo,Brazil,SA,2022,2022-11-25,standard_2022,0,340_18
340,2314,Eduardo Paixao,Brazil,Lugia Archeops,62,25,international,LAIC 2022–23 São Paulo,Brazil,SA,2022,2022-11-25,standard_2022,0,340_2314
340,3952,Gabriel Pinheiro,Brazil,Mew Genesect,63,12,international,LAIC 2022–23 São Paulo,Brazil,SA,2022,2022-11-25,standard_2022,0,340_3952
340,3953,Lucas Carvalho Gondim,Brazil,Lugia Archeops,64,12,international,LAIC 2022–23 São Paulo,Brazil,SA,2022,2022-11-25,standard_2022,0,340_3953
340,3954,Esteban O’Compley,Chile,Lugia Archeops,65,25,international,LAIC 2022–23 São Paulo,Brazil,SA,2022,2022-11-25,standard_2022,0,340_3954
340,1391,Marco Cifuentes Meta,Chile,Giratina LZ Box,68,110,international,LAIC 2022–23 São Paulo,Brazil,SA,2022,2022-11-25,standard_2022,0,340_1391
340,2922,Brian Kim,United States,Lugia Archeops,69,66,international,LAIC 2022–23 São Paulo,Brazil,SA,2022,2022-11-25,standard_2022,0,340_2922
340,1269,Hudson Matheus,Brazil,Kyurem Palkia,71,20,international,LAIC 2022–23 São Paulo,Brazil,SA,2022,2022-11-25,standard_2022,0,340_1269
340,3791,Andrew Gantner,United States,Lost Zone Box,73,66,international,LAIC 2022–23 São Paulo,Brazil,SA,2022,2022-11-25,standard_2022,0,340_3791
340,3958,Alexiev Castro,Peru,Regis,74,8,international,LAIC 2022–23 São Paulo,Brazil,SA,2022,2022-11-25,standard_2022,0,340_3958
340,234,Andrew Ariel Dias,Brazil,Mew Genesect,75,41,international,LAIC 2022–23 São Paulo,Brazil,SA,2022,2022-11-25,standard_2022,0,340_234
340,3529,Pedro Bandeira,Brazil,Lugia Archeops,78,26,international,LAIC 2022–23 São Paulo,Brazil,SA,2022,2022-11-25,standard_2022,0,340_3529
340,12,Adam Hawkins,Great Britain,LZ Rayquaza Box,79,241,international,LAIC 2022–23 São Paulo,Brazil,SA,2022,2022-11-25,standard_2022,0,340_12
340,3959,Carlos Medina Astete,Peru,Regis,80,65,international,LAIC 2022–23 São Paulo,Brazil,SA,2022,2022-11-25,standard_2022,0,340_3959
340,3960,Heitor Duperron,Brazil,Lugia Archeops,81,21,international,LAIC 2022–23 São Paulo,Brazil,SA,2022,2022-11-25,standard_2022,0,340_3960
340,3962,Igor Matheus Ribeiro,Brazil,Fusion Mew,85,8,international,LAIC 2022–23 São Paulo,Brazil,SA,2022,2022-11-25,standard_2022,0,340_3962
340,261,Ricardo Felipe Hille,Brazil,Palkia Inteleon,86,71,international,LAIC 2022–23 São Paulo,Brazil,SA,2022,2022-11-25,standard_2022,0,340_261
340,1664,Dario Scarnò,Italy,Lugia Archeops,87,94,international,LAIC 2022–23 São Paulo,Brazil,SA,2022,2022-11-25,standard_2022,0,340_1664
340,1720,Jorge Recabal,Chile,Mew Genesect,89,21,international,LAIC 2022–23 São Paulo,Brazil,SA,2022,2022-11-25,standard_2022,0,340_1720
340,100,Fabio Spanò,Italy,Lost Box Charizard,90,69,international,LAIC 2022–23 São Paulo,Brazil,SA,2022,2022-11-25,standard_2022,0,340_100
340,1679,Lucas Matheus,Brazil,Lugia Archeops,94,79,international,LAIC 2022–23 São Paulo,Brazil,SA,2022,2022-11-25,standard_2022,0,340_1679
340,3966,Gonzalo Zamorano,Chile,Fusion Mew,98,12,international,LAIC 2022–23 São Paulo,Brazil,SA,2022,2022-11-25,standard_2022,0,340_3966
340,2532,Rowan Stavenow,Canada,Lugia Archeops,101,195,international,LAIC 2022–23 São Paulo,Brazil,SA,2022,2022-11-25,standard_2022,0,340_2532
340,3967,Pedro Lima,Brazil,Fusion Mew,102,8,international,LAIC 2022–23 São Paulo,Brazil,SA,2022,2022-11-25,standard_2022,0,340_3967
306,153,Azul Garcia Griego,United States,Arceus Flying Pikachu,1,943,international,NAIC 2022 Columbus,United States,Desconocido,2022,2022-06-24,standard_2022,1,306_153
306,1626,Isaiah Bradner,United States,Palkia Inteleon,2,332,international,NAIC 2022 Columbus,United States,Desconocido,2022,2022-06-24,standard_2022,1,306_1626
306,64,Sander Wojcik,Netherlands,Mewtwo Control,3,312,international,NAIC 2022 Columbus,United States,Desconocido,2022,2022-06-24,standard_2022,1,306_64
306,2922,Brian Kim,United States,Arceus Inteleon,4,66,international,NAIC 2022 Columbus,United States,Desconocido,2022,2022-06-24,standard_2022,1,306_2922
306,165,Gustavo Wada,Brazil,Palkia Inteleon,5,766,international,NAIC 2022 Columbus,United States,Desconocido,2022,2022-06-24,standard_2022,1,306_165
306,3721,Noah Yoshida,United States,Palkia Inteleon,6,56,international,NAIC 2022 Columbus,United States,Desconocido,2022,2022-06-24,standard_2022,1,306_3721
306,3696,Yerco Valencia,Chile,Arceus Inteleon,7,125,international,NAIC 2022 Columbus,United States,Desconocido,2022,2022-06-24,standard_2022,1,306_3696
306,547,Steven Varesko,United States,Arceus Inteleon,8,74,international,NAIC 2022 Columbus,United States,Desconocido,2022,2022-06-24,standard_2022,1,306_547
306,202,Kaiwen Cabbabe,Australia,Palkia Inteleon,9,235,international,NAIC 2022 Columbus,United States,Desconocido,2022,2022-06-24,standard_2022,0,306_202
306,868,Jon Eng,United States,Palkia Inteleon,10,492,international,NAIC 2022 Columbus,United States,Desconocido,2022,2022-06-24,standard_2022,0,306_868
306,909,Ryan Antonucci,United States,Arceus Inteleon,11,192,international,NAIC 2022 Columbus,United States,Desconocido,2022,2022-06-24,standard_2022,0,306_909
306,3730,Michael Perez,United States,Arceus Inteleon,12,28,international,NAIC 2022 Columbus,United States,Desconocido,2022,2022-06-24,standard_2022,0,306_3730
306,2770,Aidan Khus,United States,Arceus Flying Pikachu Inteleon,13,180,international,NAIC 2022 Columbus,United States,Desconocido,2022,2022-06-24,standard_2022,0,306_2770
306,2573,Nick Flores,United States,Palkia Inteleon,14,63,international,NAIC 2022 Columbus,United States,Desconocido,2022,2022-06-24,standard_2022,0,306_2573
306,141,Justin Bokhari,United States,Palkia Inteleon,15,455,international,NAIC 2022 Columbus,United States,Desconocido,2022,2022-06-24,standard_2022,0,306_141
306,3731,Harrison Dye,United States,Palkia Inteleon,16,42,international,NAIC 2022 Columbus,United States,Desconocido,2022,2022-06-24,standard_2022,0,306_3731
306,322,Grant Manley,United States,Arceus Inteleon,17,535,international,NAIC 2022 Columbus,United States,Desconocido,2022,2022-06-24,standard_2022,0,306_322
306,3732,James Gillespie,United States,Fusion Mew,18,15,international,NAIC 2022 Columbus,United States,Desconocido,2022,2022-06-24,standard_2022,0,306_3732
306,2899,Piper Lepine,United States,Arceus Inteleon,19,156,international,NAIC 2022 Columbus,United States,Desconocido,2022,2022-06-24,standard_2022,0,306_2899
306,2491,Tanner Hurley,United States,Arceus Inteleon,20,70,international,NAIC 2022 Columbus,United States,Desconocido,2022,2022-06-24,standard_2022,0,306_2491
306,1505,João Pedro Medeiros Zambrano,Brazil,Arceus Inteleon,22,191,international,NAIC 2022 Columbus,United States,Desconocido,2022,2022-06-24,standard_2022,0,306_1505
306,2427,Adam Reinhardt,United States,Arceus Flying Pikachu,23,93,international,NAIC 2022 Columbus,United States,Desconocido,2022,2022-06-24,standard_2022,0,306_2427
306,1548,Bryan de Vries,Netherlands,Palkia Inteleon,25,275,international,NAIC 2022 Columbus,United States,Desconocido,2022,2022-06-24,standard_2022,0,306_1548
306,895,Dan Irish,United States,Palkia Inteleon,27,70,international,NAIC 2022 Columbus,United States,Desconocido,2022,2022-06-24,standard_2022,0,306_895
306,1130,Michael Laundrie,United States,Arceus Malamar,29,81,international,NAIC 2022 Columbus,United States,Desconocido,2022,2022-06-24,standard_2022,0,306_1130
306,2121,Jake Santiago,Canada,Palkia Inteleon,31,39,international,NAIC 2022 Columbus,United States,Desconocido,2022,2022-06-24,standard_2022,0,306_2121
306,3734,Spencer Perez-Dormitzer,United States,Vikavolt Moltres,32,15,international,NAIC 2022 Columbus,United States,Desconocido,2022,2022-06-24,standard_2022,0,306_3734
306,3636,Tyler Mathews,United States,Palkia Vikavolt,33,91,international,NAIC 2022 Columbus,United States,Desconocido,2022,2022-06-24,standard_2022,0,306_3636
306,2159,Scotty Chesser,United States,Fusion Mew,35,67,international,NAIC 2022 Columbus,United States,Desconocido,2022,2022-06-24,standard_2022,0,306_2159
306,3735,Cyrus McCane,United States,Arceus Malamar,36,29,international,NAIC 2022 Columbus,United States,Desconocido,2022,2022-06-24,standard_2022,0,306_3735
306,2384,Nathaniel Kaplan,United States,Palkia Inteleon,37,95,international,NAIC 2022 Columbus,United States,Desconocido,2022,2022-06-24,standard_2022,0,306_2384
306,424,Aaron Tarbell,United States,Blissey,38,288,international,NAIC 2022 Columbus,United States,Desconocido,2022,2022-06-24,standard_2022,0,306_424
306,454,Franco Takahashi,United States,Palkia Inteleon,40,116,international,NAIC 2022 Columbus,United States,Desconocido,2022,2022-06-24,standard_2022,0,306_454
306,2628,Calvin Connor,United States,Arceus Inteleon,41,260,international,NAIC 2022 Columbus,United States,Desconocido,2022,2022-06-24,standard_2022,0,306_2628
306,807,Andrew Martin,United States,Palkia Inteleon,44,103,international,NAIC 2022 Columbus,United States,Desconocido,2022,2022-06-24,standard_2022,0,306_807
306,691,Brandon Salazar,United States,Arceus Inteleon,45,156,international,NAIC 2022 Columbus,United States,Desconocido,2022,2022-06-24,standard_2022,0,306_691
306,864,Ian Robb,United States,Arceus Flying Pikachu Inteleon,46,512,international,NAIC 2022 Columbus,United States,Desconocido,2022,2022-06-24,standard_2022,0,306_864
306,12,Adam Hawkins,Great Britain,Eldegoss Control,47,241,international,NAIC 2022 Columbus,United States,Desconocido,2022,2022-06-24,standard_2022,0,306_12
306,196,Zach Lesage,Canada,Palkia Inteleon,49,387,international,NAIC 2022 Columbus,United States,Desconocido,2022,2022-06-24,standard_2022,0,306_196
306,1631,Ethan Hegyi,United States,Arceus Flying Pikachu Inteleon,51,32,international,NAIC 2022 Columbus,United States,Desconocido,2022,2022-06-24,standard_2022,0,306_1631
306,1368,Natalie Millar,Australia,Palkia Inteleon,52,254,international,NAIC 2022 Columbus,United States,Desconocido,2022,2022-06-24,standard_2022,0,306_1368
306,2875,Andrew Hedrick,United States,Palkia Inteleon,53,222,international,NAIC 2022 Columbus,United States,Desconocido,2022,2022-06-24,standard_2022,0,306_2875
306,3737,Andrew Wisniewsky,United States,Blissey,54,26,international,NAIC 2022 Columbus,United States,Desconocido,2022,2022-06-24,standard_2022,0,306_3737
306,2626,Noah Sakadjian,United States,Arceus Inteleon,55,57,international,NAIC 2022 Columbus,United States,Desconocido,2022,2022-06-24,standard_2022,0,306_2626
306,3587,Sawyer Melban,United States,Arceus Malamar,56,114,international,NAIC 2022 Columbus,United States,Desconocido,2022,2022-06-24,standard_2022,0,306_3587
306,3738,Dillon DiAngelo,United States,Fusion Mew,57,12,international,NAIC 2022 Columbus,United States,Desconocido,2022,2022-06-24,standard_2022,0,306_3738
306,940,Jeremy Castro,United States,Regis,58,36,international,NAIC 2022 Columbus,United States,Desconocido,2022,2022-06-24,standard_2022,0,306_940
306,376,James Hart,United States,Palkia Inteleon,60,70,international,NAIC 2022 Columbus,United States,Desconocido,2022,2022-06-24,standard_2022,0,306_376
306,3607,Zach Laska,United States,Arceus Inteleon,61,27,international,NAIC 2022 Columbus,United States,Desconocido,2022,2022-06-24,standard_2022,0,306_3607
306,3473,Jake Gearhart,United States,Palkia Inteleon,63,57,international,NAIC 2022 Columbus,United States,Desconocido,2022,2022-06-24,standard_2022,0,306_3473
306,3740,Tanner Caplinger,United States,Fusion Mew,64,22,international,NAIC 2022 Columbus,United States,Desconocido,2022,2022-06-24,standard_2022,0,306_3740
306,175,Xander Pero,United States,Dialga,65,417,international,NAIC 2022 Columbus,United States,Desconocido,2022,2022-06-24,standard_2022,0,306_175
306,2167,Mike Gibbs,United States,Palkia Inteleon,66,34,international,NAIC 2022 Columbus,United States,Desconocido,2022,2022-06-24,standard_2022,0,306_2167
306,2592,Kiernan Wagner,United States,Frosmoth Inteleon Box,69,41,international,NAIC 2022 Columbus,United States,Desconocido,2022,2022-06-24,standard_2022,0,306_2592
306,2926,AviLashan UmaShankar,United States,Fusion Mew,70,47,international,NAIC 2022 Columbus,United States,Desconocido,2022,2022-06-24,standard_2022,0,306_2926
306,87,Fabien Pujol,France,Palkia Inteleon,73,310,international,NAIC 2022 Columbus,United States,Desconocido,2022,2022-06-24,standard_2022,0,306_87
306,2126,André Chiasson,Canada,Fusion Mew,76,104,international,NAIC 2022 Columbus,United States,Desconocido,2022,2022-06-24,standard_2022,0,306_2126
306,1035,Julius Brunfeldt,Finland,Fusion Mew,77,138,international,NAIC 2022 Columbus,United States,Desconocido,2022,2022-06-24,standard_2022,0,306_1035
306,3221,Jeremy Riviere,United States,Arceus Inteleon,78,18,international,NAIC 2022 Columbus,United States,Desconocido,2022,2022-06-24,standard_2022,0,306_3221
306,4,Robin Schulz,Germany,Palkia Inteleon,85,427,international,NAIC 2022 Columbus,United States,Desconocido,2022,2022-06-24,standard_2022,0,306_4
306,813,Frank Percic,United States,Ice Rider Calyrex Palkia,89,174,international,NAIC 2022 Columbus,United States,Desconocido,2022,2022-06-24,standard_2022,0,306_813
306,3747,Mason Lovato,United States,Arceus Raichu,90,26,international,NAIC 2022 Columbus,United States,Desconocido,2022,2022-06-24,standard_2022,0,306_3747
306,3748,Jake Lazzari,Australia,Palkia Inteleon,92,17,international,NAIC 2022 Columbus,United States,Desconocido,2022,2022-06-24,standard_2022,0,306_3748
306,2019,Joshua Sanchez,Costa Rica,Regis,96,16,international,NAIC 2022 Columbus,United States,Desconocido,2022,2022-06-24,standard_2022,0,306_2019
306,3601,Sackett Brehmer,United States,Palkia Inteleon,98,59,international,NAIC 2022 Columbus,United States,Desconocido,2022,2022-06-24,standard_2022,0,306_3601
306,2415,William Courcy,Canada,Arceus Leafeon,101,16,international,NAIC 2022 Columbus,United States,Desconocido,2022,2022-06-24,standard_2022,0,306_2415
306,2663,Raymond Liu,United States,Arceus Duraludon,105,37,international,NAIC 2022 Columbus,United States,Desconocido,2022,2022-06-24,standard_2022,0,306_2663
306,3755,Noah Peterson,United States,Palkia Inteleon,109,8,international,NAIC 2022 Columbus,United States,Desconocido,2022,2022-06-24,standard_2022,0,306_3755
306,3756,Theodore Tillman III,United States,Arceus Inteleon,110,8,international,NAIC 2022 Columbus,United States,Desconocido,2022,2022-06-24,standard_2022,0,306_3756
306,2530,Gabe Shumway,United States,Arceus Inteleon,112,65,international,NAIC 2022 Columbus,United States,Desconocido,2022,2022-06-24,standard_2022,0,306_2530
306,3758,Jacob A Dillon,United States,Arceus Duraludon,115,18,international,NAIC 2022 Columbus,United States,Desconocido,2022,2022-06-24,standard_2022,0,306_3758
306,2456,James Cox,Australia,Fusion Mew,116,108,international,NAIC 2022 Columbus,United States,Desconocido,2022,2022-06-24,standard_2022,0,306_2456
306,52,Bert Wolters,Netherlands,Palkia,120,255,international,NAIC 2022 Columbus,United States,Desconocido,2022,2022-06-24,standard_2022,0,306_52
306,343,Reno Bernardo,United States,Arceus Rayquaza,121,32,international,NAIC 2022 Columbus,United States,Desconocido,2022,2022-06-24,standard_2022,0,306_343
306,2410,Aneil Saini,Canada,Flaaffy Box,126,44,international,NAIC 2022 Columbus,United States,Desconocido,2022,2022-06-24,standard_2022,0,306_2410
306,3176,Cole Haugaard,United States,Samurott Inteleon,127,18,international,NAIC 2022 Columbus,United States,Desconocido,2022,2022-06-24,standard_2022,0,306_3176
305,165,Gustavo Wada,Brazil,Rapid Strike Urshifu Inteleon,1,766,international,EUIC 2022 Frankfurt,Germany,EU,2022,2022-04-22,standard_2022,1,305_165
305,813,Frank Percic,United States,Whimsicott,2,174,international,EUIC 2022 Frankfurt,Germany,EU,2022,2022-04-22,standard_2022,1,305_813
305,19,Pedro Eugenio Torres,Spain,Rapid Strike Urshifu Inteleon,3,562,international,EUIC 2022 Frankfurt,Germany,EU,2022,2022-04-22,standard_2022,1,305_19
305,3534,Mateusz Rusinek,Poland,Fusion Mew,4,26,international,EUIC 2022 Frankfurt,Germany,EU,2022,2022-04-22,standard_2022,1,305_3534
305,86,Tord Reklev,Norway,Rapid Strike Urshifu Inteleon,5,832,international,EUIC 2022 Frankfurt,Germany,EU,2022,2022-04-22,standard_2022,1,305_86
305,3535,Thai Nguyen,Germany,Sylveon Arceus,6,48,international,EUIC 2022 Frankfurt,Germany,EU,2022,2022-04-22,standard_2022,1,305_3535
305,1626,Isaiah Bradner,United States,Rapid Strike Urshifu Inteleon,7,332,international,EUIC 2022 Frankfurt,Germany,EU,2022,2022-04-22,standard_2022,1,305_1626
305,141,Justin Bokhari,United States,Rapid Strike Urshifu Inteleon,8,455,international,EUIC 2022 Frankfurt,Germany,EU,2022,2022-04-22,standard_2022,1,305_141
305,3536,Keito Arai,Japan,Arceus Inteleon Beedrill,9,15,international,EUIC 2022 Frankfurt,Germany,EU,2022,2022-04-22,standard_2022,0,305_3536
305,2477,Ruben van der Sluis,Netherlands,Fusion Mew,10,33,international,EUIC 2022 Frankfurt,Germany,EU,2022,2022-04-22,standard_2022,0,305_2477
305,3537,Charlie Merryweather,Great Britain,Malamar Inteleon,12,15,international,EUIC 2022 Frankfurt,Germany,EU,2022,2022-04-22,standard_2022,0,305_3537
305,3538,Edwyn Mesman,Netherlands,Arceus Inteleon,13,60,international,EUIC 2022 Frankfurt,Germany,EU,2022,2022-04-22,standard_2022,0,305_3538
305,3539,Tetsu Watanabe,Italy,Arceus Inteleon,14,15,international,EUIC 2022 Frankfurt,Germany,EU,2022,2022-04-22,standard_2022,0,305_3539
305,3540,Elias Stratmann,Germany,Fusion Mew,15,23,international,EUIC 2022 Frankfurt,Germany,EU,2022,2022-04-22,standard_2022,0,305_3540
305,202,Kaiwen Cabbabe,Australia,Fusion Mew,16,235,international,EUIC 2022 Frankfurt,Germany,EU,2022,2022-04-22,standard_2022,0,305_202
305,3541,Alberto Conti,Italy,Arceus Inteleon,17,38,international,EUIC 2022 Frankfurt,Germany,EU,2022,2022-04-22,standard_2022,0,305_3541
305,2262,Magnus Pedersen,Denmark,Arceus Beedrill,19,178,international,EUIC 2022 Frankfurt,Germany,EU,2022,2022-04-22,standard_2022,0,305_2262
305,2523,Joshua Huggard,Great Britain,Arceus Lycanroc,20,30,international,EUIC 2022 Frankfurt,Germany,EU,2022,2022-04-22,standard_2022,0,305_2523
305,79,Piotr Orleański,Poland,Arceus,21,132,international,EUIC 2022 Frankfurt,Germany,EU,2022,2022-04-22,standard_2022,0,305_79
305,1635,Zachary Cooper,United States,Rapid Strike Urshifu Inteleon,22,164,international,EUIC 2022 Frankfurt,Germany,EU,2022,2022-04-22,standard_2022,0,305_1635
305,2482,Jelle van Kampen,Netherlands,Arceus,23,26,international,EUIC 2022 Frankfurt,Germany,EU,2022,2022-04-22,standard_2022,0,305_2482
305,167,Pablo Meza,Mexico,Arceus Inteleon,25,424,international,EUIC 2022 Frankfurt,Germany,EU,2022,2022-04-22,standard_2022,0,305_167
305,311,Elena Gómez,Spain,Fusion Mew,26,24,international,EUIC 2022 Frankfurt,Germany,EU,2022,2022-04-22,standard_2022,0,305_311
305,155,Connor Finton,United States,Shadow Rider Calyrex Whimsicott,27,368,international,EUIC 2022 Frankfurt,Germany,EU,2022,2022-04-22,standard_2022,0,305_155
305,92,Jake Mallender,Great Britain,Fusion Mew,28,71,international,EUIC 2022 Frankfurt,Germany,EU,2022,2022-04-22,standard_2022,0,305_92
305,364,Alex Schemanske,United States,Rapid Strike Urshifu Inteleon,29,602,international,EUIC 2022 Frankfurt,Germany,EU,2022,2022-04-22,standard_2022,0,305_364
305,672,Reiji Nishiguchi,Japan,Arceus Inteleon Beedrill,30,42,international,EUIC 2022 Frankfurt,Germany,EU,2022,2022-04-22,standard_2022,0,305_672
305,2862,Dominik Malicki,Poland,Fusion Mew,31,77,international,EUIC 2022 Frankfurt,Germany,EU,2022,2022-04-22,standard_2022,0,305_2862
305,2506,Arne Van Braeckel,Belgium,Arceus Beedrill,32,50,international,EUIC 2022 Frankfurt,Germany,EU,2022,2022-04-22,standard_2022,0,305_2506
305,3542,Luuk den Toom,Netherlands,Arceus Inteleon,33,9,international,EUIC 2022 Frankfurt,Germany,EU,2022,2022-04-22,standard_2022,0,305_3542
305,329,Daniel Lynch,United States,Whimsicott,35,235,international,EUIC 2022 Frankfurt,Germany,EU,2022,2022-04-22,standard_2022,0,305_329
305,2122,Gabriel Smart,United States,Fusion Mew,37,223,international,EUIC 2022 Frankfurt,Germany,EU,2022,2022-04-22,standard_2022,0,305_2122
305,57,Patrick Landis,Switzerland,Arceus Urshifu Malamar,38,104,international,EUIC 2022 Frankfurt,Germany,EU,2022,2022-04-22,standard_2022,0,305_57
305,64,Sander Wojcik,Netherlands,Umbreon Stall,39,312,international,EUIC 2022 Frankfurt,Germany,EU,2022,2022-04-22,standard_2022,0,305_64
305,665,Rasmus Moller,Denmark,Fusion Mew,40,43,international,EUIC 2022 Frankfurt,Germany,EU,2022,2022-04-22,standard_2022,0,305_665
305,1548,Bryan de Vries,Netherlands,Rapid Strike Urshifu Inteleon,41,275,international,EUIC 2022 Frankfurt,Germany,EU,2022,2022-04-22,standard_2022,0,305_1548
305,3546,Lucian Hargreaves,Great Britain,Fusion Mew,43,19,international,EUIC 2022 Frankfurt,Germany,EU,2022,2022-04-22,standard_2022,0,305_3546
305,3152,Jory Koot,Netherlands,Arceus Inteleon,44,52,international,EUIC 2022 Frankfurt,Germany,EU,2022,2022-04-22,standard_2022,0,305_3152
305,290,Goncalo Pereira,Portugal,Fusion Mew,45,75,international,EUIC 2022 Frankfurt,Germany,EU,2022,2022-04-22,standard_2022,0,305_290
305,3547,Gino Pili,Netherlands,Suicune Ludicolo Inteleon,46,14,international,EUIC 2022 Frankfurt,Germany,EU,2022,2022-04-22,standard_2022,0,305_3547
305,3548,Luke Doran,Great Britain,Arceus Inteleon,47,9,international,EUIC 2022 Frankfurt,Germany,EU,2022,2022-04-22,standard_2022,0,305_3548
305,32,Steffen Eriksen,Denmark,Umbreon Stall,48,66,international,EUIC 2022 Frankfurt,Germany,EU,2022,2022-04-22,standard_2022,0,305_32
305,3549,Stephen Chan,Great Britain,Arceus Malamar,49,15,international,EUIC 2022 Frankfurt,Germany,EU,2022,2022-04-22,standard_2022,0,305_3549
305,3550,Alec White,Great Britain,Arceus Dark Inteleon,50,25,international,EUIC 2022 Frankfurt,Germany,EU,2022,2022-04-22,standard_2022,0,305_3550
305,95,Seb Symonds,Great Britain,Malamar Inteleon,51,76,international,EUIC 2022 Frankfurt,Germany,EU,2022,2022-04-22,standard_2022,0,305_95
305,1035,Julius Brunfeldt,Finland,Fusion Mew,52,138,international,EUIC 2022 Frankfurt,Germany,EU,2022,2022-04-22,standard_2022,0,305_1035
305,13,Nico Alabas,Germany,Rapid Strike Urshifu Inteleon,54,284,international,EUIC 2022 Frankfurt,Germany,EU,2022,2022-04-22,standard_2022,0,305_13
305,321,Rahul Reddy,United States,Rapid Strike Urshifu Inteleon,55,550,international,EUIC 2022 Frankfurt,Germany,EU,2022,2022-04-22,standard_2022,0,305_321
305,1486,Paul Shail,Great Britain,Arceus Inteleon,56,29,international,EUIC 2022 Frankfurt,Germany,EU,2022,2022-04-22,standard_2022,0,305_1486
305,2899,Piper Lepine,United States,Arceus Malamar,57,156,international,EUIC 2022 Frankfurt,Germany,EU,2022,2022-04-22,standard_2022,0,305_2899
305,3551,Vinnie Schelfhaut,Belgium,Arceus Lycanroc,58,41,international,EUIC 2022 Frankfurt,Germany,EU,2022,2022-04-22,standard_2022,0,305_3551
305,553,Alex Wilson,United States,Arceus,59,46,international,EUIC 2022 Frankfurt,Germany,EU,2022,2022-04-22,standard_2022,0,305_553
305,3552,Travis Beckwith,United States,Arceus Inteleon,60,65,international,EUIC 2022 Frankfurt,Germany,EU,2022,2022-04-22,standard_2022,0,305_3552
305,3553,Tijn Wens,Netherlands,Fusion Mew,61,9,international,EUIC 2022 Frankfurt,Germany,EU,2022,2022-04-22,standard_2022,0,305_3553
305,3554,Dan Coyne,Great Britain,Fusion Mew,62,9,international,EUIC 2022 Frankfurt,Germany,EU,2022,2022-04-22,standard_2022,0,305_3554
305,2126,André Chiasson,Canada,Fusion Mew,63,104,international,EUIC 2022 Frankfurt,Germany,EU,2022,2022-04-22,standard_2022,0,305_2126
305,2471,Francesco Pasquale Caterino,Italy,Fusion Mew,64,103,international,EUIC 2022 Frankfurt,Germany,EU,2022,2022-04-22,standard_2022,0,305_2471
305,161,Kim Pobega,Italy,Fusion Mew,68,138,international,EUIC 2022 Frankfurt,Germany,EU,2022,2022-04-22,standard_2022,0,305_161
211,13,Nico Alabas,Germany,Mewtwo & Mew,1,284,international,OCIC 2020 Melbourne,Australia,AS-OC,2020,2020-02-21,standard_2020,1,211_13
211,196,Zach Lesage,Canada,Reshiram & Charizard Fire Box,2,387,international,OCIC 2020 Melbourne,Australia,AS-OC,2020,2020-02-21,standard_2020,1,211_196
211,2790,Tim Bartels,Germany,Obstagoon,3,73,international,OCIC 2020 Melbourne,Australia,AS-OC,2020,2020-02-21,standard_2020,1,211_2790
211,1023,James Williams,Australia,Cinccino Mill,4,81,international,OCIC 2020 Melbourne,Australia,AS-OC,2020,2020-02-21,standard_2020,1,211_1023
211,52,Bert Wolters,Netherlands,Zacian ADP,5,255,international,OCIC 2020 Melbourne,Australia,AS-OC,2020,2020-02-21,standard_2020,1,211_52
211,864,Ian Robb,United States,Zacian ADP,6,512,international,OCIC 2020 Melbourne,Australia,AS-OC,2020,2020-02-21,standard_2020,1,211_864
211,86,Tord Reklev,Norway,Mewtwo & Mew,7,832,international,OCIC 2020 Melbourne,Australia,AS-OC,2020,2020-02-21,standard_2020,1,211_86
211,1368,Natalie Millar,Australia,Zacian ADP,8,254,international,OCIC 2020 Melbourne,Australia,AS-OC,2020,2020-02-21,standard_2020,1,211_1368
211,645,Clifton Goh,Singapore,Zacian ADP,9,210,international,OCIC 2020 Melbourne,Australia,AS-OC,2020,2020-02-21,standard_2020,0,211_645
211,2791,Soma Arai,Japan,Magcargo Mill,10,27,international,OCIC 2020 Melbourne,Australia,AS-OC,2020,2020-02-21,standard_2020,0,211_2791
211,2652,Tan Yong Siang,Singapore,Blacephalon,11,63,international,OCIC 2020 Melbourne,Australia,AS-OC,2020,2020-02-21,standard_2020,0,211_2652
211,646,Andrew Tandianus,Australia,Zacian ADP,12,85,international,OCIC 2020 Melbourne,Australia,AS-OC,2020,2020-02-21,standard_2020,0,211_646
211,2792,Takuya Shomura,Japan,Zacian ADP,13,25,international,OCIC 2020 Melbourne,Australia,AS-OC,2020,2020-02-21,standard_2020,0,211_2792
211,334,Daniel Altavilla,United States,Malamar Giratina,14,637,international,OCIC 2020 Melbourne,Australia,AS-OC,2020,2020-02-21,standard_2020,0,211_334
211,868,Jon Eng,United States,Pikachu & Zekrom,15,492,international,OCIC 2020 Melbourne,Australia,AS-OC,2020,2020-02-21,standard_2020,0,211_868
211,2793,Man Tsung Wong,Hong Kong,Zacian ADP,16,15,international,OCIC 2020 Melbourne,Australia,AS-OC,2020,2020-02-21,standard_2020,0,211_2793
211,2794,Chienwei Yu,Taiwan,Zacian ADP,17,12,international,OCIC 2020 Melbourne,Australia,AS-OC,2020,2020-02-21,standard_2020,0,211_2794
211,2774,Pedro Pertusi,Brazil,Psychic Mewtwo & Mew,18,235,international,OCIC 2020 Melbourne,Australia,AS-OC,2020,2020-02-21,standard_2020,0,211_2774
211,1614,Yohei Takeda,Japan,Magcargo,19,22,international,OCIC 2020 Melbourne,Australia,AS-OC,2020,2020-02-21,standard_2020,0,211_1614
211,322,Grant Manley,United States,Malamar Giratina,20,535,international,OCIC 2020 Melbourne,Australia,AS-OC,2020,2020-02-21,standard_2020,0,211_322
211,2126,André Chiasson,Canada,Pikachu & Zekrom,21,104,international,OCIC 2020 Melbourne,Australia,AS-OC,2020,2020-02-21,standard_2020,0,211_2126
211,2795,Yuki Ishii,Taiwan,Zacian ADP,22,12,international,OCIC 2020 Melbourne,Australia,AS-OC,2020,2020-02-21,standard_2020,0,211_2795
211,2684,Peter Lo,Hong Kong,Zacian ADP,23,56,international,OCIC 2020 Melbourne,Australia,AS-OC,2020,2020-02-21,standard_2020,0,211_2684
211,1233,Colin Tang,Malaysia,Psychic Mewtwo & Mew,24,108,international,OCIC 2020 Melbourne,Australia,AS-OC,2020,2020-02-21,standard_2020,0,211_1233
211,1865,Logan Madden,Great Britain,Pikachu & Zekrom,25,66,international,OCIC 2020 Melbourne,Australia,AS-OC,2020,2020-02-21,standard_2020,0,211_1865
211,2694,Fung Tsz Ping,Singapore,Blacephalon,26,18,international,OCIC 2020 Melbourne,Australia,AS-OC,2020,2020-02-21,standard_2020,0,211_2694
211,1788,Christian Hasbani,Australia,Zacian ADP,27,147,international,OCIC 2020 Melbourne,Australia,AS-OC,2020,2020-02-21,standard_2020,0,211_1788
211,2150,Kenneth Tan,Singapore,Pikachu & Zekrom,29,15,international,OCIC 2020 Melbourne,Australia,AS-OC,2020,2020-02-21,standard_2020,0,211_2150
211,1437,Tadashi Maeda,Japan,Zacian ADP,30,26,international,OCIC 2020 Melbourne,Australia,AS-OC,2020,2020-02-21,standard_2020,0,211_1437
211,208,Otavio Gouveia,Brazil,Zacian ADP,31,256,international,OCIC 2020 Melbourne,Australia,AS-OC,2020,2020-02-21,standard_2020,0,211_208
211,4,Robin Schulz,Germany,Zacian ADP,32,427,international,OCIC 2020 Melbourne,Australia,AS-OC,2020,2020-02-21,standard_2020,0,211_4
211,962,Raz Wolpe,Israel,Zacian ADP,34,169,international,OCIC 2020 Melbourne,Australia,AS-OC,2020,2020-02-21,standard_2020,0,211_962
211,642,Corey Munro,Australia,Zacian ADP,35,37,international,OCIC 2020 Melbourne,Australia,AS-OC,2020,2020-02-21,standard_2020,0,211_642
211,2797,Ricki Madsen,Denmark,Zacian Lucario & Melmetal,38,9,international,OCIC 2020 Melbourne,Australia,AS-OC,2020,2020-02-21,standard_2020,0,211_2797
211,690,Will Jenkins,United States,Zacian ADP,39,150,international,OCIC 2020 Melbourne,Australia,AS-OC,2020,2020-02-21,standard_2020,0,211_690
211,2798,Koyo Taniguchi,Japan,Zacian ADP,40,9,international,OCIC 2020 Melbourne,Australia,AS-OC,2020,2020-02-21,standard_2020,0,211_2798
211,8,Mehdi Hafi,France,Mewtwo & Mew,41,221,international,OCIC 2020 Melbourne,Australia,AS-OC,2020,2020-02-21,standard_2020,0,211_8
211,2799,Sean Takemoto,Australia,Magcargo,42,9,international,OCIC 2020 Melbourne,Australia,AS-OC,2020,2020-02-21,standard_2020,0,211_2799
211,193,Louis Chi,New Zealand,Zacian ADP,43,62,international,OCIC 2020 Melbourne,Australia,AS-OC,2020,2020-02-21,standard_2020,0,211_193
211,1448,Akira Sato,Japan,Psychic Mewtwo & Mew,44,91,international,OCIC 2020 Melbourne,Australia,AS-OC,2020,2020-02-21,standard_2020,0,211_1448
211,2504,Brennan Kamerman,Netherlands,Blacephalon,45,141,international,OCIC 2020 Melbourne,Australia,AS-OC,2020,2020-02-21,standard_2020,0,211_2504
211,1188,Miloslav Posledni,Czech Republic,Zacian ADP,47,218,international,OCIC 2020 Melbourne,Australia,AS-OC,2020,2020-02-21,standard_2020,0,211_1188
211,204,Aaron Stringfellow,Australia,Cinccino Mill,48,27,international,OCIC 2020 Melbourne,Australia,AS-OC,2020,2020-02-21,standard_2020,0,211_204
211,2817,Ethan Lee,Malaysia,Zacian ADP,49,16,international,OCIC 2020 Melbourne,Australia,AS-OC,2020,2020-02-21,standard_2020,0,211_2817
211,137,Jordan Palmer,Australia,Zacian ADP,51,256,international,OCIC 2020 Melbourne,Australia,AS-OC,2020,2020-02-21,standard_2020,0,211_137
211,1105,Henry Brand,Australia,Ultimate Mewtwo & Mew,52,232,international,OCIC 2020 Melbourne,Australia,AS-OC,2020,2020-02-21,standard_2020,0,211_1105
211,19,Pedro Eugenio Torres,Spain,Zacian ADP,60,562,international,OCIC 2020 Melbourne,Australia,AS-OC,2020,2020-02-21,standard_2020,0,211_19
210,4,Robin Schulz,Germany,Reshiram & Charizard Fire Box,1,427,international,LAIC 2019–20 São Paulo,Brazil,SA,2019,2019-11-15,standard_2020,1,210_4
210,1548,Bryan de Vries,Netherlands,Mewtwo & Mew,2,275,international,LAIC 2019–20 São Paulo,Brazil,SA,2019,2019-11-15,standard_2020,1,210_1548
210,1759,Giovanni Peragallo,Chile,ADP Keldeo,3,87,international,LAIC 2019–20 São Paulo,Brazil,SA,2019,2019-11-15,standard_2020,1,210_1759
210,2595,Lucas Gusso,Brazil,Blacephalon Naganadel,4,30,international,LAIC 2019–20 São Paulo,Brazil,SA,2019,2019-11-15,standard_2020,1,210_2595
210,76,Ondřej Škubal,Czech Republic,Florges Dolls,5,252,international,LAIC 2019–20 São Paulo,Brazil,SA,2019,2019-11-15,standard_2020,1,210_76
210,165,Gustavo Wada,Brazil,Garchomp & Giratina,6,766,international,LAIC 2019–20 São Paulo,Brazil,SA,2019,2019-11-15,standard_2020,1,210_165
210,2596,Victor Vieira,Brazil,Green's ADP,7,22,international,LAIC 2019–20 São Paulo,Brazil,SA,2019,2019-11-15,standard_2020,1,210_2596
210,1088,Matthew Burris,Australia,Mewtwo & Mew,8,146,international,LAIC 2019–20 São Paulo,Brazil,SA,2019,2019-11-15,standard_2020,1,210_1088
210,97,Manuel Jorach,Austria,Blacephalon Pidgeotto,9,126,international,LAIC 2019–20 São Paulo,Brazil,SA,2019,2019-11-15,standard_2020,0,210_97
210,46,Alessandro Cremascoli,Italy,Pidgeotto Control,10,219,international,LAIC 2019–20 São Paulo,Brazil,SA,2019,2019-11-15,standard_2020,0,210_46
210,1738,Owyn Kamerman,Netherlands,Blacephalon Pidgeotto,11,228,international,LAIC 2019–20 São Paulo,Brazil,SA,2019,2019-11-15,standard_2020,0,210_1738
210,19,Pedro Eugenio Torres,Spain,ADP Keldeo,12,562,international,LAIC 2019–20 São Paulo,Brazil,SA,2019,2019-11-15,standard_2020,0,210_19
210,943,Claudio Ferla,Brazil,Gardevoir & Sylveon,13,84,international,LAIC 2019–20 São Paulo,Brazil,SA,2019,2019-11-15,standard_2020,0,210_943
210,315,Igor Costa,United States,Naganadel & Guzzlord,14,509,international,LAIC 2019–20 São Paulo,Brazil,SA,2019,2019-11-15,standard_2020,0,210_315
210,618,Eder Jarillo Soto,Mexico,Reshiram & Charizard Fire Box,15,120,international,LAIC 2019–20 São Paulo,Brazil,SA,2019,2019-11-15,standard_2020,0,210_618
210,224,Tommi Lahtela,Norway,Florges Dolls,16,43,international,LAIC 2019–20 São Paulo,Brazil,SA,2019,2019-11-15,standard_2020,0,210_224
210,209,Rafael Yuiti,Brazil,Mewtwo & Mew,17,97,international,LAIC 2019–20 São Paulo,Brazil,SA,2019,2019-11-15,standard_2020,0,210_209
210,87,Fabien Pujol,France,ADP Keldeo,20,310,international,LAIC 2019–20 São Paulo,Brazil,SA,2019,2019-11-15,standard_2020,0,210_87
210,2597,Joao Santos,Brazil,Blacephalon Naganadel,21,12,international,LAIC 2019–20 São Paulo,Brazil,SA,2019,2019-11-15,standard_2020,0,210_2597
210,150,Jimmy Pendarvis,United States,Naganadel & Guzzlord,22,610,international,LAIC 2019–20 São Paulo,Brazil,SA,2019,2019-11-15,standard_2020,0,210_150
210,1680,Daniel Abramovici,Brazil,Charizard & Braixen,23,12,international,LAIC 2019–20 São Paulo,Brazil,SA,2019,2019-11-15,standard_2020,0,210_1680
210,2598,Lucas Fabiano Maiola,Brazil,Mewtwo & Mew,24,12,international,LAIC 2019–20 São Paulo,Brazil,SA,2019,2019-11-15,standard_2020,0,210_2598
210,275,Dyego Rathje,Brazil,Malamar Giratina,25,98,international,LAIC 2019–20 São Paulo,Brazil,SA,2019,2019-11-15,standard_2020,0,210_275
210,138,Brent Tonisson,Australia,Mewtwo & Mew,26,449,international,LAIC 2019–20 São Paulo,Brazil,SA,2019,2019-11-15,standard_2020,0,210_138
210,1200,Patricia Gonzalez Walsh,Argentina,Pidgeotto Control,27,87,international,LAIC 2019–20 São Paulo,Brazil,SA,2019,2019-11-15,standard_2020,0,210_1200
210,284,Stéphane Ivanoff,France,Quagsire Silvally,28,528,international,LAIC 2019–20 São Paulo,Brazil,SA,2019,2019-11-15,standard_2020,0,210_284
210,321,Rahul Reddy,United States,Mewtwo & Mew,30,550,international,LAIC 2019–20 São Paulo,Brazil,SA,2019,2019-11-15,standard_2020,0,210_321
210,652,Pedro Giovannetti Marques Ricardo,Brazil,Blacephalon Pidgeotto,32,45,international,LAIC 2019–20 São Paulo,Brazil,SA,2019,2019-11-15,standard_2020,0,210_652
210,2471,Francesco Pasquale Caterino,Italy,ADP Keldeo,34,103,international,LAIC 2019–20 São Paulo,Brazil,SA,2019,2019-11-15,standard_2020,0,210_2471
210,2600,Rafael Santos,Brazil,Blacephalon Pidgeotto,35,19,international,LAIC 2019–20 São Paulo,Brazil,SA,2019,2019-11-15,standard_2020,0,210_2600
210,2601,Fabio Andrade,Brazil,ADP Keldeo,36,9,international,LAIC 2019–20 São Paulo,Brazil,SA,2019,2019-11-15,standard_2020,0,210_2601
210,1504,Renato Christian,Brazil,Malamar Giratina,37,49,international,LAIC 2019–20 São Paulo,Brazil,SA,2019,2019-11-15,standard_2020,0,210_1504
210,152,Gabriel Pino Semedo,Brazil,Mewtwo & Mew,38,130,international,LAIC 2019–20 São Paulo,Brazil,SA,2019,2019-11-15,standard_2020,0,210_152
210,262,Bruno Sermann,Brazil,Gardevoir & Sylveon,39,102,international,LAIC 2019–20 São Paulo,Brazil,SA,2019,2019-11-15,standard_2020,0,210_262
210,2602,Mateus Nathan Penido,Brazil,ADP Keldeo,40,9,international,LAIC 2019–20 São Paulo,Brazil,SA,2019,2019-11-15,standard_2020,0,210_2602
210,2456,James Cox,Australia,Mewtwo & Mew,41,108,international,LAIC 2019–20 São Paulo,Brazil,SA,2019,2019-11-15,standard_2020,0,210_2456
210,2140,Vinicius Moschen,Brazil,Green's ADP,42,24,international,LAIC 2019–20 São Paulo,Brazil,SA,2019,2019-11-15,standard_2020,0,210_2140
210,2603,Fabian Huerta,Chile,Pikachu & Zekrom,43,9,international,LAIC 2019–20 São Paulo,Brazil,SA,2019,2019-11-15,standard_2020,0,210_2603
210,2604,Romulo Vianna Zappelli de Oliveira,Brazil,ADP Keldeo,44,14,international,LAIC 2019–20 São Paulo,Brazil,SA,2019,2019-11-15,standard_2020,0,210_2604
210,2605,Tiago Marins,Brazil,ADP Keldeo,45,9,international,LAIC 2019–20 São Paulo,Brazil,SA,2019,2019-11-15,standard_2020,0,210_2605
210,2606,Giovani Rossato,Brazil,Mewtwo & Mew Fire Box,48,9,international,LAIC 2019–20 São Paulo,Brazil,SA,2019,2019-11-15,standard_2020,0,210_2606
210,649,William Azevedo,Brazil,Green's ADP,50,299,international,LAIC 2019–20 São Paulo,Brazil,SA,2019,2019-11-15,standard_2020,0,210_649
210,2336,Jimmy Marcus Munk,Denmark,ADP Keldeo,52,33,international,LAIC 2019–20 São Paulo,Brazil,SA,2019,2019-11-15,standard_2020,0,210_2336
210,2607,Samuel Alves,Brazil,ADP Keldeo,53,9,international,LAIC 2019–20 São Paulo,Brazil,SA,2019,2019-11-15,standard_2020,0,210_2607
210,1268,Vinicius Lopes,Brazil,ADP Keldeo,54,71,international,LAIC 2019–20 São Paulo,Brazil,SA,2019,2019-11-15,standard_2020,0,210_1268
210,2608,Guilherme da Mata Pinho,Brazil,Green's ADP,55,9,international,LAIC 2019–20 São Paulo,Brazil,SA,2019,2019-11-15,standard_2020,0,210_2608
210,2063,Lucas Freitas,Brazil,Quagsire Naganadel,57,9,international,LAIC 2019–20 São Paulo,Brazil,SA,2019,2019-11-15,standard_2020,0,210_2063
210,1368,Natalie Millar,Australia,Mewtwo & Mew,58,254,international,LAIC 2019–20 São Paulo,Brazil,SA,2019,2019-11-15,standard_2020,0,210_1368
210,8,Mehdi Hafi,France,Reshiram & Charizard Fire Box,59,221,international,LAIC 2019–20 São Paulo,Brazil,SA,2019,2019-11-15,standard_2020,0,210_8
210,2482,Jelle van Kampen,Netherlands,ADP Keldeo,60,26,international,LAIC 2019–20 São Paulo,Brazil,SA,2019,2019-11-15,standard_2020,0,210_2482
210,2610,Rodrigo Nunez,Argentina,Pikachu & Zekrom,61,9,international,LAIC 2019–20 São Paulo,Brazil,SA,2019,2019-11-15,standard_2020,0,210_2610
210,214,Antonio Jardim,Brazil,Pidgeotto Control,62,54,international,LAIC 2019–20 São Paulo,Brazil,SA,2019,2019-11-15,standard_2020,0,210_214
210,364,Alex Schemanske,United States,Reshiram & Charizard Fire Box,63,602,international,LAIC 2019–20 São Paulo,Brazil,SA,2019,2019-11-15,standard_2020,0,210_364
210,2611,Maximiliano Lofredo,Argentina,ADP Keldeo,64,9,international,LAIC 2019–20 São Paulo,Brazil,SA,2019,2019-11-15,standard_2020,0,210_2611
210,1298,Jose Tomas Pablo Orellana Verdugo,Chile,Mewtwo & Mew,65,14,international,LAIC 2019–20 São Paulo,Brazil,SA,2019,2019-11-15,standard_2020,0,210_1298
210,2612,Joao Vidal,Brazil,Green's ADP,67,6,international,LAIC 2019–20 São Paulo,Brazil,SA,2019,2019-11-15,standard_2020,0,210_2612
210,2373,Gustavo Pastorín Rojas,Chile,Gardevoir & Sylveon,69,22,international,LAIC 2019–20 São Paulo,Brazil,SA,2019,2019-11-15,standard_2020,0,210_2373
210,2615,Pedro Provenzi,Brazil,Florges Dolls,72,6,international,LAIC 2019–20 São Paulo,Brazil,SA,2019,2019-11-15,standard_2020,0,210_2615
210,2616,Andre Pimenta,Brazil,Charizard,73,6,international,LAIC 2019–20 São Paulo,Brazil,SA,2019,2019-11-15,standard_2020,0,210_2616
210,2617,Diego Falcao,Brazil,Reshiram & Charizard Fire Box,75,6,international,LAIC 2019–20 São Paulo,Brazil,SA,2019,2019-11-15,standard_2020,0,210_2617
210,441,Darin O'Meara,United States,Pidgeotto Control,79,135,international,LAIC 2019–20 São Paulo,Brazil,SA,2019,2019-11-15,standard_2020,0,210_441
210,654,Vinicius Augusto Gomes,Brazil,Mewtwo & Mew,80,32,international,LAIC 2019–20 São Paulo,Brazil,SA,2019,2019-11-15,standard_2020,0,210_654
210,1720,Jorge Recabal,Chile,Blacephalon Silvally,81,21,international,LAIC 2019–20 São Paulo,Brazil,SA,2019,2019-11-15,standard_2020,0,210_1720
210,2619,Rodrigo Ciulla,Brazil,Mewtwo & Mew,83,23,international,LAIC 2019–20 São Paulo,Brazil,SA,2019,2019-11-15,standard_2020,0,210_2619
210,2308,Andre Porto,Brazil,Green's ADP,85,16,international,LAIC 2019–20 São Paulo,Brazil,SA,2019,2019-11-15,standard_2020,0,210_2308
210,2620,Mauricio Santana Luz,Brazil,Quagsire Naganadel,86,6,international,LAIC 2019–20 São Paulo,Brazil,SA,2019,2019-11-15,standard_2020,0,210_2620
165,284,Stéphane Ivanoff,France,Zoroark Dewgong,1,528,international,NAIC 2019 Columbus,United States,Desconocido,2019,2019-06-21,standard_2019,1,165_284
165,1114,Emery Taylor,United States,Pikachu & Zekrom,2,74,international,NAIC 2019 Columbus,United States,Desconocido,2019,2019-06-21,standard_2019,1,165_1114
165,2384,Nathaniel Kaplan,United States,Blacephalon,3,95,international,NAIC 2019 Columbus,United States,Desconocido,2019,2019-06-21,standard_2019,1,165_2384
165,230,Diego Cassiraga,Argentina,Pikachu & Zekrom Zapdos,4,317,international,NAIC 2019 Columbus,United States,Desconocido,2019,2019-06-21,standard_2019,1,165_230
165,59,Martin Janous,Czech Republic,Ultra Malamar ,5,214,international,NAIC 2019 Columbus,United States,Desconocido,2019,2019-06-21,standard_2019,1,165_59
165,2262,Magnus Pedersen,Denmark,Zapdos,6,178,international,NAIC 2019 Columbus,United States,Desconocido,2019,2019-06-21,standard_2019,1,165_2262
165,1858,Preston Ellis,United States,Lucario & Melmetal Vileplume,7,120,international,NAIC 2019 Columbus,United States,Desconocido,2019,2019-06-21,standard_2019,1,165_1858
165,849,Hunter Butler,United States,Spiritomb Stunfisk,8,176,international,NAIC 2019 Columbus,United States,Desconocido,2019,2019-06-21,standard_2019,1,165_849
165,52,Bert Wolters,Netherlands,Green's Reshiram & Charizard,9,255,international,NAIC 2019 Columbus,United States,Desconocido,2019,2019-06-21,standard_2019,0,165_52
165,322,Grant Manley,United States,Pikachu & Zekrom,10,535,international,NAIC 2019 Columbus,United States,Desconocido,2019,2019-06-21,standard_2019,0,165_322
165,76,Ondřej Škubal,Czech Republic,Spiritomb Umbreon,11,252,international,NAIC 2019 Columbus,United States,Desconocido,2019,2019-06-21,standard_2019,0,165_76
165,449,Noah Sawyer,United States,Malamar Giratina,12,166,international,NAIC 2019 Columbus,United States,Desconocido,2019,2019-06-21,standard_2019,0,165_449
165,138,Brent Tonisson,Australia,Zoroark Dewgong,13,449,international,NAIC 2019 Columbus,United States,Desconocido,2019,2019-06-21,standard_2019,0,165_138
165,2401,Vance Kelley,United States,Regigigas Hoopa,15,131,international,NAIC 2019 Columbus,United States,Desconocido,2019,2019-06-21,standard_2019,0,165_2401
165,19,Pedro Eugenio Torres,Spain,Zoroark Persian,16,562,international,NAIC 2019 Columbus,United States,Desconocido,2019,2019-06-21,standard_2019,0,165_19
165,33,Philipp Leciejewski,Germany,Pikachu & Zekrom Zapdos,17,132,international,NAIC 2019 Columbus,United States,Desconocido,2019,2019-06-21,standard_2019,0,165_33
165,868,Jon Eng,United States,Blacephalon,18,492,international,NAIC 2019 Columbus,United States,Desconocido,2019,2019-06-21,standard_2019,0,165_868
165,208,Otavio Gouveia,Brazil,Reshiram & Charizard,19,256,international,NAIC 2019 Columbus,United States,Desconocido,2019,2019-06-21,standard_2019,0,165_208
165,2402,Tom Weiner,United States,Blacephalon Naganadel,21,15,international,NAIC 2019 Columbus,United States,Desconocido,2019,2019-06-21,standard_2019,0,165_2402
165,46,Alessandro Cremascoli,Italy,Regigigas Hoopa,22,219,international,NAIC 2019 Columbus,United States,Desconocido,2019,2019-06-21,standard_2019,0,165_46
165,132,Drew Kennett,United States,Blissey,25,264,international,NAIC 2019 Columbus,United States,Desconocido,2019,2019-06-21,standard_2019,0,165_132
165,1639,Matthew Reenalda,United States,Reshiram & Charizard,26,25,international,NAIC 2019 Columbus,United States,Desconocido,2019,2019-06-21,standard_2019,0,165_1639
165,329,Daniel Lynch,United States,Gardevoir Ninetales,32,235,international,NAIC 2019 Columbus,United States,Desconocido,2019,2019-06-21,standard_2019,0,165_329
165,1919,Kevin Tran,United States,Regigigas Hoopa,33,42,international,NAIC 2019 Columbus,United States,Desconocido,2019,2019-06-21,standard_2019,0,165_1919
165,424,Aaron Tarbell,United States,Reshiram & Charizard Arcanine,36,288,international,NAIC 2019 Columbus,United States,Desconocido,2019,2019-06-21,standard_2019,0,165_424
165,47,Steven Mao,Germany,Pikachu & Zekrom Zapdos,37,209,international,NAIC 2019 Columbus,United States,Desconocido,2019,2019-06-21,standard_2019,0,165_47
165,807,Andrew Martin,United States,Quagsire Naganadel,38,103,international,NAIC 2019 Columbus,United States,Desconocido,2019,2019-06-21,standard_2019,0,165_807
165,1052,Ricky Gao,Canada,Pikachu & Zekrom,48,34,international,NAIC 2019 Columbus,United States,Desconocido,2019,2019-06-21,standard_2019,0,165_1052
165,900,Dennis Peroff,Canada,Zapdos,49,94,international,NAIC 2019 Columbus,United States,Desconocido,2019,2019-06-21,standard_2019,0,165_900
165,579,Charlie Lockyer,United States,Duoblade,50,158,international,NAIC 2019 Columbus,United States,Desconocido,2019,2019-06-21,standard_2019,0,165_579
165,2408,Charles Collier,United States,Pikachu & Zekrom,57,12,international,NAIC 2019 Columbus,United States,Desconocido,2019,2019-06-21,standard_2019,0,165_2408
165,2047,Kendon Kula,United States,Zoroark,58,39,international,NAIC 2019 Columbus,United States,Desconocido,2019,2019-06-21,standard_2019,0,165_2047
165,472,Byron Isaiah Williams,United States,Pikachu & Zekrom,59,359,international,NAIC 2019 Columbus,United States,Desconocido,2019,2019-06-21,standard_2019,0,165_472
165,567,Justin Kulas,United States,Pikachu & Zekrom,63,194,international,NAIC 2019 Columbus,United States,Desconocido,2019,2019-06-21,standard_2019,0,165_567
165,4,Robin Schulz,Germany,Zoroark Persian,65,427,international,NAIC 2019 Columbus,United States,Desconocido,2019,2019-06-21,standard_2019,0,165_4
165,2409,Ryan Simons,United States,Regigigas Hoopa,67,25,international,NAIC 2019 Columbus,United States,Desconocido,2019,2019-06-21,standard_2019,0,165_2409
165,153,Azul Garcia Griego,United States,Pikachu & Zekrom,68,943,international,NAIC 2019 Columbus,United States,Desconocido,2019,2019-06-21,standard_2019,0,165_153
165,953,Cameron Shenoy,United States,Pikachu & Zekrom,71,101,international,NAIC 2019 Columbus,United States,Desconocido,2019,2019-06-21,standard_2019,0,165_953
165,2410,Aneil Saini,Canada,Zoroark Lucario Slowking,72,44,international,NAIC 2019 Columbus,United States,Desconocido,2019,2019-06-21,standard_2019,0,165_2410
165,1368,Natalie Millar,Australia,Zoroark Dewgong,79,254,international,NAIC 2019 Columbus,United States,Desconocido,2019,2019-06-21,standard_2019,0,165_1368
165,2413,Tristen Pence,United States,Shedinja Control,80,8,international,NAIC 2019 Columbus,United States,Desconocido,2019,2019-06-21,standard_2019,0,165_2413
165,1636,Ahmad Akhrass,United States,Pikachu & Zekrom,81,33,international,NAIC 2019 Columbus,United States,Desconocido,2019,2019-06-21,standard_2019,0,165_1636
165,149,Jose Marrero,United States,Zoroark Silvally,83,359,international,NAIC 2019 Columbus,United States,Desconocido,2019,2019-06-21,standard_2019,0,165_149
165,773,Brendan Dixon,United States,Zoroark Silvally,86,65,international,NAIC 2019 Columbus,United States,Desconocido,2019,2019-06-21,standard_2019,0,165_773
165,2415,William Courcy,Canada,Blacephalon Naganadel,88,16,international,NAIC 2019 Columbus,United States,Desconocido,2019,2019-06-21,standard_2019,0,165_2415
165,2418,Ryan D'Silva,United States,Zoroark Silvally,91,8,international,NAIC 2019 Columbus,United States,Desconocido,2019,2019-06-21,standard_2019,0,165_2418
165,13,Nico Alabas,Germany,Zoroark Persian,96,284,international,NAIC 2019 Columbus,United States,Desconocido,2019,2019-06-21,standard_2019,0,165_13
165,2421,Gregory Playter,United States,Zapdos,99,30,international,NAIC 2019 Columbus,United States,Desconocido,2019,2019-06-21,standard_2019,0,165_2421
165,334,Daniel Altavilla,United States,Pikachu & Zekrom,108,637,international,NAIC 2019 Columbus,United States,Desconocido,2019,2019-06-21,standard_2019,0,165_334
165,2428,Paden Richard,United States,Granbull,110,8,international,NAIC 2019 Columbus,United States,Desconocido,2019,2019-06-21,standard_2019,0,165_2428
164,165,Gustavo Wada,Brazil,Pikachu & Zekrom Zapdos,1,766,international,EUIC 2019 Berlin,Germany,EU,2019,2019-04-26,standard_2019,1,164_165
164,33,Philipp Leciejewski,Germany,Pikachu & Zekrom,2,132,international,EUIC 2019 Berlin,Germany,EU,2019,2019-04-26,standard_2019,1,164_33
164,256,Alex Silva,Brazil,Zoroark Lycanroc,3,168,international,EUIC 2019 Berlin,Germany,EU,2019,2019-04-26,standard_2019,1,164_256
164,76,Ondřej Škubal,Czech Republic,Zapdos,4,252,international,EUIC 2019 Berlin,Germany,EU,2019,2019-04-26,standard_2019,1,164_76
164,138,Brent Tonisson,Australia,Zoroark Lycanroc,5,449,international,EUIC 2019 Berlin,Germany,EU,2019,2019-04-26,standard_2019,1,164_138
164,2238,Arjan Nagel,Netherlands,Zoroark Lycanroc Lucario,6,50,international,EUIC 2019 Berlin,Germany,EU,2019,2019-04-26,standard_2019,1,164_2238
164,17,Philip Schulz,Germany,Pikachu & Zekrom,7,321,international,EUIC 2019 Berlin,Germany,EU,2019,2019-04-26,standard_2019,1,164_17
164,321,Rahul Reddy,United States,Pikachu & Zekrom Zapdos,8,550,international,EUIC 2019 Berlin,Germany,EU,2019,2019-04-26,standard_2019,1,164_321
164,26,Sen Caubergh,Belgium,Zapdos,9,144,international,EUIC 2019 Berlin,Germany,EU,2019,2019-04-26,standard_2019,0,164_26
164,202,Kaiwen Cabbabe,Australia,Koko Spread,10,235,international,EUIC 2019 Berlin,Germany,EU,2019,2019-04-26,standard_2019,0,164_202
164,47,Steven Mao,Germany,Zoroark Lycanroc Lucario,12,209,international,EUIC 2019 Berlin,Germany,EU,2019,2019-04-26,standard_2019,0,164_47
164,86,Tord Reklev,Norway,Pikachu & Zekrom Zapdos,14,832,international,EUIC 2019 Berlin,Germany,EU,2019,2019-04-26,standard_2019,0,164_86
164,1548,Bryan de Vries,Netherlands,Zapdos Jolteon,15,275,international,EUIC 2019 Berlin,Germany,EU,2019,2019-04-26,standard_2019,0,164_1548
164,2239,Mike de Goed,Netherlands,Naganadel Buzzwole Stakataka,16,27,international,EUIC 2019 Berlin,Germany,EU,2019,2019-04-26,standard_2019,0,164_2239
164,1788,Christian Hasbani,Australia,Zapdos Lycanroc,17,147,international,EUIC 2019 Berlin,Germany,EU,2019,2019-04-26,standard_2019,0,164_1788
164,855,Simon Humphrey,Great Britain,Quagsire Naganadel,19,33,international,EUIC 2019 Berlin,Germany,EU,2019,2019-04-26,standard_2019,0,164_855
164,153,Azul Garcia Griego,United States,Pikachu & Zekrom Zapdos,20,943,international,EUIC 2019 Berlin,Germany,EU,2019,2019-04-26,standard_2019,0,164_153
164,334,Daniel Altavilla,United States,Pikachu & Zekrom Zapdos,21,637,international,EUIC 2019 Berlin,Germany,EU,2019,2019-04-26,standard_2019,0,164_334
164,698,Michael Bergerac,United States,Pikachu & Zekrom,23,155,international,EUIC 2019 Berlin,Germany,EU,2019,2019-04-26,standard_2019,0,164_698
164,155,Connor Finton,United States,Zapdos,24,368,international,EUIC 2019 Berlin,Germany,EU,2019,2019-04-26,standard_2019,0,164_155
164,1037,Phong Nguyen,Czech Republic,Zapdos,25,55,international,EUIC 2019 Berlin,Germany,EU,2019,2019-04-26,standard_2019,0,164_1037
164,2010,Joshua Vanoverschelde,Belgium,Zapdos Lucario,26,90,international,EUIC 2019 Berlin,Germany,EU,2019,2019-04-26,standard_2019,0,164_2010
164,150,Jimmy Pendarvis,United States,Pikachu & Zekrom Zapdos,27,610,international,EUIC 2019 Berlin,Germany,EU,2019,2019-04-26,standard_2019,0,164_150
164,50,Cristian Sarnataro,Italy,Zapdos,28,83,international,EUIC 2019 Berlin,Germany,EU,2019,2019-04-26,standard_2019,0,164_50
164,59,Martin Janous,Czech Republic,Ultra Malamar ,29,214,international,EUIC 2019 Berlin,Germany,EU,2019,2019-04-26,standard_2019,0,164_59
164,1035,Julius Brunfeldt,Finland,Zapdos,33,138,international,EUIC 2019 Berlin,Germany,EU,2019,2019-04-26,standard_2019,0,164_1035
164,149,Jose Marrero,United States,Rayquaza Vikavolt,34,359,international,EUIC 2019 Berlin,Germany,EU,2019,2019-04-26,standard_2019,0,164_149
164,82,Andreas Dombrowski,Germany,Pikachu & Zekrom,35,28,international,EUIC 2019 Berlin,Germany,EU,2019,2019-04-26,standard_2019,0,164_82
164,161,Kim Pobega,Italy,Zapdos,36,138,international,EUIC 2019 Berlin,Germany,EU,2019,2019-04-26,standard_2019,0,164_161
164,125,Michael Pramawat,United States,Pikachu & Zekrom Zapdos,37,602,international,EUIC 2019 Berlin,Germany,EU,2019,2019-04-26,standard_2019,0,164_125
164,175,Xander Pero,United States,Pikachu & Zekrom Zapdos,38,417,international,EUIC 2019 Berlin,Germany,EU,2019,2019-04-26,standard_2019,0,164_175
164,472,Byron Isaiah Williams,United States,Pikachu & Zekrom Zapdos,39,359,international,EUIC 2019 Berlin,Germany,EU,2019,2019-04-26,standard_2019,0,164_472
164,1857,Yosefi Gad,Israel,Blacephalon Naganadel,40,27,international,EUIC 2019 Berlin,Germany,EU,2019,2019-04-26,standard_2019,0,164_1857
164,868,Jon Eng,United States,Pikachu & Zekrom Zapdos,42,492,international,EUIC 2019 Berlin,Germany,EU,2019,2019-04-26,standard_2019,0,164_868
164,335,Michael Catron,United States,Rayquaza Vikavolt,43,233,international,EUIC 2019 Berlin,Germany,EU,2019,2019-04-26,standard_2019,0,164_335
164,2241,Jamin Kauf,Germany,Pikachu & Zekrom Zapdos,44,18,international,EUIC 2019 Berlin,Germany,EU,2019,2019-04-26,standard_2019,0,164_2241
164,970,Lyder Iversen,Norway,Zoroark Lycanroc,46,52,international,EUIC 2019 Berlin,Germany,EU,2019,2019-04-26,standard_2019,0,164_970
164,163,Bartosz Bialik,Poland,Zapdos,47,36,international,EUIC 2019 Berlin,Germany,EU,2019,2019-04-26,standard_2019,0,164_163
164,169,Takuya Yoneda,Japan,Buzzwole Weavile,48,216,international,EUIC 2019 Berlin,Germany,EU,2019,2019-04-26,standard_2019,0,164_169
164,2242,Max Schlehaider,Germany,Pikachu & Zekrom,49,30,international,EUIC 2019 Berlin,Germany,EU,2019,2019-04-26,standard_2019,0,164_2242
164,2243,Santiago Fernandez Mesquida,Spain,Ultra Malamar ,52,16,international,EUIC 2019 Berlin,Germany,EU,2019,2019-04-26,standard_2019,0,164_2243
164,2244,Jason Young,Great Britain,Zapdos,53,12,international,EUIC 2019 Berlin,Germany,EU,2019,2019-04-26,standard_2019,0,164_2244
164,96,Adrian Kastelik,Poland,Blacephalon Naganadel,54,36,international,EUIC 2019 Berlin,Germany,EU,2019,2019-04-26,standard_2019,0,164_96
164,2245,Angelo Falchi,Italy,Celebi & Venusaur,55,34,international,EUIC 2019 Berlin,Germany,EU,2019,2019-04-26,standard_2019,0,164_2245
164,284,Stéphane Ivanoff,France,Zapdos Jolteon,56,528,international,EUIC 2019 Berlin,Germany,EU,2019,2019-04-26,standard_2019,0,164_284
164,2012,Oscar Rivas Perez,Spain,Zapdos,58,54,international,EUIC 2019 Berlin,Germany,EU,2019,2019-04-26,standard_2019,0,164_2012
164,1023,James Williams,Australia,Zapdos,59,81,international,EUIC 2019 Berlin,Germany,EU,2019,2019-04-26,standard_2019,0,164_1023
164,19,Pedro Eugenio Torres,Spain,Shedinja Control,60,562,international,EUIC 2019 Berlin,Germany,EU,2019,2019-04-26,standard_2019,0,164_19
164,1480,Gavin Irving,Great Britain,Zapdos Jolteon,61,43,international,EUIC 2019 Berlin,Germany,EU,2019,2019-04-26,standard_2019,0,164_1480
164,2,Karl Blake,Great Britain,Ultra Malamar ,62,91,international,EUIC 2019 Berlin,Germany,EU,2019,2019-04-26,standard_2019,0,164_2
164,2246,Joe Montalbano,United States,Zapdos Jolteon,63,12,international,EUIC 2019 Berlin,Germany,EU,2019,2019-04-26,standard_2019,0,164_2246
164,12,Adam Hawkins,Great Britain,Zapdos,64,241,international,EUIC 2019 Berlin,Germany,EU,2019,2019-04-26,standard_2019,0,164_12
164,1735,Gabor Van Meenen,Germany,Pikachu & Zekrom,65,101,international,EUIC 2019 Berlin,Germany,EU,2019,2019-04-26,standard_2019,0,164_1735
164,97,Manuel Jorach,Austria,Blacephalon Naganadel,66,126,international,EUIC 2019 Berlin,Germany,EU,2019,2019-04-26,standard_2019,0,164_97
164,645,Clifton Goh,Singapore,Koko Spread,67,210,international,EUIC 2019 Berlin,Germany,EU,2019,2019-04-26,standard_2019,0,164_645
164,208,Otavio Gouveia,Brazil,Pikachu & Zekrom,70,256,international,EUIC 2019 Berlin,Germany,EU,2019,2019-04-26,standard_2019,0,164_208
164,2248,Luke Negus,Great Britain,Zapdos Jolteon,71,13,international,EUIC 2019 Berlin,Germany,EU,2019,2019-04-26,standard_2019,0,164_2248
164,861,Patrik Holler,Czech Republic,Pikachu & Zekrom Zapdos,72,41,international,EUIC 2019 Berlin,Germany,EU,2019,2019-04-26,standard_2019,0,164_861
164,2249,Artur Lasota,Poland,Pikachu & Zekrom Zapdos,73,15,international,EUIC 2019 Berlin,Germany,EU,2019,2019-04-26,standard_2019,0,164_2249
164,2250,Sergi Morillas Capella,Spain,Zapdos,74,16,international,EUIC 2019 Berlin,Germany,EU,2019,2019-04-26,standard_2019,0,164_2250
164,2251,Nick Bradshaw,Canada,Pikachu & Zekrom,75,8,international,EUIC 2019 Berlin,Germany,EU,2019,2019-04-26,standard_2019,0,164_2251
164,2252,Riccardo Maganza,Italy,Pikachu & Zekrom,76,63,international,EUIC 2019 Berlin,Germany,EU,2019,2019-04-26,standard_2019,0,164_2252
164,2254,Phillip de Sousa,Great Britain,Regigigas Hoopa,78,28,international,EUIC 2019 Berlin,Germany,EU,2019,2019-04-26,standard_2019,0,164_2254
164,1254,James Bee,Great Britain,Zoroark Lycanroc,80,23,international,EUIC 2019 Berlin,Germany,EU,2019,2019-04-26,standard_2019,0,164_1254
164,107,Mikael Jacobs,Norway,Ultra Malamar ,81,50,international,EUIC 2019 Berlin,Germany,EU,2019,2019-04-26,standard_2019,0,164_107
164,2256,Jens Arne Mækinen,Norway,Shedinja Control,83,30,international,EUIC 2019 Berlin,Germany,EU,2019,2019-04-26,standard_2019,0,164_2256
164,2259,Marcus Fletcher,Great Britain,Pikachu & Zekrom,86,8,international,EUIC 2019 Berlin,Germany,EU,2019,2019-04-26,standard_2019,0,164_2259
164,2260,Andrew Kopulety,Czech Republic,Rayquaza Vikavolt,87,8,international,EUIC 2019 Berlin,Germany,EU,2019,2019-04-26,standard_2019,0,164_2260
164,2261,Alfred Kristensen,Denmark,Regigigas Hoopa,88,24,international,EUIC 2019 Berlin,Germany,EU,2019,2019-04-26,standard_2019,0,164_2261
150,472,Byron Isaiah Williams,United States,Zapdos,1,359,international,OCIC 2019 Melbourne,Australia,AS-OC,2019,2019-02-15,standard_2019,1,150_472
150,284,Stéphane Ivanoff,France,Zoroark Lycanroc Lucario,2,528,international,OCIC 2019 Melbourne,Australia,AS-OC,2019,2019-02-15,standard_2019,1,150_284
150,202,Kaiwen Cabbabe,Australia,Pikachu & Zekrom Zapdos,3,235,international,OCIC 2019 Melbourne,Australia,AS-OC,2019,2019-02-15,standard_2019,1,150_202
150,149,Jose Marrero,United States,Pikachu & Zekrom,4,359,international,OCIC 2019 Melbourne,Australia,AS-OC,2019,2019-02-15,standard_2019,1,150_149
150,52,Bert Wolters,Netherlands,Zapdos,5,255,international,OCIC 2019 Melbourne,Australia,AS-OC,2019,2019-02-15,standard_2019,1,150_52
150,254,Lucas Henrique de Araujo Pereira,Brazil,Pikachu & Zekrom Zapdos,6,176,international,OCIC 2019 Melbourne,Australia,AS-OC,2019,2019-02-15,standard_2019,1,150_254
150,1105,Henry Brand,Australia,Zoroark Lycanroc,7,232,international,OCIC 2019 Melbourne,Australia,AS-OC,2019,2019-02-15,standard_2019,1,150_1105
150,334,Daniel Altavilla,United States,Zapdos,8,637,international,OCIC 2019 Melbourne,Australia,AS-OC,2019,2019-02-15,standard_2019,1,150_334
150,1788,Christian Hasbani,Australia,Ultra Malamar ,9,147,international,OCIC 2019 Melbourne,Australia,AS-OC,2019,2019-02-15,standard_2019,0,150_1788
150,4,Robin Schulz,Germany,Zapdos,10,427,international,OCIC 2019 Melbourne,Australia,AS-OC,2019,2019-02-15,standard_2019,0,150_4
150,153,Azul Garcia Griego,United States,Zapdos,11,943,international,OCIC 2019 Melbourne,Australia,AS-OC,2019,2019-02-15,standard_2019,0,150_153
150,321,Rahul Reddy,United States,Pikachu & Zekrom Zapdos,12,550,international,OCIC 2019 Melbourne,Australia,AS-OC,2019,2019-02-15,standard_2019,0,150_321
150,203,Sam Chen,United States,Pikachu & Zekrom Zapdos,13,411,international,OCIC 2019 Melbourne,Australia,AS-OC,2019,2019-02-15,standard_2019,0,150_203
150,108,Karl Peters,Germany,Zapdos Lycanroc,14,173,international,OCIC 2019 Melbourne,Australia,AS-OC,2019,2019-02-15,standard_2019,0,150_108
150,137,Jordan Palmer,Australia,Ultra Malamar ,15,256,international,OCIC 2019 Melbourne,Australia,AS-OC,2019,2019-02-15,standard_2019,0,150_137
150,646,Andrew Tandianus,Australia,Ultra Malamar ,16,85,international,OCIC 2019 Melbourne,Australia,AS-OC,2019,2019-02-15,standard_2019,0,150_646
150,1548,Bryan de Vries,Netherlands,Zapdos,18,275,international,OCIC 2019 Melbourne,Australia,AS-OC,2019,2019-02-15,standard_2019,0,150_1548
150,208,Otavio Gouveia,Brazil,Ultra Malamar ,19,256,international,OCIC 2019 Melbourne,Australia,AS-OC,2019,2019-02-15,standard_2019,0,150_208
150,256,Alex Silva,Brazil,Ultra Malamar ,20,168,international,OCIC 2019 Melbourne,Australia,AS-OC,2019,2019-02-15,standard_2019,0,150_256
150,441,Darin O'Meara,United States,Psychic Malamar,21,135,international,OCIC 2019 Melbourne,Australia,AS-OC,2019,2019-02-15,standard_2019,0,150_441
150,19,Pedro Eugenio Torres,Spain,Pikachu & Zekrom Zapdos,22,562,international,OCIC 2019 Melbourne,Australia,AS-OC,2019,2019-02-15,standard_2019,0,150_19
150,1935,Max Prescott,Australia,Zoroark Lycanroc,23,24,international,OCIC 2019 Melbourne,Australia,AS-OC,2019,2019-02-15,standard_2019,0,150_1935
150,1858,Preston Ellis,United States,Zoroark Lycanroc,24,120,international,OCIC 2019 Melbourne,Australia,AS-OC,2019,2019-02-15,standard_2019,0,150_1858
150,1023,James Williams,Australia,Pikachu & Zekrom,25,81,international,OCIC 2019 Melbourne,Australia,AS-OC,2019,2019-02-15,standard_2019,0,150_1023
150,145,Nicolas Galaz,Chile,Pikachu & Zekrom Zapdos,26,254,international,OCIC 2019 Melbourne,Australia,AS-OC,2019,2019-02-15,standard_2019,0,150_145
150,87,Fabien Pujol,France,Pikachu & Zekrom Zapdos,27,310,international,OCIC 2019 Melbourne,Australia,AS-OC,2019,2019-02-15,standard_2019,0,150_87
150,1936,Joshua Sparks,Australia,Zapdos,28,15,international,OCIC 2019 Melbourne,Australia,AS-OC,2019,2019-02-15,standard_2019,0,150_1936
150,962,Raz Wolpe,Israel,Ultra Malamar ,29,169,international,OCIC 2019 Melbourne,Australia,AS-OC,2019,2019-02-15,standard_2019,0,150_962
150,868,Jon Eng,United States,Zoroark Lycanroc,31,492,international,OCIC 2019 Melbourne,Australia,AS-OC,2019,2019-02-15,standard_2019,0,150_868
150,196,Zach Lesage,Canada,Blacephalon Naganadel,32,387,international,OCIC 2019 Melbourne,Australia,AS-OC,2019,2019-02-15,standard_2019,0,150_196
150,1937,Jarrod Taylor,Australia,Pikachu & Zekrom,33,6,international,OCIC 2019 Melbourne,Australia,AS-OC,2019,2019-02-15,standard_2019,0,150_1937
150,306,Layton Rumble,New Zealand,Zapdos,34,21,international,OCIC 2019 Melbourne,Australia,AS-OC,2019,2019-02-15,standard_2019,0,150_306
150,125,Michael Pramawat,United States,Zapdos,37,602,international,OCIC 2019 Melbourne,Australia,AS-OC,2019,2019-02-15,standard_2019,0,150_125
150,1939,Bertrand Yan,Singapore,Ultra Malamar ,38,6,international,OCIC 2019 Melbourne,Australia,AS-OC,2019,2019-02-15,standard_2019,0,150_1939
150,165,Gustavo Wada,Brazil,Pikachu & Zekrom Zapdos,39,766,international,OCIC 2019 Melbourne,Australia,AS-OC,2019,2019-02-15,standard_2019,0,150_165
150,889,Joe Ruettiger,United States,Zapdos,40,306,international,OCIC 2019 Melbourne,Australia,AS-OC,2019,2019-02-15,standard_2019,0,150_889
150,364,Alex Schemanske,United States,Ultra Malamar ,41,602,international,OCIC 2019 Melbourne,Australia,AS-OC,2019,2019-02-15,standard_2019,0,150_364
150,1102,Joshua Bradley,Australia,Lost March Weavile,42,27,international,OCIC 2019 Melbourne,Australia,AS-OC,2019,2019-02-15,standard_2019,0,150_1102
150,426,Christopher Schemanske,United States,Ultra Malamar ,44,228,international,OCIC 2019 Melbourne,Australia,AS-OC,2019,2019-02-15,standard_2019,0,150_426
150,1233,Colin Tang,Malaysia,Buzzwole Lycanroc Ninetales,45,108,international,OCIC 2019 Melbourne,Australia,AS-OC,2019,2019-02-15,standard_2019,0,150_1233
150,1940,Benjamin Branch,United States,Passimian Tapu Koko,46,64,international,OCIC 2019 Melbourne,Australia,AS-OC,2019,2019-02-15,standard_2019,0,150_1940
150,1941,Tommy Le,Australia,Zoroark Lycanroc,47,6,international,OCIC 2019 Melbourne,Australia,AS-OC,2019,2019-02-15,standard_2019,0,150_1941
150,1942,Luca Serianni,Australia,Pikachu & Zekrom,48,6,international,OCIC 2019 Melbourne,Australia,AS-OC,2019,2019-02-15,standard_2019,0,150_1942
150,567,Justin Kulas,United States,Pikachu & Zekrom,50,194,international,OCIC 2019 Melbourne,Australia,AS-OC,2019,2019-02-15,standard_2019,0,150_567
150,193,Louis Chi,New Zealand,Zapdos,51,62,international,OCIC 2019 Melbourne,Australia,AS-OC,2019,2019-02-15,standard_2019,0,150_193
150,187,Aaron Van Der Kolk,Australia,Ultra Malamar ,53,64,international,OCIC 2019 Melbourne,Australia,AS-OC,2019,2019-02-15,standard_2019,0,150_187
150,155,Connor Finton,United States,Ultra Malamar ,55,368,international,OCIC 2019 Melbourne,Australia,AS-OC,2019,2019-02-15,standard_2019,0,150_155
150,138,Brent Tonisson,Australia,Ultra Malamar ,57,449,international,OCIC 2019 Melbourne,Australia,AS-OC,2019,2019-02-15,standard_2019,0,150_138
150,1943,Eujun Gan,Singapore,Pikachu & Zekrom Zapdos,60,14,international,OCIC 2019 Melbourne,Australia,AS-OC,2019,2019-02-15,standard_2019,0,150_1943
150,1502,Yu Xiang,New Zealand,Ultra Malamar ,61,17,international,OCIC 2019 Melbourne,Australia,AS-OC,2019,2019-02-15,standard_2019,0,150_1502
150,1944,Nicholas Apostolou,Australia,Pikachu & Zekrom,62,16,international,OCIC 2019 Melbourne,Australia,AS-OC,2019,2019-02-15,standard_2019,0,150_1944
150,1945,Joseph Tran,Australia,Zoroark Lycanroc,63,6,international,OCIC 2019 Melbourne,Australia,AS-OC,2019,2019-02-15,standard_2019,0,150_1945
150,1567,Scott Langford,Australia,Zoroark Lycanroc,64,13,international,OCIC 2019 Melbourne,Australia,AS-OC,2019,2019-02-15,standard_2019,0,150_1567
136,334,Daniel Altavilla,United States,Zoroark Control,1,637,international,LAIC 2018–19 São Paulo,Brazil,SA,2018,2018-11-16,standard_2019,1,136_334
136,145,Nicolas Galaz,Chile,Granbull,2,254,international,LAIC 2018–19 São Paulo,Brazil,SA,2018,2018-11-16,standard_2019,1,136_145
136,645,Clifton Goh,Singapore,Zoroark Decidueye Ninetales,3,210,international,LAIC 2018–19 São Paulo,Brazil,SA,2018,2018-11-16,standard_2019,1,136_645
136,131,Jonathan Fabrizio Bellucci Lanciano,Argentina,Zoroark Decidueye,4,188,international,LAIC 2018–19 São Paulo,Brazil,SA,2018,2018-11-16,standard_2019,1,136_131
136,364,Alex Schemanske,United States,Buzzwole Lycanroc Ninetales,5,602,international,LAIC 2018–19 São Paulo,Brazil,SA,2018,2018-11-16,standard_2019,1,136_364
136,328,Caleb Gedemer,United States,Zoroark Control,6,599,international,LAIC 2018–19 São Paulo,Brazil,SA,2018,2018-11-16,standard_2019,1,136_328
136,196,Zach Lesage,Canada,Blacephalon Naganadel,7,387,international,LAIC 2018–19 São Paulo,Brazil,SA,2018,2018-11-16,standard_2019,1,136_196
136,86,Tord Reklev,Norway,Granbull,8,832,international,LAIC 2018–19 São Paulo,Brazil,SA,2018,2018-11-16,standard_2019,1,136_86
136,1750,Marcelo Magalhaes,Brazil,Rayquaza Vikavolt,9,15,international,LAIC 2018–19 São Paulo,Brazil,SA,2018,2018-11-16,standard_2019,0,136_1750
136,1751,Roberto Gomes Coregio Junior,Brazil,Zoroark Glaceon,10,15,international,LAIC 2018–19 São Paulo,Brazil,SA,2018,2018-11-16,standard_2019,0,136_1751
136,4,Robin Schulz,Germany,Gardevoir Swampert Ninetales,12,427,international,LAIC 2018–19 São Paulo,Brazil,SA,2018,2018-11-16,standard_2019,0,136_4
136,1081,Victor Freitas,Brazil,Granbull,13,79,international,LAIC 2018–19 São Paulo,Brazil,SA,2018,2018-11-16,standard_2019,0,136_1081
136,1752,Bruno Santos Lima,Brazil,Zoroark Decidueye Ninetales,14,15,international,LAIC 2018–19 São Paulo,Brazil,SA,2018,2018-11-16,standard_2019,0,136_1752
136,618,Eder Jarillo Soto,Mexico,Zoroark Decidueye Ninetales,15,120,international,LAIC 2018–19 São Paulo,Brazil,SA,2018,2018-11-16,standard_2019,0,136_618
136,902,Riley Hulbert,United States,Zoroark Control,17,216,international,LAIC 2018–19 São Paulo,Brazil,SA,2018,2018-11-16,standard_2019,0,136_902
136,889,Joe Ruettiger,United States,Zoroark Control,19,306,international,LAIC 2018–19 São Paulo,Brazil,SA,2018,2018-11-16,standard_2019,0,136_889
136,1188,Miloslav Posledni,Czech Republic,Zoroark Lycanroc,20,218,international,LAIC 2018–19 São Paulo,Brazil,SA,2018,2018-11-16,standard_2019,0,136_1188
136,151,Damian Gabriel Riquel,Argentina,Buzzwole Lycanroc,21,47,international,LAIC 2018–19 São Paulo,Brazil,SA,2018,2018-11-16,standard_2019,0,136_151
136,1304,Vitor Lugon,Brazil,Zoroark Lycanroc,22,64,international,LAIC 2018–19 São Paulo,Brazil,SA,2018,2018-11-16,standard_2019,0,136_1304
136,1282,Paulo Gouveia de Freitas,Brazil,Buzzwole Lycanroc,24,81,international,LAIC 2018–19 São Paulo,Brazil,SA,2018,2018-11-16,standard_2019,0,136_1282
136,1268,Vinicius Lopes,Brazil,Rayquaza Vikavolt,26,71,international,LAIC 2018–19 São Paulo,Brazil,SA,2018,2018-11-16,standard_2019,0,136_1268
136,125,Michael Pramawat,United States,Zoroark Control,27,602,international,LAIC 2018–19 São Paulo,Brazil,SA,2018,2018-11-16,standard_2019,0,136_125
136,651,Dalton Acchetta,Brazil,Rayquaza Vikavolt,28,161,international,LAIC 2018–19 São Paulo,Brazil,SA,2018,2018-11-16,standard_2019,0,136_651
136,1753,Ramon Duarte,Brazil,Zoroark Ninetales Weavile,29,38,international,LAIC 2018–19 São Paulo,Brazil,SA,2018,2018-11-16,standard_2019,0,136_1753
136,1754,Nelson Jose Motta Rodrigues,Brazil,Steelix Hoopa,30,12,international,LAIC 2018–19 São Paulo,Brazil,SA,2018,2018-11-16,standard_2019,0,136_1754
136,1755,Nicolas Magliulo,Argentina,Zoroark Lycanroc,31,27,international,LAIC 2018–19 São Paulo,Brazil,SA,2018,2018-11-16,standard_2019,0,136_1755
136,97,Manuel Jorach,Austria,Blacephalon Naganadel,32,126,international,LAIC 2018–19 São Paulo,Brazil,SA,2018,2018-11-16,standard_2019,0,136_97
136,150,Jimmy Pendarvis,United States,Zoroark Control,33,610,international,LAIC 2018–19 São Paulo,Brazil,SA,2018,2018-11-16,standard_2019,0,136_150
136,1593,Gabriel Massaroth,Brazil,Zoroark Weavile,34,40,international,LAIC 2018–19 São Paulo,Brazil,SA,2018,2018-11-16,standard_2019,0,136_1593
136,649,William Azevedo,Brazil,Malamar Spread,37,299,international,LAIC 2018–19 São Paulo,Brazil,SA,2018,2018-11-16,standard_2019,0,136_649
136,660,Agustin Campo,Argentina,Zoroark Decidueye Ninetales,38,78,international,LAIC 2018–19 São Paulo,Brazil,SA,2018,2018-11-16,standard_2019,0,136_660
136,149,Jose Marrero,United States,Zoroark Lycanroc,39,359,international,LAIC 2018–19 São Paulo,Brazil,SA,2018,2018-11-16,standard_2019,0,136_149
136,24,Tobias Thesing,Germany,Gardevoir Swampert Ninetales,40,144,international,LAIC 2018–19 São Paulo,Brazil,SA,2018,2018-11-16,standard_2019,0,136_24
136,1713,Felipe Carreno,Chile,Malamar Spread,41,17,international,LAIC 2018–19 São Paulo,Brazil,SA,2018,2018-11-16,standard_2019,0,136_1713
136,1756,Dillon Bussert,United States,Blacephalon Naganadel,44,14,international,LAIC 2018–19 São Paulo,Brazil,SA,2018,2018-11-16,standard_2019,0,136_1756
136,652,Pedro Giovannetti Marques Ricardo,Brazil,Blacephalon Naganadel,45,45,international,LAIC 2018–19 São Paulo,Brazil,SA,2018,2018-11-16,standard_2019,0,136_652
136,1757,Augusto Lespier,Brazil,Zoroark Lycanroc,46,15,international,LAIC 2018–19 São Paulo,Brazil,SA,2018,2018-11-16,standard_2019,0,136_1757
136,87,Fabien Pujol,France,Decidueye Ninetales Swampert,47,310,international,LAIC 2018–19 São Paulo,Brazil,SA,2018,2018-11-16,standard_2019,0,136_87
136,1710,Jorge Nieto,Chile,Psychic Malamar,48,14,international,LAIC 2018–19 São Paulo,Brazil,SA,2018,2018-11-16,standard_2019,0,136_1710
136,1758,Thiago Burda Mayer,Brazil,Zoroark Lycanroc Weavile,50,9,international,LAIC 2018–19 São Paulo,Brazil,SA,2018,2018-11-16,standard_2019,0,136_1758
136,1759,Giovanni Peragallo,Chile,Zoroark Decidueye Ninetales,51,87,international,LAIC 2018–19 São Paulo,Brazil,SA,2018,2018-11-16,standard_2019,0,136_1759
136,1760,Sebastian Ignacio Arias Pastene,Chile,Buzzwole Lycanroc,52,9,international,LAIC 2018–19 São Paulo,Brazil,SA,2018,2018-11-16,standard_2019,0,136_1760
136,1077,Pedro Freitas,Brazil,Zoroark Alolan Ninetales,53,19,international,LAIC 2018–19 São Paulo,Brazil,SA,2018,2018-11-16,standard_2019,0,136_1077
136,214,Antonio Jardim,Brazil,Malamar Spread,54,54,international,LAIC 2018–19 São Paulo,Brazil,SA,2018,2018-11-16,standard_2019,0,136_214
136,1504,Renato Christian,Brazil,Zoroark Lycanroc,55,49,international,LAIC 2018–19 São Paulo,Brazil,SA,2018,2018-11-16,standard_2019,0,136_1504
136,134,Javier Gamboa,Chile,Granbull,56,96,international,LAIC 2018–19 São Paulo,Brazil,SA,2018,2018-11-16,standard_2019,0,136_134
136,1761,Ricardo Pereira Celebroni,Brazil,Zoroark Lycanroc,57,31,international,LAIC 2018–19 São Paulo,Brazil,SA,2018,2018-11-16,standard_2019,0,136_1761
136,1762,Felipe Kato,Brazil,Regigigas Genesect,58,9,international,LAIC 2018–19 São Paulo,Brazil,SA,2018,2018-11-16,standard_2019,0,136_1762
136,1075,Marcus Vinicius Silva,Brazil,Zoroark Lycanroc,59,15,international,LAIC 2018–19 São Paulo,Brazil,SA,2018,2018-11-16,standard_2019,0,136_1075
136,1763,Agustín Correa Pasini,Argentina,Zoroark Buzzwole,60,25,international,LAIC 2018–19 São Paulo,Brazil,SA,2018,2018-11-16,standard_2019,0,136_1763
136,1764,Joaquim Postal,Brazil,Lost March,61,9,international,LAIC 2018–19 São Paulo,Brazil,SA,2018,2018-11-16,standard_2019,0,136_1764
136,1765,Eduardo Storto,Brazil,Malamar Spread,62,14,international,LAIC 2018–19 São Paulo,Brazil,SA,2018,2018-11-16,standard_2019,0,136_1765
136,233,Sebastian Lugo,Argentina,Granbull,63,59,international,LAIC 2018–19 São Paulo,Brazil,SA,2018,2018-11-16,standard_2019,0,136_233
136,1766,Julio Cesar Crusaro,Brazil,Rayquaza Vikavolt,64,17,international,LAIC 2018–19 São Paulo,Brazil,SA,2018,2018-11-16,standard_2019,0,136_1766
93,284,Stéphane Ivanoff,France,Zoroark Garbodor,1,528,international,NAIC 2018 Columbus,United States,Desconocido,2018,2018-07-06,standard_2018,1,93_284
93,86,Tord Reklev,Norway,Zoroark,2,832,international,NAIC 2018 Columbus,United States,Desconocido,2018,2018-07-06,standard_2018,1,93_86
93,150,Jimmy Pendarvis,United States,Zoroark Golisopod,3,610,international,NAIC 2018 Columbus,United States,Desconocido,2018,2018-07-06,standard_2018,1,93_150
93,12,Adam Hawkins,Great Britain,Psychic Malamar,4,241,international,NAIC 2018 Columbus,United States,Desconocido,2018,2018-07-06,standard_2018,1,93_12
93,909,Ryan Antonucci,United States,Zoroark Lycanroc,5,192,international,NAIC 2018 Columbus,United States,Desconocido,2018,2018-07-06,standard_2018,1,93_909
93,1321,Edward Kuang,Canada,Psychic Malamar,6,54,international,NAIC 2018 Columbus,United States,Desconocido,2018,2018-07-06,standard_2018,1,93_1321
93,87,Fabien Pujol,France,Zoroark Garbodor,7,310,international,NAIC 2018 Columbus,United States,Desconocido,2018,2018-07-06,standard_2018,1,93_87
93,424,Aaron Tarbell,United States,Yveltal,8,288,international,NAIC 2018 Columbus,United States,Desconocido,2018,2018-07-06,standard_2018,1,93_424
93,373,Ahmed Ali,United States,Buzzwole Lycanroc,12,181,international,NAIC 2018 Columbus,United States,Desconocido,2018,2018-07-06,standard_2018,0,93_373
93,688,Kyle Lesniewicz,United States,Sylveon,14,106,international,NAIC 2018 Columbus,United States,Desconocido,2018,2018-07-06,standard_2018,0,93_688
93,872,Mark Dizon,Canada,Zoroark Lycanroc,16,51,international,NAIC 2018 Columbus,United States,Desconocido,2018,2018-07-06,standard_2018,0,93_872
93,364,Alex Schemanske,United States,Buzzwole Garbodor,18,602,international,NAIC 2018 Columbus,United States,Desconocido,2018,2018-07-06,standard_2018,0,93_364
93,1525,Tran Nguyen,United States,Garbodor Buzzwole,19,50,international,NAIC 2018 Columbus,United States,Desconocido,2018,2018-07-06,standard_2018,0,93_1525
93,125,Michael Pramawat,United States,Buzzwole Lycanroc,21,602,international,NAIC 2018 Columbus,United States,Desconocido,2018,2018-07-06,standard_2018,0,93_125
93,847,Cody Graham,United States,Buzzwole Garbodor,22,69,international,NAIC 2018 Columbus,United States,Desconocido,2018,2018-07-06,standard_2018,0,93_847
93,17,Philip Schulz,Germany,Zoroark,23,321,international,NAIC 2018 Columbus,United States,Desconocido,2018,2018-07-06,standard_2018,0,93_17
93,19,Pedro Eugenio Torres,Spain,Zoroark Lycanroc,24,562,international,NAIC 2018 Columbus,United States,Desconocido,2018,2018-07-06,standard_2018,0,93_19
93,1526,Dalton Didelot,United States,Ultra Malamar ,25,69,international,NAIC 2018 Columbus,United States,Desconocido,2018,2018-07-06,standard_2018,0,93_1526
93,130,Alexander Hill,United States,Buzzwole Garbodor,27,192,international,NAIC 2018 Columbus,United States,Desconocido,2018,2018-07-06,standard_2018,0,93_130
93,1388,Nick Capobianco,United States,Shining Lugia Malamar,30,23,international,NAIC 2018 Columbus,United States,Desconocido,2018,2018-07-06,standard_2018,0,93_1388
93,1154,Eli Ottaviano,United States,Dusk Mane Necrozma Magnezone,35,34,international,NAIC 2018 Columbus,United States,Desconocido,2018,2018-07-06,standard_2018,0,93_1154
93,315,Igor Costa,United States,Zoroark Golisopod,43,509,international,NAIC 2018 Columbus,United States,Desconocido,2018,2018-07-06,standard_2018,0,93_315
93,902,Riley Hulbert,United States,Zoroark Golisopod,46,216,international,NAIC 2018 Columbus,United States,Desconocido,2018,2018-07-06,standard_2018,0,93_902
93,898,Sam Liggett,United States,Volcanion,51,63,international,NAIC 2018 Columbus,United States,Desconocido,2018,2018-07-06,standard_2018,0,93_898
93,1533,Joshua Bickel,United States,Psychic Malamar,53,12,international,NAIC 2018 Columbus,United States,Desconocido,2018,2018-07-06,standard_2018,0,93_1533
93,440,James Arnold,United States,Yveltal,56,113,international,NAIC 2018 Columbus,United States,Desconocido,2018,2018-07-06,standard_2018,0,93_440
93,1536,Shane Conley,United States,Buzzwole Lycanroc,57,12,international,NAIC 2018 Columbus,United States,Desconocido,2018,2018-07-06,standard_2018,0,93_1536
93,1537,Andrew Scott,United States,Buzzwole Lycanroc,59,89,international,NAIC 2018 Columbus,United States,Desconocido,2018,2018-07-06,standard_2018,0,93_1537
93,840,Benjamin Potter,United States,Buzzwole Lucario Lycanroc,64,66,international,NAIC 2018 Columbus,United States,Desconocido,2018,2018-07-06,standard_2018,0,93_840
81,275,Dyego Rathje,Brazil,Buzzwole Lycanroc,1,98,international,LAIC 2018 São Paulo,Brazil,SA,2018,2018-04-27,standard_2018,1,81_275
81,153,Azul Garcia Griego,United States,Buzzwole Lycanroc,2,943,international,LAIC 2018 São Paulo,Brazil,SA,2018,2018-04-27,standard_2018,1,81_153
81,1268,Vinicius Lopes,Brazil,Tapu Bulu Vikavolt,3,71,international,LAIC 2018 São Paulo,Brazil,SA,2018,2018-04-27,standard_2018,1,81_1268
81,19,Pedro Eugenio Torres,Spain,Zoroark Lucario,4,562,international,LAIC 2018 São Paulo,Brazil,SA,2018,2018-04-27,standard_2018,1,81_19
81,1198,Matias Matricardi,Argentina,Tapu Bulu Vikavolt,5,126,international,LAIC 2018 São Paulo,Brazil,SA,2018,2018-04-27,standard_2018,1,81_1198
81,87,Fabien Pujol,France,Zoroark Garbodor,6,310,international,LAIC 2018 São Paulo,Brazil,SA,2018,2018-04-27,standard_2018,1,81_87
81,328,Caleb Gedemer,United States,Zoroark Lycanroc,7,599,international,LAIC 2018 São Paulo,Brazil,SA,2018,2018-04-27,standard_2018,1,81_328
81,138,Brent Tonisson,Australia,Zoroark Golisopod,8,449,international,LAIC 2018 São Paulo,Brazil,SA,2018,2018-04-27,standard_2018,1,81_138
81,166,Heddi Brahmi,France,Zoroark Lycanroc,9,115,international,LAIC 2018 São Paulo,Brazil,SA,2018,2018-04-27,standard_2018,0,81_166
81,165,Gustavo Wada,Brazil,Zoroark Garbodor,12,766,international,LAIC 2018 São Paulo,Brazil,SA,2018,2018-04-27,standard_2018,0,81_165
81,152,Gabriel Pino Semedo,Brazil,Zoroark Golisopod,13,130,international,LAIC 2018 São Paulo,Brazil,SA,2018,2018-04-27,standard_2018,0,81_152
81,233,Sebastian Lugo,Argentina,Dusk Mane Necrozma Magnezone,14,59,international,LAIC 2018 São Paulo,Brazil,SA,2018,2018-04-27,standard_2018,0,81_233
81,150,Jimmy Pendarvis,United States,Buzzwole Lycanroc,15,610,international,LAIC 2018 São Paulo,Brazil,SA,2018,2018-04-27,standard_2018,0,81_150
81,4,Robin Schulz,Germany,Golisopod Garbodor,17,427,international,LAIC 2018 São Paulo,Brazil,SA,2018,2018-04-27,standard_2018,0,81_4
81,1269,Hudson Matheus,Brazil,Gardevoir Talonflame,18,20,international,LAIC 2018 São Paulo,Brazil,SA,2018,2018-04-27,standard_2018,0,81_1269
81,1271,Jonathan Guglielmo,Argentina,Lucario,21,12,international,LAIC 2018 São Paulo,Brazil,SA,2018,2018-04-27,standard_2018,0,81_1271
81,1241,Alexis Hormazabal,Chile,Tapu Bulu Vikavolt,22,59,international,LAIC 2018 São Paulo,Brazil,SA,2018,2018-04-27,standard_2018,0,81_1241
81,943,Claudio Ferla,Brazil,Zoroark Golisopod,24,84,international,LAIC 2018 São Paulo,Brazil,SA,2018,2018-04-27,standard_2018,0,81_943
81,125,Michael Pramawat,United States,Espeon Garbodor,25,602,international,LAIC 2018 São Paulo,Brazil,SA,2018,2018-04-27,standard_2018,0,81_125
81,37,Tomas Just,Czech Republic,Zoroark Golisopod,28,86,international,LAIC 2018 São Paulo,Brazil,SA,2018,2018-04-27,standard_2018,0,81_37
81,1066,Laura Caporali Braga,Brazil,Buzzwole Lycanroc,31,109,international,LAIC 2018 São Paulo,Brazil,SA,2018,2018-04-27,standard_2018,0,81_1066
81,1274,Wallysson Lima do Couto,Brazil,Espeon Garbodor,32,21,international,LAIC 2018 São Paulo,Brazil,SA,2018,2018-04-27,standard_2018,0,81_1274
81,76,Ondřej Škubal,Czech Republic,Zoroark Golisopod,33,252,international,LAIC 2018 São Paulo,Brazil,SA,2018,2018-04-27,standard_2018,0,81_76
81,105,Marc Lutz,Germany,Zoroark Glaceon,35,212,international,LAIC 2018 São Paulo,Brazil,SA,2018,2018-04-27,standard_2018,0,81_105
81,149,Jose Marrero,United States,Zoroark Lycanroc,37,359,international,LAIC 2018 São Paulo,Brazil,SA,2018,2018-04-27,standard_2018,0,81_149
81,256,Alex Silva,Brazil,Zoroark Golisopod,43,168,international,LAIC 2018 São Paulo,Brazil,SA,2018,2018-04-27,standard_2018,0,81_256
81,210,Sid Guimaraes,Brazil,Zoroark Lucario,44,43,international,LAIC 2018 São Paulo,Brazil,SA,2018,2018-04-27,standard_2018,0,81_210
81,214,Antonio Jardim,Brazil,Dusk Mane Necrozma Magnezone,45,54,international,LAIC 2018 São Paulo,Brazil,SA,2018,2018-04-27,standard_2018,0,81_214
81,1277,Marco Aurelio Fernandes Garcia,Brazil,Zoroark Golisopod,46,25,international,LAIC 2018 São Paulo,Brazil,SA,2018,2018-04-27,standard_2018,0,81_1277
81,1258,Chrisowalantis Amanatidis,Germany,Zoroark Lycanroc,47,67,international,LAIC 2018 São Paulo,Brazil,SA,2018,2018-04-27,standard_2018,0,81_1258
81,1278,Gabriel Eduardo Reiter,Brazil,Zoroark Golisopod,49,33,international,LAIC 2018 São Paulo,Brazil,SA,2018,2018-04-27,standard_2018,0,81_1278
81,1279,Icaro Franco,Brazil,Zoroark Golisopod,50,9,international,LAIC 2018 São Paulo,Brazil,SA,2018,2018-04-27,standard_2018,0,81_1279
81,196,Zach Lesage,Canada,Buzzwole Lycanroc,51,387,international,LAIC 2018 São Paulo,Brazil,SA,2018,2018-04-27,standard_2018,0,81_196
81,59,Martin Janous,Czech Republic,Zoroark Golisopod,54,214,international,LAIC 2018 São Paulo,Brazil,SA,2018,2018-04-27,standard_2018,0,81_59
81,228,Juan Pablo Salas,Chile,Lurantis Tapu Bulu,58,62,international,LAIC 2018 São Paulo,Brazil,SA,2018,2018-04-27,standard_2018,0,81_228
81,1281,Daniel Spoladore,Brazil,Buzzwole Lucario,60,9,international,LAIC 2018 São Paulo,Brazil,SA,2018,2018-04-27,standard_2018,0,81_1281
77,86,Tord Reklev,Norway,Zoroark Gardevoir,1,832,international,OCIC 2018 Sydney,Australia,AS-OC,2018,2018-02-09,standard_2018,1,77_86
77,889,Joe Ruettiger,United States,Buzzwole Lycanroc,2,306,international,OCIC 2018 Sydney,Australia,AS-OC,2018,2018-02-09,standard_2018,1,77_889
77,17,Philip Schulz,Germany,Zoroark Gardevoir,3,321,international,OCIC 2018 Sydney,Australia,AS-OC,2018,2018-02-09,standard_2018,1,77_17
77,649,William Azevedo,Brazil,Buzzwole Lycanroc,4,299,international,OCIC 2018 Sydney,Australia,AS-OC,2018,2018-02-09,standard_2018,1,77_649
77,150,Jimmy Pendarvis,United States,Buzzwole Lycanroc,5,610,international,OCIC 2018 Sydney,Australia,AS-OC,2018,2018-02-09,standard_2018,1,77_150
77,153,Azul Garcia Griego,United States,Buzzwole Lycanroc,6,943,international,OCIC 2018 Sydney,Australia,AS-OC,2018,2018-02-09,standard_2018,1,77_153
77,780,Corey Godfrey,United States,Ho-Oh,7,61,international,OCIC 2018 Sydney,Australia,AS-OC,2018,2018-02-09,standard_2018,1,77_780
77,813,Frank Percic,United States,Buzzwole Garbodor,8,174,international,OCIC 2018 Sydney,Australia,AS-OC,2018,2018-02-09,standard_2018,1,77_813
77,192,Roland Allen,Australia,Hoopa,9,18,international,OCIC 2018 Sydney,Australia,AS-OC,2018,2018-02-09,standard_2018,0,77_192
77,19,Pedro Eugenio Torres,Spain,Zoroark Lycanroc,10,562,international,OCIC 2018 Sydney,Australia,AS-OC,2018,2018-02-09,standard_2018,0,77_19
77,1084,Greg Chin,Australia,Zoroark Golisopod,11,12,international,OCIC 2018 Sydney,Australia,AS-OC,2018,2018-02-09,standard_2018,0,77_1084
77,1085,Tait Tran,Australia,Zoroark Lycanroc,13,29,international,OCIC 2018 Sydney,Australia,AS-OC,2018,2018-02-09,standard_2018,0,77_1085
77,53,Benjamin Pham,Netherlands,Zoroark Golisopod,14,174,international,OCIC 2018 Sydney,Australia,AS-OC,2018,2018-02-09,standard_2018,0,77_53
77,13,Nico Alabas,Germany,Zoroark Gardevoir,15,284,international,OCIC 2018 Sydney,Australia,AS-OC,2018,2018-02-09,standard_2018,0,77_13
77,1086,Ben Anderson,Australia,Buzzwole Lycanroc,16,12,international,OCIC 2018 Sydney,Australia,AS-OC,2018,2018-02-09,standard_2018,0,77_1086
77,14,Magnus Kalland,Norway,Zoroark Gardevoir,18,79,international,OCIC 2018 Sydney,Australia,AS-OC,2018,2018-02-09,standard_2018,0,77_14
77,1088,Matthew Burris,Australia,Zoroark Golisopod,19,146,international,OCIC 2018 Sydney,Australia,AS-OC,2018,2018-02-09,standard_2018,0,77_1088
77,1089,Malik Hisyam Zaihan,Malaysia,Tapu Bulu Vikavolt,21,34,international,OCIC 2018 Sydney,Australia,AS-OC,2018,2018-02-09,standard_2018,0,77_1089
77,125,Michael Pramawat,United States,Buzzwole Lycanroc,26,602,international,OCIC 2018 Sydney,Australia,AS-OC,2018,2018-02-09,standard_2018,0,77_125
77,1092,Naomi Murn,Australia,Buzzwole Lycanroc,27,25,international,OCIC 2018 Sydney,Australia,AS-OC,2018,2018-02-09,standard_2018,0,77_1092
77,18,Jesper Eriksen,Denmark,Zoroark Gardevoir,29,148,international,OCIC 2018 Sydney,Australia,AS-OC,2018,2018-02-09,standard_2018,0,77_18
77,1026,Bodhi Cutler,Australia,Zoroark Lycanroc,30,16,international,OCIC 2018 Sydney,Australia,AS-OC,2018,2018-02-09,standard_2018,0,77_1026
77,196,Zach Lesage,Canada,Buzzwole Garbodor,31,387,international,OCIC 2018 Sydney,Australia,AS-OC,2018,2018-02-09,standard_2018,0,77_196
77,1093,Reuben Fong,Singapore,Volcanion,33,6,international,OCIC 2018 Sydney,Australia,AS-OC,2018,2018-02-09,standard_2018,0,77_1093
77,37,Tomas Just,Czech Republic,Buzzwole Lycanroc,36,86,international,OCIC 2018 Sydney,Australia,AS-OC,2018,2018-02-09,standard_2018,0,77_37
77,1097,Myles Blasonato,Australia,Zoroark Garbodor,42,6,international,OCIC 2018 Sydney,Australia,AS-OC,2018,2018-02-09,standard_2018,0,77_1097
77,334,Daniel Altavilla,United States,Buzzwole Garbodor,43,637,international,OCIC 2018 Sydney,Australia,AS-OC,2018,2018-02-09,standard_2018,0,77_334
77,105,Marc Lutz,Germany,Garbodor Zoroark,45,212,international,OCIC 2018 Sydney,Australia,AS-OC,2018,2018-02-09,standard_2018,0,77_105
77,316,Ryan Sabelhaus,United States,Buzzwole Lycanroc,47,270,international,OCIC 2018 Sydney,Australia,AS-OC,2018,2018-02-09,standard_2018,0,77_316
77,4,Robin Schulz,Germany,Zoroark Gardevoir,51,427,international,OCIC 2018 Sydney,Australia,AS-OC,2018,2018-02-09,standard_2018,0,77_4
77,315,Igor Costa,United States,Buzzwole Lycanroc,55,509,international,OCIC 2018 Sydney,Australia,AS-OC,2018,2018-02-09,standard_2018,0,77_315
77,1106,Jing Jun Wong,Hong Kong,Gardevoir Sylveon,62,6,international,OCIC 2018 Sydney,Australia,AS-OC,2018,2018-02-09,standard_2018,0,77_1106
71,86,Tord Reklev,Norway,Zoroark Golisopod,1,832,international,EUIC 2017–18 London,Great Britain,EU,2017,2017-11-17,standard_2018,1,71_86
71,487,Zakary Krekeler,United States,Silvally Metal,2,166,international,EUIC 2017–18 London,Great Britain,EU,2017,2017-11-17,standard_2018,1,71_487
71,426,Christopher Schemanske,United States,Gardevoir,3,228,international,EUIC 2017–18 London,Great Britain,EU,2017,2017-11-17,standard_2018,1,71_426
71,693,Michael Long,Canada,Greninja,4,105,international,EUIC 2017–18 London,Great Britain,EU,2017,2017-11-17,standard_2018,1,71_693
71,956,Teodor Skjæveland,Norway,Buzzwole Lycanroc,5,54,international,EUIC 2017–18 London,Great Britain,EU,2017,2017-11-17,standard_2018,1,71_956
71,114,Fredrik Wold,Norway,Buzzwole Lycanroc,6,28,international,EUIC 2017–18 London,Great Britain,EU,2017,2017-11-17,standard_2018,1,71_114
71,957,Eemeli Reijonen,Finland,Volcanion,7,22,international,EUIC 2017–18 London,Great Britain,EU,2017,2017-11-17,standard_2018,1,71_957
71,14,Magnus Kalland,Norway,Zoroark Golisopod,8,79,international,EUIC 2017–18 London,Great Britain,EU,2017,2017-11-17,standard_2018,1,71_14
71,53,Benjamin Pham,Netherlands,Zoroark Golisopod,9,174,international,EUIC 2017–18 London,Great Britain,EU,2017,2017-11-17,standard_2018,0,71_53
71,128,Grafton Roll,United States,Silvally Zoroark Metal,11,94,international,EUIC 2017–18 London,Great Britain,EU,2017,2017-11-17,standard_2018,0,71_128
71,284,Stéphane Ivanoff,France,Decidueye Zoroark,12,528,international,EUIC 2017–18 London,Great Britain,EU,2017,2017-11-17,standard_2018,0,71_284
71,959,Yasin Balela,Great Britain,Silvally Metal,13,43,international,EUIC 2017–18 London,Great Britain,EU,2017,2017-11-17,standard_2018,0,71_959
71,960,Damian Wincenciak,Poland,Gardevoir Sylveon,14,15,international,EUIC 2017–18 London,Great Britain,EU,2017,2017-11-17,standard_2018,0,71_960
71,64,Sander Wojcik,Netherlands,Heatmor Raichu,16,312,international,EUIC 2017–18 London,Great Britain,EU,2017,2017-11-17,standard_2018,0,71_64
71,390,Michael Slutsky,United States,Gardevoir,18,56,international,EUIC 2017–18 London,Great Britain,EU,2017,2017-11-17,standard_2018,0,71_390
71,4,Robin Schulz,Germany,Zoroark Golisopod,20,427,international,EUIC 2017–18 London,Great Britain,EU,2017,2017-11-17,standard_2018,0,71_4
71,138,Brent Tonisson,Australia,Gardevoir Sylveon,21,449,international,EUIC 2017–18 London,Great Britain,EU,2017,2017-11-17,standard_2018,0,71_138
71,135,Israel Sosa,United States,Silvally Zoroark Metal,22,198,international,EUIC 2017–18 London,Great Britain,EU,2017,2017-11-17,standard_2018,0,71_135
71,93,Benjamin Behrens,Norway,Zoroark Golisopod,23,141,international,EUIC 2017–18 London,Great Britain,EU,2017,2017-11-17,standard_2018,0,71_93
71,152,Gabriel Pino Semedo,Brazil,Zoroark Golisopod,24,130,international,EUIC 2017–18 London,Great Britain,EU,2017,2017-11-17,standard_2018,0,71_152
71,364,Alex Schemanske,United States,Gardevoir,25,602,international,EUIC 2017–18 London,Great Britain,EU,2017,2017-11-17,standard_2018,0,71_364
71,889,Joe Ruettiger,United States,Zoroark Drampa,26,306,international,EUIC 2017–18 London,Great Britain,EU,2017,2017-11-17,standard_2018,0,71_889
71,855,Simon Humphrey,Great Britain,Buzzwole Silvally,27,33,international,EUIC 2017–18 London,Great Britain,EU,2017,2017-11-17,standard_2018,0,71_855
71,125,Michael Pramawat,United States,Gardevoir,28,602,international,EUIC 2017–18 London,Great Britain,EU,2017,2017-11-17,standard_2018,0,71_125
71,105,Marc Lutz,Germany,Golisopod Garbodor,31,212,international,EUIC 2017–18 London,Great Britain,EU,2017,2017-11-17,standard_2018,0,71_105
71,13,Nico Alabas,Germany,Golisopod Garbodor,32,284,international,EUIC 2017–18 London,Great Britain,EU,2017,2017-11-17,standard_2018,0,71_13
71,166,Heddi Brahmi,France,Zoroark Lycanroc,35,115,international,EUIC 2017–18 London,Great Britain,EU,2017,2017-11-17,standard_2018,0,71_166
71,965,Daniel Melrose,Great Britain,Xerneas,38,19,international,EUIC 2017–18 London,Great Britain,EU,2017,2017-11-17,standard_2018,0,71_965
71,149,Jose Marrero,United States,Metagross,40,359,international,EUIC 2017–18 London,Great Britain,EU,2017,2017-11-17,standard_2018,0,71_149
71,334,Daniel Altavilla,United States,Decidueye Zoroark,41,637,international,EUIC 2017–18 London,Great Britain,EU,2017,2017-11-17,standard_2018,0,71_334
71,137,Jordan Palmer,Australia,Gardevoir Sylveon,45,256,international,EUIC 2017–18 London,Great Britain,EU,2017,2017-11-17,standard_2018,0,71_137
71,413,Noel Totomoch,United States,Gardevoir,46,96,international,EUIC 2017–18 London,Great Britain,EU,2017,2017-11-17,standard_2018,0,71_413
71,310,Paulo Mimoso,Portugal,Golisopod Garbodor,47,59,international,EUIC 2017–18 London,Great Britain,EU,2017,2017-11-17,standard_2018,0,71_310
71,315,Igor Costa,United States,Decidueye Zoroark,48,509,international,EUIC 2017–18 London,Great Britain,EU,2017,2017-11-17,standard_2018,0,71_315
71,47,Steven Mao,Germany,Golisopod Garbodor,49,209,international,EUIC 2017–18 London,Great Britain,EU,2017,2017-11-17,standard_2018,0,71_47
71,165,Gustavo Wada,Brazil,Decidueye Zoroark,51,766,international,EUIC 2017–18 London,Great Britain,EU,2017,2017-11-17,standard_2018,0,71_165
71,646,Andrew Tandianus,Australia,Gardevoir Sylveon,53,85,international,EUIC 2017–18 London,Great Britain,EU,2017,2017-11-17,standard_2018,0,71_646
71,19,Pedro Eugenio Torres,Spain,Zoroark Buzzwole,56,562,international,EUIC 2017–18 London,Great Britain,EU,2017,2017-11-17,standard_2018,0,71_19
71,55,Tobias Smutkowski,Germany,Greninja,59,65,international,EUIC 2017–18 London,Great Britain,EU,2017,2017-11-17,standard_2018,0,71_55
71,2,Karl Blake,Great Britain,Drampa Garbodor,60,91,international,EUIC 2017–18 London,Great Britain,EU,2017,2017-11-17,standard_2018,0,71_2
22,86,Tord Reklev,Norway,Drampa Garbodor,1,832,international,NAIC 2017 Indianapolis,United States,Desconocido,2017,2017-06-30,standard_2017,1,22_86
22,314,John Kettler,United States,Decidueye Vileplume,2,86,international,NAIC 2017 Indianapolis,United States,Desconocido,2017,2017-06-30,standard_2017,1,22_314
22,203,Sam Chen,United States,Drampa Garbodor,3,411,international,NAIC 2017 Indianapolis,United States,Desconocido,2017,2017-06-30,standard_2017,1,22_203
22,315,Igor Costa,United States,Decidueye Ninetales,4,509,international,NAIC 2017 Indianapolis,United States,Desconocido,2017,2017-06-30,standard_2017,1,22_315
22,165,Gustavo Wada,Brazil,Alolan Ninetales,5,766,international,NAIC 2017 Indianapolis,United States,Desconocido,2017,2017-06-30,standard_2017,1,22_165
22,316,Ryan Sabelhaus,United States,Volcanion,6,270,international,NAIC 2017 Indianapolis,United States,Desconocido,2017,2017-06-30,standard_2017,1,22_316
22,317,Andrew Mahone,United States,Zoroark Drampa,7,305,international,NAIC 2017 Indianapolis,United States,Desconocido,2017,2017-06-30,standard_2017,1,22_317
22,318,Alex Krekeler,United States,Greninja,8,192,international,NAIC 2017 Indianapolis,United States,Desconocido,2017,2017-06-30,standard_2017,1,22_318
22,128,Grafton Roll,United States,Greninja,9,94,international,NAIC 2017 Indianapolis,United States,Desconocido,2017,2017-06-30,standard_2017,0,22_128
22,284,Stéphane Ivanoff,France,Decidueye Ninetales,10,528,international,NAIC 2017 Indianapolis,United States,Desconocido,2017,2017-06-30,standard_2017,0,22_284
22,325,Chris Abernathy,United States,Espeon Garbodor,12,18,international,NAIC 2017 Indianapolis,United States,Desconocido,2017,2017-06-30,standard_2017,0,22_325
22,326,Tristan Macek,United States,Espeon Garbodor,13,104,international,NAIC 2017 Indianapolis,United States,Desconocido,2017,2017-06-30,standard_2017,0,22_326
22,328,Caleb Gedemer,United States,Espeon Garbodor,16,599,international,NAIC 2017 Indianapolis,United States,Desconocido,2017,2017-06-30,standard_2017,0,22_328
22,329,Daniel Lynch,United States,Espeon Garbodor,17,235,international,NAIC 2017 Indianapolis,United States,Desconocido,2017,2017-06-30,standard_2017,0,22_329
22,193,Louis Chi,New Zealand,Decidueye,18,62,international,NAIC 2017 Indianapolis,United States,Desconocido,2017,2017-06-30,standard_2017,0,22_193
22,93,Benjamin Behrens,Norway,Drampa Garbodor,19,141,international,NAIC 2017 Indianapolis,United States,Desconocido,2017,2017-06-30,standard_2017,0,22_93
22,33,Philipp Leciejewski,Germany,Drampa Garbodor,21,132,international,NAIC 2017 Indianapolis,United States,Desconocido,2017,2017-06-30,standard_2017,0,22_33
22,35,Mees Brenninkmeijer,Netherlands,Decidueye Ninetales,22,164,international,NAIC 2017 Indianapolis,United States,Desconocido,2017,2017-06-30,standard_2017,0,22_35
22,330,Tony Jimenez,United States,Espeon Garbodor,23,81,international,NAIC 2017 Indianapolis,United States,Desconocido,2017,2017-06-30,standard_2017,0,22_330
22,175,Xander Pero,United States,Espeon Garbodor,25,417,international,NAIC 2017 Indianapolis,United States,Desconocido,2017,2017-06-30,standard_2017,0,22_175
22,332,John Roberts II,United States,Tapu Bulu Vikavolt,26,48,international,NAIC 2017 Indianapolis,United States,Desconocido,2017,2017-06-30,standard_2017,0,22_332
22,333,Peter Kica,United States,Espeon Garbodor,27,227,international,NAIC 2017 Indianapolis,United States,Desconocido,2017,2017-06-30,standard_2017,0,22_333
22,334,Daniel Altavilla,United States,Zoroark Drampa,28,637,international,NAIC 2017 Indianapolis,United States,Desconocido,2017,2017-06-30,standard_2017,0,22_334
22,335,Michael Catron,United States,Volcanion,29,233,international,NAIC 2017 Indianapolis,United States,Desconocido,2017,2017-06-30,standard_2017,0,22_335
22,323,Michael Canaves,United States,Greninja,30,48,international,NAIC 2017 Indianapolis,United States,Desconocido,2017,2017-06-30,standard_2017,0,22_323
22,1,Cedric Gouin,France,Drampa Garbodor,31,91,international,NAIC 2017 Indianapolis,United States,Desconocido,2017,2017-06-30,standard_2017,0,22_1
22,160,Samuel Hough,United States,Darkrai,36,181,international,NAIC 2017 Indianapolis,United States,Desconocido,2017,2017-06-30,standard_2017,0,22_160
22,17,Philip Schulz,Germany,Drampa Garbodor,39,321,international,NAIC 2017 Indianapolis,United States,Desconocido,2017,2017-06-30,standard_2017,0,22_17
22,341,Jimmy McClure,United States,Espeon Garbodor,40,26,international,NAIC 2017 Indianapolis,United States,Desconocido,2017,2017-06-30,standard_2017,0,22_341
22,342,Jay Young,United States,Metagross,41,49,international,NAIC 2017 Indianapolis,United States,Desconocido,2017,2017-06-30,standard_2017,0,22_342
22,343,Reno Bernardo,United States,Mega Rayquaza,42,32,international,NAIC 2017 Indianapolis,United States,Desconocido,2017,2017-06-30,standard_2017,0,22_343
22,344,Richard Navarro,United States,Tapu Bulu Vikavolt,43,19,international,NAIC 2017 Indianapolis,United States,Desconocido,2017,2017-06-30,standard_2017,0,22_344
22,348,Ciaran Farah,Canada,Mega Gardevoir,48,185,international,NAIC 2017 Indianapolis,United States,Desconocido,2017,2017-06-30,standard_2017,0,22_348
22,351,James Horvath,United States,Primal Groudon,51,17,international,NAIC 2017 Indianapolis,United States,Desconocido,2017,2017-06-30,standard_2017,0,22_351
22,352,John Turner,United States,Zoroark Drampa,52,12,international,NAIC 2017 Indianapolis,United States,Desconocido,2017,2017-06-30,standard_2017,0,22_352
22,353,Treynor Wolfe,United States,Tapu Bulu Vikavolt,54,42,international,NAIC 2017 Indianapolis,United States,Desconocido,2017,2017-06-30,standard_2017,0,22_353
22,355,Robert Price,United States,Greninja,56,12,international,NAIC 2017 Indianapolis,United States,Desconocido,2017,2017-06-30,standard_2017,0,22_355
22,357,Main Ahmed,Canada,Mega Gardevoir,58,65,international,NAIC 2017 Indianapolis,United States,Desconocido,2017,2017-06-30,standard_2017,0,22_357
22,363,Kolton Day,United States,Decidueye,64,100,international,NAIC 2017 Indianapolis,United States,Desconocido,2017,2017-06-30,standard_2017,0,22_363
16,228,Juan Pablo Salas,Chile,Decidueye Vileplume,1,62,international,LAIC 2017 São Paulo,Brazil,SA,2017,2017-04-21,standard_2017,1,16_228
16,218,Thiago Giovannetti Marques Ricardo,Brazil,Decidueye Vileplume,2,82,international,LAIC 2017 São Paulo,Brazil,SA,2017,2017-04-21,standard_2017,1,16_218
16,229,Ian Anderson Fukuda,Brazil,Mega Rayquaza,3,127,international,LAIC 2017 São Paulo,Brazil,SA,2017,2017-04-21,standard_2017,1,16_229
16,155,Connor Finton,United States,Decidueye Vileplume,4,368,international,LAIC 2017 São Paulo,Brazil,SA,2017,2017-04-21,standard_2017,1,16_155
16,17,Philip Schulz,Germany,Darkrai,5,321,international,LAIC 2017 São Paulo,Brazil,SA,2017,2017-04-21,standard_2017,1,16_17
16,210,Sid Guimaraes,Brazil,Volcanion,6,43,international,LAIC 2017 São Paulo,Brazil,SA,2017,2017-04-21,standard_2017,1,16_210
16,230,Diego Cassiraga,Argentina,Decidueye Vileplume,7,317,international,LAIC 2017 São Paulo,Brazil,SA,2017,2017-04-21,standard_2017,1,16_230
16,127,Yee Wei Chun,Malaysia,Volcanion,8,148,international,LAIC 2017 São Paulo,Brazil,SA,2017,2017-04-21,standard_2017,1,16_127
16,140,Felipe Jorge Ponce,Argentina,Mega Rayquaza,9,53,international,LAIC 2017 São Paulo,Brazil,SA,2017,2017-04-21,standard_2017,0,16_140
16,4,Robin Schulz,Germany,Darkrai,10,427,international,LAIC 2017 São Paulo,Brazil,SA,2017,2017-04-21,standard_2017,0,16_4
16,59,Martin Janous,Czech Republic,Mega Rayquaza,14,214,international,LAIC 2017 São Paulo,Brazil,SA,2017,2017-04-21,standard_2017,0,16_59
15,19,Pedro Eugenio Torres,Spain,Volcanion,1,562,international,OCIC 2017 Melbourne,Australia,AS-OC,2017,2017-03-10,standard_2017,1,15_19
15,167,Pablo Meza,Mexico,Decidueye Vileplume,2,424,international,OCIC 2017 Melbourne,Australia,AS-OC,2017,2017-03-10,standard_2017,1,15_167
15,168,Kian Amini,United States,Decidueye Vileplume,3,301,international,OCIC 2017 Melbourne,Australia,AS-OC,2017,2017-03-10,standard_2017,1,15_168
15,18,Jesper Eriksen,Denmark,Darkrai,4,148,international,OCIC 2017 Melbourne,Australia,AS-OC,2017,2017-03-10,standard_2017,1,15_18
15,134,Javier Gamboa,Chile,Decidueye Vileplume,5,96,international,OCIC 2017 Melbourne,Australia,AS-OC,2017,2017-03-10,standard_2017,1,15_134
15,165,Gustavo Wada,Brazil,Volcanion,6,766,international,OCIC 2017 Melbourne,Australia,AS-OC,2017,2017-03-10,standard_2017,1,15_165
15,169,Takuya Yoneda,Japan,Decidueye,7,216,international,OCIC 2017 Melbourne,Australia,AS-OC,2017,2017-03-10,standard_2017,1,15_169
15,130,Alexander Hill,United States,Decidueye Vileplume,8,192,international,OCIC 2017 Melbourne,Australia,AS-OC,2017,2017-03-10,standard_2017,1,15_130
15,35,Mees Brenninkmeijer,Netherlands,Decidueye Vileplume,9,164,international,OCIC 2017 Melbourne,Australia,AS-OC,2017,2017-03-10,standard_2017,0,15_35
15,93,Benjamin Behrens,Norway,Darkrai,12,141,international,OCIC 2017 Melbourne,Australia,AS-OC,2017,2017-03-10,standard_2017,0,15_93
15,24,Tobias Thesing,Germany,Yveltal Zoroark,23,144,international,OCIC 2017 Melbourne,Australia,AS-OC,2017,2017-03-10,standard_2017,0,15_24
15,86,Tord Reklev,Norway,Darkrai,25,832,international,OCIC 2017 Melbourne,Australia,AS-OC,2017,2017-03-10,standard_2017,0,15_86
15,179,Vighnesh Murthy,New Zealand,Gyarados,27,28,international,OCIC 2017 Melbourne,Australia,AS-OC,2017,2017-03-10,standard_2017,0,15_179
15,17,Philip Schulz,Germany,Darkrai Garbodor,28,321,international,OCIC 2017 Melbourne,Australia,AS-OC,2017,2017-03-10,standard_2017,0,15_17
15,136,Tyler Ninomura,United States,Decidueye Vileplume,43,89,international,OCIC 2017 Melbourne,Australia,AS-OC,2017,2017-03-10,standard_2017,0,15_136
15,4,Robin Schulz,Germany,Darkrai Garbodor,46,427,international,OCIC 2017 Melbourne,Australia,AS-OC,2017,2017-03-10,standard_2017,0,15_4
15,193,Louis Chi,New Zealand,Darkrai,47,62,international,OCIC 2017 Melbourne,Australia,AS-OC,2017,2017-03-10,standard_2017,0,15_193
4,125,Michael Pramawat,United States,Yveltal Garbodor,1,602,international,EUIC 2016–17 London,Great Britain,EU,2016,2016-12-09,standard_2017,1,4_125
4,126,Jacob Lesage,Canada,Yveltal Garbodor,2,121,international,EUIC 2016–17 London,Great Britain,EU,2016,2016-12-09,standard_2017,1,4_126
4,17,Philip Schulz,Germany,Yveltal Garbodor,3,321,international,EUIC 2016–17 London,Great Britain,EU,2016,2016-12-09,standard_2017,1,4_17
4,86,Tord Reklev,Norway,Yveltal Garbodor,4,832,international,EUIC 2016–17 London,Great Britain,EU,2016,2016-12-09,standard_2017,1,4_86
4,127,Yee Wei Chun,Malaysia,Yveltal Garbodor,5,148,international,EUIC 2016–17 London,Great Britain,EU,2016,2016-12-09,standard_2017,1,4_127
4,128,Grafton Roll,United States,Greninja,6,94,international,EUIC 2016–17 London,Great Britain,EU,2016,2016-12-09,standard_2017,1,4_128
4,19,Pedro Eugenio Torres,Spain,Volcanion,7,562,international,EUIC 2016–17 London,Great Britain,EU,2016,2016-12-09,standard_2017,1,4_19
4,129,Rafli Attar Ricco,Indonesia,Volcanion,8,121,international,EUIC 2016–17 London,Great Britain,EU,2016,2016-12-09,standard_2017,1,4_129
4,130,Alexander Hill,United States,Vespiquen Zebstrika,9,192,international,EUIC 2016–17 London,Great Britain,EU,2016,2016-12-09,standard_2017,0,4_130
4,59,Martin Janous,Czech Republic,Houndoom Mill,10,214,international,EUIC 2016–17 London,Great Britain,EU,2016,2016-12-09,standard_2017,0,4_59
4,135,Israel Sosa,United States,Yveltal Garbodor,17,198,international,EUIC 2016–17 London,Great Britain,EU,2016,2016-12-09,standard_2017,0,4_135
4,136,Tyler Ninomura,United States,Jolteon Lugia Garbodor,18,89,international,EUIC 2016–17 London,Great Britain,EU,2016,2016-12-09,standard_2017,0,4_136
4,137,Jordan Palmer,Australia,Yveltal Garbodor,19,256,international,EUIC 2016–17 London,Great Britain,EU,2016,2016-12-09,standard_2017,0,4_137
4,35,Mees Brenninkmeijer,Netherlands,Greninja,21,164,international,EUIC 2016–17 London,Great Britain,EU,2016,2016-12-09,standard_2017,0,4_35
4,18,Jesper Eriksen,Denmark,Xerneas,28,148,international,EUIC 2016–17 London,Great Britain,EU,2016,2016-12-09,standard_2017,0,4_18
4,144,Scot Symonds,Great Britain,Gyarados,30,62,international,EUIC 2016–17 London,Great Britain,EU,2016,2016-12-09,standard_2017,0,4_144
4,8,Mehdi Hafi,France,Greninja,39,221,international,EUIC 2016–17 London,Great Britain,EU,2016,2016-12-09,standard_2017,0,4_8
4,150,Jimmy Pendarvis,United States,Yveltal Garbodor,41,610,international,EUIC 2016–17 London,Great Britain,EU,2016,2016-12-09,standard_2017,0,4_150
4,152,Gabriel Pino Semedo,Brazil,Yveltal Garbodor,43,130,international,EUIC 2016–17 London,Great Britain,EU,2016,2016-12-09,standard_2017,0,4_152
4,161,Kim Pobega,Italy,Xerneas,57,138,international,EUIC 2016–17 London,Great Britain,EU,2016,2016-12-09,standard_2017,0,4_161
4,166,Heddi Brahmi,France,Yveltal Garbodor,64,115,international,EUIC 2016–17 London,Great Britain,EU,2016,2016-12-09,standard_2017,0,4_166
375,2401,Vance Kelley,United States,Fusion Mew,1,131,worlds,World Championships 2023,Japan,JP,2023,2023-08-11,standard_2023,1,375_2401
375,86,Tord Reklev,Norway,Gardevoir,2,832,worlds,World Championships 2023,Japan,JP,2023,2023-08-11,standard_2023,1,375_86
375,125,Michael Pramawat,United States,Giratina LZ Box,3,602,worlds,World Championships 2023,Japan,JP,2023,2023-08-11,standard_2023,1,375_125
375,153,Azul Garcia Griego,United States,Fusion Mew,4,943,worlds,World Championships 2023,Japan,JP,2023,2023-08-11,standard_2023,1,375_153
375,4835,Dionsius Lee,Singapore,Fusion Mew,5,54,worlds,World Championships 2023,Japan,JP,2023,2023-08-11,standard_2023,1,375_4835
375,4210,Victor Manuel Garcia Montes,Mexico,Gardevoir,6,35,worlds,World Championships 2023,Japan,JP,2023,2023-08-11,standard_2023,1,375_4210
375,3329,Shoichi Saito,Japan,Lost Zone Box,7,76,worlds,World Championships 2023,Japan,JP,2023,2023-08-11,standard_2023,1,375_3329
375,4898,Pang Kai Hing,Hong Kong,Giratina LZ Box,8,30,worlds,World Championships 2023,Japan,JP,2023,2023-08-11,standard_2023,1,375_4898
375,1901,Cyrus Davis,Canada,Palkia Chien-Pao,9,148,worlds,World Championships 2023,Japan,JP,2023,2023-08-11,standard_2023,0,375_1901
375,138,Brent Tonisson,Australia,Gardevoir,10,449,worlds,World Championships 2023,Japan,JP,2023,2023-08-11,standard_2023,0,375_138
375,364,Alex Schemanske,United States,Inteleon Urshifu,11,602,worlds,World Championships 2023,Japan,JP,2023,2023-08-11,standard_2023,0,375_364
375,3650,Karel Maertens,Belgium,Lugia Archeops,12,33,worlds,World Championships 2023,Japan,JP,2023,2023-08-11,standard_2023,0,375_3650
375,4899,Hui Yuan Huang,Taiwan,Chien-Pao Baxcalibur,13,24,worlds,World Championships 2023,Japan,JP,2023,2023-08-11,standard_2023,0,375_4899
375,4900,Shinnosuke Sato,Japan,Lost Zone Box,14,24,worlds,World Championships 2023,Japan,JP,2023,2023-08-11,standard_2023,0,375_4900
375,1448,Akira Sato,Japan,Giratina LZ Box,15,91,worlds,World Championships 2023,Japan,JP,2023,2023-08-11,standard_2023,0,375_1448
375,1861,Konsta Kallama,Finland,Fusion Mew,16,109,worlds,World Championships 2023,Japan,JP,2023,2023-08-11,standard_2023,0,375_1861
375,962,Raz Wolpe,Israel,Lugia Archeops,17,169,worlds,World Championships 2023,Japan,JP,2023,2023-08-11,standard_2023,0,375_962
375,674,Masataka Hirano,Japan,Fusion Mew,18,125,worlds,World Championships 2023,Japan,JP,2023,2023-08-11,standard_2023,0,375_674
375,3696,Yerco Valencia,Chile,Lugia Archeops,19,125,worlds,World Championships 2023,Japan,JP,2023,2023-08-11,standard_2023,0,375_3696
375,3915,Jamie Frankland,Great Britain,Giratina LZ Box,20,70,worlds,World Championships 2023,Japan,JP,2023,2023-08-11,standard_2023,0,375_3915
375,317,Andrew Mahone,United States,Miraidon Flaaffy,21,305,worlds,World Championships 2023,Japan,JP,2023,2023-08-11,standard_2023,0,375_317
375,1789,Daichi Shimada,Japan,Lugia Archeops,22,160,worlds,World Championships 2023,Japan,JP,2023,2023-08-11,standard_2023,0,375_1789
375,1143,Bastian Silva,Chile,Chien-Pao Baxcalibur,23,153,worlds,World Championships 2023,Japan,JP,2023,2023-08-11,standard_2023,0,375_1143
375,3928,Miłosz Dyrlica,Poland,Lost Zone Box,24,79,worlds,World Championships 2023,Japan,JP,2023,2023-08-11,standard_2023,0,375_3928
375,953,Cameron Shenoy,United States,Fusion Mew,25,101,worlds,World Championships 2023,Japan,JP,2023,2023-08-11,standard_2023,0,375_953
375,100,Fabio Spanò,Italy,Goodra LZ Box,26,69,worlds,World Championships 2023,Japan,JP,2023,2023-08-11,standard_2023,0,375_100
375,2774,Pedro Pertusi,Brazil,Gardevoir,27,235,worlds,World Championships 2023,Japan,JP,2023,2023-08-11,standard_2023,0,375_2774
375,868,Jon Eng,United States,Lost Zone Box,28,492,worlds,World Championships 2023,Japan,JP,2023,2023-08-11,standard_2023,0,375_868
375,318,Alex Krekeler,United States,Inteleon Urshifu,29,192,worlds,World Championships 2023,Japan,JP,2023,2023-08-11,standard_2023,0,375_318
375,1598,Sejun Park,Korea,Miraidon Flaaffy,30,56,worlds,World Championships 2023,Japan,JP,2023,2023-08-11,standard_2023,0,375_1598
375,348,Ciaran Farah,Canada,Chien-Pao Baxcalibur,31,185,worlds,World Championships 2023,Japan,JP,2023,2023-08-11,standard_2023,0,375_348
375,4901,Shuto Kogawa,Japan,Chien-Pao Baxcalibur,32,20,worlds,World Championships 2023,Japan,JP,2023,2023-08-11,standard_2023,0,375_4901
375,3251,Jack Moore,Canada,Lost Zone Box,33,59,worlds,World Championships 2023,Japan,JP,2023,2023-08-11,standard_2023,0,375_3251
375,4738,Akihiro Urata,Japan,Giratina LZ Box,34,33,worlds,World Championships 2023,Japan,JP,2023,2023-08-11,standard_2023,0,375_4738
375,175,Xander Pero,United States,Fusion Mew,35,417,worlds,World Championships 2023,Japan,JP,2023,2023-08-11,standard_2023,0,375_175
375,4737,Tom Mizutani,Japan,Arceus Umbreon,36,33,worlds,World Championships 2023,Japan,JP,2023,2023-08-11,standard_2023,0,375_4737
375,4902,Namhyeok Koo,Korea,Giratina LZ Box,37,15,worlds,World Championships 2023,Japan,JP,2023,2023-08-11,standard_2023,0,375_4902
375,79,Piotr Orleański,Poland,Lost Zone Box,38,132,worlds,World Championships 2023,Japan,JP,2023,2023-08-11,standard_2023,0,375_79
375,1735,Gabor Van Meenen,Germany,Miraidon Regieleki,39,101,worlds,World Championships 2023,Japan,JP,2023,2023-08-11,standard_2023,0,375_1735
375,1626,Isaiah Bradner,United States,Lost Zone Box,40,332,worlds,World Championships 2023,Japan,JP,2023,2023-08-11,standard_2023,0,375_1626
375,4903,Yuta Mori,Japan,Fusion Mew,41,15,worlds,World Championships 2023,Japan,JP,2023,2023-08-11,standard_2023,0,375_4903
375,4904,Hiromi Isono,Japan,Lugia Archeops,42,15,worlds,World Championships 2023,Japan,JP,2023,2023-08-11,standard_2023,0,375_4904
375,4905,Su Chia-Hsing,Taiwan,Arceus,43,15,worlds,World Championships 2023,Japan,JP,2023,2023-08-11,standard_2023,0,375_4905
375,4739,Yu Shirokuma,Japan,Lost Zone Box,44,33,worlds,World Championships 2023,Japan,JP,2023,2023-08-11,standard_2023,0,375_4739
375,1088,Matthew Burris,Australia,Gardevoir,45,146,worlds,World Championships 2023,Japan,JP,2023,2023-08-11,standard_2023,0,375_1088
375,4906,Javier Chelmes,Chile,Lugia Archeops,46,15,worlds,World Championships 2023,Japan,JP,2023,2023-08-11,standard_2023,0,375_4906
375,3643,Mateusz Łaszkiewicz,Poland,Lost Zone Box,47,64,worlds,World Championships 2023,Japan,JP,2023,2023-08-11,standard_2023,0,375_3643
375,4907,Ghe Nawon,Korea,Lost Zone Box,48,15,worlds,World Championships 2023,Japan,JP,2023,2023-08-11,standard_2023,0,375_4907
375,3701,Jeremy Evans,Australia,Lugia Archeops,49,48,worlds,World Championships 2023,Japan,JP,2023,2023-08-11,standard_2023,0,375_3701
375,1630,Nicholas Moffitt,United States,Lost Zone Box,50,266,worlds,World Championships 2023,Japan,JP,2023,2023-08-11,standard_2023,0,375_1630
375,1679,Lucas Matheus,Brazil,Gardevoir,51,79,worlds,World Championships 2023,Japan,JP,2023,2023-08-11,standard_2023,0,375_1679
375,1148,Fabrizio Inga Silva,Peru,Lost Zone Box,52,158,worlds,World Championships 2023,Japan,JP,2023,2023-08-11,standard_2023,0,375_1148
375,2742,Kaito Kimura,Japan,Fusion Mew,53,51,worlds,World Championships 2023,Japan,JP,2023,2023-08-11,standard_2023,0,375_2742
375,64,Sander Wojcik,Netherlands,Counter Box,54,312,worlds,World Championships 2023,Japan,JP,2023,2023-08-11,standard_2023,0,375_64
375,1548,Bryan de Vries,Netherlands,Giratina LZ Box,55,275,worlds,World Championships 2023,Japan,JP,2023,2023-08-11,standard_2023,0,375_1548
375,131,Jonathan Fabrizio Bellucci Lanciano,Argentina,Lugia Archeops,56,188,worlds,World Championships 2023,Japan,JP,2023,2023-08-11,standard_2023,0,375_131
375,2385,Moeen Mungalee,South Africa,Gardevoir,57,23,worlds,World Championships 2023,Japan,JP,2023,2023-08-11,standard_2023,0,375_2385
375,4606,Dyatmika Paramaanindya,Indonesia,Inteleon Urshifu,58,33,worlds,World Championships 2023,Japan,JP,2023,2023-08-11,standard_2023,0,375_4606
375,3152,Jory Koot,Netherlands,Chien-Pao Baxcalibur,59,52,worlds,World Championships 2023,Japan,JP,2023,2023-08-11,standard_2023,0,375_3152
375,2630,Trevore Read,Canada,Lugia Archeops,60,76,worlds,World Championships 2023,Japan,JP,2023,2023-08-11,standard_2023,0,375_2630
375,3969,Tim Franklin,Australia,Lost Zone Box,61,33,worlds,World Championships 2023,Japan,JP,2023,2023-08-11,standard_2023,0,375_3969
375,1738,Owyn Kamerman,Netherlands,Arceus Umbreon,62,228,worlds,World Championships 2023,Japan,JP,2023,2023-08-11,standard_2023,0,375_1738
375,4908,Julian Luvara,Australia,Lost Zone Box,63,15,worlds,World Championships 2023,Japan,JP,2023,2023-08-11,standard_2023,0,375_4908
375,87,Fabien Pujol,France,Palkia Gardevoir,64,310,worlds,World Championships 2023,Japan,JP,2023,2023-08-11,standard_2023,0,375_87
375,864,Ian Robb,United States,Arceus Umbreon,65,512,worlds,World Championships 2023,Japan,JP,2023,2023-08-11,standard_2023,0,375_864
375,4734,Nachi Nezu,Japan,Fusion Mew,66,42,worlds,World Championships 2023,Japan,JP,2023,2023-08-11,standard_2023,0,375_4734
375,534,Aaron Friedman,United States,Giratina LZ Box,67,147,worlds,World Championships 2023,Japan,JP,2023,2023-08-11,standard_2023,0,375_534
375,1433,Tadashi Miyamoto,Japan,Lost Zone Box,68,24,worlds,World Championships 2023,Japan,JP,2023,2023-08-11,standard_2023,0,375_1433
375,108,Karl Peters,Germany,Arceus Giratina,69,173,worlds,World Championships 2023,Japan,JP,2023,2023-08-11,standard_2023,0,375_108
375,2262,Magnus Pedersen,Denmark,Chien-Pao Baxcalibur,70,178,worlds,World Championships 2023,Japan,JP,2023,2023-08-11,standard_2023,0,375_2262
375,2898,Regan Retzloff,United States,Chien-Pao Baxcalibur,71,210,worlds,World Championships 2023,Japan,JP,2023,2023-08-11,standard_2023,0,375_2898
375,2252,Riccardo Maganza,Italy,Gardevoir,72,63,worlds,World Championships 2023,Japan,JP,2023,2023-08-11,standard_2023,0,375_2252
375,2006,Luke Burke,Great Britain,Lost Zone Box,73,25,worlds,World Championships 2023,Japan,JP,2023,2023-08-11,standard_2023,0,375_2006
375,649,William Azevedo,Brazil,Gardevoir,74,299,worlds,World Championships 2023,Japan,JP,2023,2023-08-11,standard_2023,0,375_649
375,3209,Murilo Mercadante,Brazil,Lugia Archeops,75,38,worlds,World Championships 2023,Japan,JP,2023,2023-08-11,standard_2023,0,375_3209
375,322,Grant Manley,United States,Fusion Mew,76,535,worlds,World Championships 2023,Japan,JP,2023,2023-08-11,standard_2023,0,375_322
375,412,Mike Fouchet,United States,Giratina LZ Box,77,120,worlds,World Championships 2023,Japan,JP,2023,2023-08-11,standard_2023,0,375_412
375,3959,Carlos Medina Astete,Peru,Lost Zone Box,78,65,worlds,World Championships 2023,Japan,JP,2023,2023-08-11,standard_2023,0,375_3959
375,230,Diego Cassiraga,Argentina,Lugia Archeops,79,317,worlds,World Championships 2023,Japan,JP,2023,2023-08-11,standard_2023,0,375_230
375,4015,Christian Graziano,Italy,Inteleon Urshifu,80,37,worlds,World Championships 2023,Japan,JP,2023,2023-08-11,standard_2023,0,375_4015
375,2875,Andrew Hedrick,United States,Lost Zone Box,81,222,worlds,World Championships 2023,Japan,JP,2023,2023-08-11,standard_2023,0,375_2875
375,2802,Juan Andree Mejía,Chile,Gardevoir,82,73,worlds,World Championships 2023,Japan,JP,2023,2023-08-11,standard_2023,0,375_2802
375,4909,Thanakrit Krupanyamart,Thailand,Arceus Giratina Umbreon,83,12,worlds,World Championships 2023,Japan,JP,2023,2023-08-11,standard_2023,0,375_4909
375,2628,Calvin Connor,United States,Gardevoir,84,260,worlds,World Championships 2023,Japan,JP,2023,2023-08-11,standard_2023,0,375_2628
375,2504,Brennan Kamerman,Netherlands,Lost Zone Box,85,141,worlds,World Championships 2023,Japan,JP,2023,2023-08-11,standard_2023,0,375_2504
375,1790,Yoshiyuki Yamaguchi,Japan,Gardevoir,86,124,worlds,World Championships 2023,Japan,JP,2023,2023-08-11,standard_2023,0,375_1790
375,3684,Michael Dellenbach,Switzerland,Giratina LZ Box,87,14,worlds,World Championships 2023,Japan,JP,2023,2023-08-11,standard_2023,0,375_3684
375,4741,Shota Takagi,Japan,Lost Zone Box,88,24,worlds,World Championships 2023,Japan,JP,2023,2023-08-11,standard_2023,0,375_4741
375,691,Brandon Salazar,United States,Inteleon Urshifu,89,156,worlds,World Championships 2023,Japan,JP,2023,2023-08-11,standard_2023,0,375_691
375,444,Jared Woitalla,United States,Gardevoir,90,50,worlds,World Championships 2023,Japan,JP,2023,2023-08-11,standard_2023,0,375_444
375,3646,Benedetta Todaro,Italy,Fusion Mew,91,37,worlds,World Championships 2023,Japan,JP,2023,2023-08-11,standard_2023,0,375_3646
375,4740,Yuto Takeuchi,Japan,Giratina LZ Box,92,30,worlds,World Championships 2023,Japan,JP,2023,2023-08-11,standard_2023,0,375_4740
375,1198,Matias Matricardi,Argentina,Lugia Archeops,93,126,worlds,World Championships 2023,Japan,JP,2023,2023-08-11,standard_2023,0,375_1198
375,578,Simon Luong,Canada,Chien-Pao Baxcalibur,94,53,worlds,World Championships 2023,Japan,JP,2023,2023-08-11,standard_2023,0,375_578
375,1134,Grant Hays,United States,Lugia Archeops,95,124,worlds,World Championships 2023,Japan,JP,2023,2023-08-11,standard_2023,0,375_1134
375,4910,Taichi Saito,Japan,Lost Box Charizard,96,12,worlds,World Championships 2023,Japan,JP,2023,2023-08-11,standard_2023,0,375_4910
375,277,Damian Fernandez Urroz,Argentina,Fusion Mew,97,58,worlds,World Championships 2023,Japan,JP,2023,2023-08-11,standard_2023,0,375_277
375,3768,Christian Tuomi,Finland,Fusion Mew,98,50,worlds,World Championships 2023,Japan,JP,2023,2023-08-11,standard_2023,0,375_3768
375,1352,Jonah Alter,South Africa,Lost Zone Box,99,22,worlds,World Championships 2023,Japan,JP,2023,2023-08-11,standard_2023,0,375_1352
375,1035,Julius Brunfeldt,Finland,Fusion Mew,100,138,worlds,World Championships 2023,Japan,JP,2023,2023-08-11,standard_2023,0,375_1035
375,284,Stéphane Ivanoff,France,Giratina LZ Box,101,528,worlds,World Championships 2023,Japan,JP,2023,2023-08-11,standard_2023,0,375_284
375,4911,Hiroki Nishida,Japan,Lugia Archeops,102,12,worlds,World Championships 2023,Japan,JP,2023,2023-08-11,standard_2023,0,375_4911
375,4912,Hanseam Park,Korea,Lost Zone Box,103,12,worlds,World Championships 2023,Japan,JP,2023,2023-08-11,standard_2023,0,375_4912
375,3914,Fabio Battistella,Italy,Lost Zone Box,104,57,worlds,World Championships 2023,Japan,JP,2023,2023-08-11,standard_2023,0,375_3914
375,3931,Yoann Barszezak,France,Lost Zone Box,105,58,worlds,World Championships 2023,Japan,JP,2023,2023-08-11,standard_2023,0,375_3931
375,2501,Vincent Marcus Munk,Denmark,Chien-Pao Baxcalibur,106,52,worlds,World Championships 2023,Japan,JP,2023,2023-08-11,standard_2023,0,375_2501
375,4913,Lee King Yeung,Hong Kong,Giratina LZ Box,107,12,worlds,World Championships 2023,Japan,JP,2023,2023-08-11,standard_2023,0,375_4913
375,4914,Shiu Long Leon Chan,Hong Kong,Fusion Mew,108,12,worlds,World Championships 2023,Japan,JP,2023,2023-08-11,standard_2023,0,375_4914
375,167,Pablo Meza,Mexico,Giratina LZ Box,109,424,worlds,World Championships 2023,Japan,JP,2023,2023-08-11,standard_2023,0,375_167
375,4742,Yuta Nakayama,Japan,Lost Zone Box,110,24,worlds,World Championships 2023,Japan,JP,2023,2023-08-11,standard_2023,0,375_4742
375,4915,Yusuke Yamazaki,Japan,Giratina LZ Box,111,12,worlds,World Championships 2023,Japan,JP,2023,2023-08-11,standard_2023,0,375_4915
375,166,Heddi Brahmi,France,Lugia Archeops,112,115,worlds,World Championships 2023,Japan,JP,2023,2023-08-11,standard_2023,0,375_166
375,651,Dalton Acchetta,Brazil,Giratina LZ Box,113,161,worlds,World Championships 2023,Japan,JP,2023,2023-08-11,standard_2023,0,375_651
375,635,Alex Hamilton,United States,Arceus Giratina,114,51,worlds,World Championships 2023,Japan,JP,2023,2023-08-11,standard_2023,0,375_635
375,296,Nitish Doolub,Great Britain,Arceus Duraludon Umbreon,115,64,worlds,World Championships 2023,Japan,JP,2023,2023-08-11,standard_2023,0,375_296
375,328,Caleb Gedemer,United States,Fusion Mew,116,599,worlds,World Championships 2023,Japan,JP,2023,2023-08-11,standard_2023,0,375_328
375,203,Sam Chen,United States,Fusion Mew,117,411,worlds,World Championships 2023,Japan,JP,2023,2023-08-11,standard_2023,0,375_203
375,4916,Ittetsu Suzuki,Japan,Inteleon Urshifu,118,12,worlds,World Championships 2023,Japan,JP,2023,2023-08-11,standard_2023,0,375_4916
375,4917,Krittamet Santivivattanapong,Thailand,Gardevoir,119,12,worlds,World Championships 2023,Japan,JP,2023,2023-08-11,standard_2023,0,375_4917
375,4918,Seunghyeok Lee,Korea,Goodra LZ Box,120,12,worlds,World Championships 2023,Japan,JP,2023,2023-08-11,standard_2023,0,375_4918
375,4488,Shinya Kumagai,Japan,Lugia Archeops,121,34,worlds,World Championships 2023,Japan,JP,2023,2023-08-11,standard_2023,0,375_4488
375,3406,Ryoto Kobayashi,Japan,Chien-Pao Baxcalibur,122,34,worlds,World Championships 2023,Japan,JP,2023,2023-08-11,standard_2023,0,375_3406
375,4919,Ryuya Tamaki,Japan,Miraidon Flaaffy,123,12,worlds,World Championships 2023,Japan,JP,2023,2023-08-11,standard_2023,0,375_4919
375,4743,Hajime Miyagi,Japan,Mew Genesect,124,24,worlds,World Championships 2023,Japan,JP,2023,2023-08-11,standard_2023,0,375_4743
375,2770,Aidan Khus,United States,Lost Zone Box,125,180,worlds,World Championships 2023,Japan,JP,2023,2023-08-11,standard_2023,0,375_2770
375,4735,Taisei Kato,Japan,Gardevoir,126,38,worlds,World Championships 2023,Japan,JP,2023,2023-08-11,standard_2023,0,375_4735
375,1538,Jonatan Arellano,Spain,Giratina LZ Box,127,26,worlds,World Championships 2023,Japan,JP,2023,2023-08-11,standard_2023,0,375_1538
375,106,Bolly Olufon,Great Britain,Inteleon,128,61,worlds,World Championships 2023,Japan,JP,2023,2023-08-11,standard_2023,0,375_106
375,2792,Takuya Shomura,Japan,Arceus Giratina,129,25,worlds,World Championships 2023,Japan,JP,2023,2023-08-11,standard_2023,0,375_2792
375,660,Agustin Campo,Argentina,Lugia Archeops,130,78,worlds,World Championships 2023,Japan,JP,2023,2023-08-11,standard_2023,0,375_660
375,165,Gustavo Wada,Brazil,Gardevoir,131,766,worlds,World Championships 2023,Japan,JP,2023,2023-08-11,standard_2023,0,375_165
375,4920,Pipatphoom Rattanakaianan,Thailand,Gardevoir,132,10,worlds,World Championships 2023,Japan,JP,2023,2023-08-11,standard_2023,0,375_4920
375,4114,Ayato Fudetani,Japan,Arceus Duraludon,133,67,worlds,World Championships 2023,Japan,JP,2023,2023-08-11,standard_2023,0,375_4114
375,4921,Yu Tang Chiu,Taiwan,Gardevoir,134,10,worlds,World Championships 2023,Japan,JP,2023,2023-08-11,standard_2023,0,375_4921
375,4110,Yoshiki Kitae,Japan,Miraidon Flaaffy,135,25,worlds,World Championships 2023,Japan,JP,2023,2023-08-11,standard_2023,0,375_4110
375,26,Sen Caubergh,Belgium,Lost Zone Box,136,144,worlds,World Championships 2023,Japan,JP,2023,2023-08-11,standard_2023,0,375_26
375,4922,Thanthawat Chujitngamsuwong,Thailand,Palkia Chien-Pao,137,10,worlds,World Championships 2023,Japan,JP,2023,2023-08-11,standard_2023,0,375_4922
375,4923,Shinji Mori,Japan,Gardevoir,138,10,worlds,World Championships 2023,Japan,JP,2023,2023-08-11,standard_2023,0,375_4923
375,321,Rahul Reddy,United States,Gardevoir,139,550,worlds,World Championships 2023,Japan,JP,2023,2023-08-11,standard_2023,0,375_321
375,1646,Anthony Bruno,United States,Arceus Giratina,140,63,worlds,World Championships 2023,Japan,JP,2023,2023-08-11,standard_2023,0,375_1646
375,3195,Lucas Thiele,United States,Lost Zone Box,141,65,worlds,World Championships 2023,Japan,JP,2023,2023-08-11,standard_2023,0,375_3195
375,4745,Tomoyuki Abino,Japan,Lugia Archeops,142,22,worlds,World Championships 2023,Japan,JP,2023,2023-08-11,standard_2023,0,375_4745
375,178,Isaac Chen Im Sheng,Malaysia,Arceus Duraludon Umbreon,143,37,worlds,World Championships 2023,Japan,JP,2023,2023-08-11,standard_2023,0,375_178
375,845,Simone Canziani,Italy,Arceus Giratina,144,41,worlds,World Championships 2023,Japan,JP,2023,2023-08-11,standard_2023,0,375_845
375,19,Pedro Eugenio Torres,Spain,Lost Box Charizard,145,562,worlds,World Championships 2023,Japan,JP,2023,2023-08-11,standard_2023,0,375_19
375,4924,Yuto Kondo,Japan,Giratina LZ Box,146,10,worlds,World Championships 2023,Japan,JP,2023,2023-08-11,standard_2023,0,375_4924
375,13,Nico Alabas,Germany,Gardevoir,147,284,worlds,World Championships 2023,Japan,JP,2023,2023-08-11,standard_2023,0,375_13
375,1368,Natalie Millar,Australia,Arceus Umbreon,148,254,worlds,World Championships 2023,Japan,JP,2023,2023-08-11,standard_2023,0,375_1368
375,4116,Nathan Ginsburg,United States,Lost Zone Box,149,51,worlds,World Championships 2023,Japan,JP,2023,2023-08-11,standard_2023,0,375_4116
375,4925,Lin Wei-Yu,Taiwan,Lugia Archeops,150,10,worlds,World Championships 2023,Japan,JP,2023,2023-08-11,standard_2023,0,375_4925
375,4038,Nathan Stratford,United States,Arceus Goodra,151,75,worlds,World Championships 2023,Japan,JP,2023,2023-08-11,standard_2023,0,375_4038
375,3723,Grant Shen,United States,Gardevoir,152,197,worlds,World Championships 2023,Japan,JP,2023,2023-08-11,standard_2023,0,375_3723
375,4926,Cheuk Nam Pang,Hong Kong,Lost Zone Box,153,10,worlds,World Championships 2023,Japan,JP,2023,2023-08-11,standard_2023,0,375_4926
375,2950,Mads Jensen,Denmark,Lugia Archeops,154,39,worlds,World Championships 2023,Japan,JP,2023,2023-08-11,standard_2023,0,375_2950
375,3670,Christian LaBella,Canada,Arceus Giratina,155,127,worlds,World Championships 2023,Japan,JP,2023,2023-08-11,standard_2023,0,375_3670
375,1041,Lasse Puisto,Finland,Fusion Mew,156,45,worlds,World Championships 2023,Japan,JP,2023,2023-08-11,standard_2023,0,375_1041
375,155,Connor Finton,United States,Chien-Pao Baxcalibur,157,368,worlds,World Championships 2023,Japan,JP,2023,2023-08-11,standard_2023,0,375_155
375,2122,Gabriel Smart,United States,Lugia Archeops,158,223,worlds,World Championships 2023,Japan,JP,2023,2023-08-11,standard_2023,0,375_2122
375,129,Rafli Attar Ricco,Indonesia,Lugia Archeops,159,121,worlds,World Championships 2023,Japan,JP,2023,2023-08-11,standard_2023,0,375_129
375,4736,Shunsuke Sowa,Japan,Mew Genesect,160,32,worlds,World Championships 2023,Japan,JP,2023,2023-08-11,standard_2023,0,375_4736
375,4927,Yau Wai Ho,Hong Kong,Arceus Giratina,161,10,worlds,World Championships 2023,Japan,JP,2023,2023-08-11,standard_2023,0,375_4927
375,2215,Yuta Sudo,Japan,Fusion Mew,162,18,worlds,World Championships 2023,Japan,JP,2023,2023-08-11,standard_2023,0,375_2215
375,4928,Lin De Chiao,Taiwan,Gardevoir,163,10,worlds,World Championships 2023,Japan,JP,2023,2023-08-11,standard_2023,0,375_4928
375,46,Alessandro Cremascoli,Italy,Zoroark Box,164,219,worlds,World Championships 2023,Japan,JP,2023,2023-08-11,standard_2023,0,375_46
375,1203,Joshua Doctolero,Philippines,Arceus Giratina,165,32,worlds,World Championships 2023,Japan,JP,2023,2023-08-11,standard_2023,0,375_1203
375,1105,Henry Brand,Australia,Giratina LZ Box,166,232,worlds,World Championships 2023,Japan,JP,2023,2023-08-11,standard_2023,0,375_1105
375,4929,Akari Yamanoto,Japan,Fusion Mew,167,10,worlds,World Championships 2023,Japan,JP,2023,2023-08-11,standard_2023,0,375_4929
375,2471,Francesco Pasquale Caterino,Italy,Arceus Giratina,168,103,worlds,World Championships 2023,Japan,JP,2023,2023-08-11,standard_2023,0,375_2471
375,3108,Kazuki Kumegawa,Japan,Arceus Giratina,169,52,worlds,World Championships 2023,Japan,JP,2023,2023-08-11,standard_2023,0,375_3108
375,4930,Wai Lun Leung,Hong Kong,Arceus Giratina,170,10,worlds,World Championships 2023,Japan,JP,2023,2023-08-11,standard_2023,0,375_4930
314,76,Ondřej Škubal,Czech Republic,Arceus Flying Pikachu,1,252,worlds,World Championships 2022,Great Britain,EU,2022,2022-08-18,standard_2022,1,314_76
314,1789,Daichi Shimada,Japan,Arceus Flying Pikachu,2,160,worlds,World Championships 2022,Great Britain,EU,2022,2022-08-18,standard_2022,1,314_1789
314,1801,Ryota Ishiyama,Japan,Arceus Flying Pikachu,3,94,worlds,World Championships 2022,Great Britain,EU,2022,2022-08-18,standard_2022,1,314_1801
314,2456,James Cox,Australia,Palkia Inteleon,4,108,worlds,World Championships 2022,Great Britain,EU,2022,2022-08-18,standard_2022,1,314_2456
314,584,Andrew Estrada,Canada,Palkia Inteleon,5,200,worlds,World Championships 2022,Great Britain,EU,2022,2022-08-18,standard_2022,1,314_584
314,2126,André Chiasson,Canada,Fusion Mew,6,104,worlds,World Championships 2022,Great Britain,EU,2022,2022-08-18,standard_2022,1,314_2126
314,202,Kaiwen Cabbabe,Australia,Palkia Inteleon,7,235,worlds,World Championships 2022,Great Britain,EU,2022,2022-08-18,standard_2022,1,314_202
314,208,Otavio Gouveia,Brazil,Palkia Inteleon,8,256,worlds,World Championships 2022,Great Britain,EU,2022,2022-08-18,standard_2022,1,314_208
314,2628,Calvin Connor,United States,Palkia Inteleon,9,260,worlds,World Championships 2022,Great Britain,EU,2022,2022-08-18,standard_2022,0,314_2628
314,3765,Toyoaki Fujita,Japan,Fusion Mew,10,24,worlds,World Championships 2022,Great Britain,EU,2022,2022-08-18,standard_2022,0,314_3765
314,322,Grant Manley,United States,Ice Rider Calyrex Palkia,11,535,worlds,World Championships 2022,Great Britain,EU,2022,2022-08-18,standard_2022,0,314_322
314,227,Lucas Calzà,Italy,Arceus Inteleon,12,105,worlds,World Championships 2022,Great Britain,EU,2022,2022-08-18,standard_2022,0,314_227
314,12,Adam Hawkins,Great Britain,Arceus Aggron,13,241,worlds,World Championships 2022,Great Britain,EU,2022,2022-08-18,standard_2022,0,314_12
314,1188,Miloslav Posledni,Czech Republic,Palkia,14,218,worlds,World Championships 2022,Great Britain,EU,2022,2022-08-18,standard_2022,0,314_1188
314,173,Ross Cawthon,United States,Charizard Inteleon,15,336,worlds,World Championships 2022,Great Britain,EU,2022,2022-08-18,standard_2022,0,314_173
314,1626,Isaiah Bradner,United States,Palkia Inteleon,16,332,worlds,World Championships 2022,Great Britain,EU,2022,2022-08-18,standard_2022,0,314_1626
314,167,Pablo Meza,Mexico,Regis,17,424,worlds,World Championships 2022,Great Britain,EU,2022,2022-08-18,standard_2022,0,314_167
314,3106,Haru Nishikawa,Japan,Palkia Inteleon,19,82,worlds,World Championships 2022,Great Britain,EU,2022,2022-08-18,standard_2022,0,314_3106
314,3766,Asaki Hasegawa,Japan,Palkia Inteleon,20,20,worlds,World Championships 2022,Great Britain,EU,2022,2022-08-18,standard_2022,0,314_3766
314,612,Caleb Patton,United States,Fusion Mew,22,103,worlds,World Championships 2022,Great Britain,EU,2022,2022-08-18,standard_2022,0,314_612
314,8,Mehdi Hafi,France,Palkia,24,221,worlds,World Championships 2022,Great Britain,EU,2022,2022-08-18,standard_2022,0,314_8
314,153,Azul Garcia Griego,United States,Ice Rider Calyrex Palkia,26,943,worlds,World Championships 2022,Great Britain,EU,2022,2022-08-18,standard_2022,0,314_153
314,1738,Owyn Kamerman,Netherlands,Arceus Flying Pikachu,27,228,worlds,World Championships 2022,Great Britain,EU,2022,2022-08-18,standard_2022,0,314_1738
314,2122,Gabriel Smart,United States,Fusion Mew,28,223,worlds,World Championships 2022,Great Britain,EU,2022,2022-08-18,standard_2022,0,314_2122
314,47,Steven Mao,Germany,Arceus Inteleon,29,209,worlds,World Championships 2022,Great Britain,EU,2022,2022-08-18,standard_2022,0,314_47
314,3705,Kenki Tago,Japan,Palkia Inteleon,30,42,worlds,World Championships 2022,Great Britain,EU,2022,2022-08-18,standard_2022,0,314_3705
314,3670,Christian LaBella,Canada,Arceus Duraludon,31,127,worlds,World Championships 2022,Great Britain,EU,2022,2022-08-18,standard_2022,0,314_3670
166,1105,Henry Brand,Australia,Mewtwo & Mew,1,232,worlds,World Championships 2019,United States,Desconocido,2019,2019-08-17,standard_2020,1,166_1105
166,1458,Shintaro Ito,Japan,Blacephalon Naganadel,2,215,worlds,World Championships 2019,United States,Desconocido,2019,2019-08-17,standard_2020,1,166_1458
166,1363,Blaine Hill,United States,Green's Reshiram & Charizard,3,77,worlds,World Championships 2019,United States,Desconocido,2019,2019-08-17,standard_2020,1,166_1363
166,86,Tord Reklev,Norway,Reshiram & Charizard Fire Box,4,832,worlds,World Championships 2019,United States,Desconocido,2019,2019-08-17,standard_2020,1,166_86
166,202,Kaiwen Cabbabe,Australia,Pikachu & Zekrom,5,235,worlds,World Championships 2019,United States,Desconocido,2019,2019-08-17,standard_2020,1,166_202
166,1743,Paco Vilchez Barea,Spain,Green's Reshiram & Charizard,6,30,worlds,World Championships 2019,United States,Desconocido,2019,2019-08-17,standard_2020,1,166_1743
166,1801,Ryota Ishiyama,Japan,Mewtwo & Mew,7,94,worlds,World Championships 2019,United States,Desconocido,2019,2019-08-17,standard_2020,1,166_1801
166,472,Byron Isaiah Williams,United States,Pidgeotto Control,8,359,worlds,World Championships 2019,United States,Desconocido,2019,2019-08-17,standard_2020,1,166_472
166,2433,Hideki Sano,Japan,Gardevoir & Sylveon,9,24,worlds,World Championships 2019,United States,Desconocido,2019,2019-08-17,standard_2020,0,166_2433
166,108,Karl Peters,Germany,Gardevoir & Sylveon,10,173,worlds,World Championships 2019,United States,Desconocido,2019,2019-08-17,standard_2020,0,166_108
166,52,Bert Wolters,Netherlands,Mewtwo & Mew,11,255,worlds,World Championships 2019,United States,Desconocido,2019,2019-08-17,standard_2020,0,166_52
166,1790,Yoshiyuki Yamaguchi,Japan,Reshiram & Charizard Fire Box,12,124,worlds,World Championships 2019,United States,Desconocido,2019,2019-08-17,standard_2020,0,166_1790
166,131,Jonathan Fabrizio Bellucci Lanciano,Argentina,Blacephalon Naganadel,13,188,worlds,World Championships 2019,United States,Desconocido,2019,2019-08-17,standard_2020,0,166_131
166,2434,Shunpei Hosoya,Japan,Gardevoir & Sylveon,14,24,worlds,World Championships 2019,United States,Desconocido,2019,2019-08-17,standard_2020,0,166_2434
166,487,Zakary Krekeler,United States,Weavile Dark Box,16,166,worlds,World Championships 2019,United States,Desconocido,2019,2019-08-17,standard_2020,0,166_487
166,254,Lucas Henrique de Araujo Pereira,Brazil,Pikachu & Zekrom,17,176,worlds,World Championships 2019,United States,Desconocido,2019,2019-08-17,standard_2020,0,166_254
166,579,Charlie Lockyer,United States,Pikachu & Zekrom,18,158,worlds,World Championships 2019,United States,Desconocido,2019,2019-08-17,standard_2020,0,166_579
166,4,Robin Schulz,Germany,Mewtwo & Mew,20,427,worlds,World Championships 2019,United States,Desconocido,2019,2019-08-17,standard_2020,0,166_4
166,141,Justin Bokhari,United States,Pikachu & Zekrom,21,455,worlds,World Championships 2019,United States,Desconocido,2019,2019-08-17,standard_2020,0,166_141
166,149,Jose Marrero,United States,Reshiram & Charizard Fire Box,22,359,worlds,World Championships 2019,United States,Desconocido,2019,2019-08-17,standard_2020,0,166_149
166,334,Daniel Altavilla,United States,Pidgeotto Control,23,637,worlds,World Championships 2019,United States,Desconocido,2019,2019-08-17,standard_2020,0,166_334
166,2435,Keito Uchida,Japan,Ultra Malamar ,24,30,worlds,World Championships 2019,United States,Desconocido,2019,2019-08-17,standard_2020,0,166_2435
166,1548,Bryan de Vries,Netherlands,Pikachu & Zekrom,25,275,worlds,World Championships 2019,United States,Desconocido,2019,2019-08-17,standard_2020,0,166_1548
166,1874,Dylan Gunn,United States,Keldeo Bronzong Stall,26,81,worlds,World Championships 2019,United States,Desconocido,2019,2019-08-17,standard_2020,0,166_1874
166,193,Louis Chi,New Zealand,Blacephalon Naganadel,27,62,worlds,World Championships 2019,United States,Desconocido,2019,2019-08-17,standard_2020,0,166_193
166,8,Mehdi Hafi,France,Reshiram & Charizard Fire Box,28,221,worlds,World Championships 2019,United States,Desconocido,2019,2019-08-17,standard_2020,0,166_8
166,19,Pedro Eugenio Torres,Spain,Reshiram & Charizard Fire Box,29,562,worlds,World Championships 2019,United States,Desconocido,2019,2019-08-17,standard_2020,0,166_19
166,321,Rahul Reddy,United States,Green's Reshiram & Charizard,30,550,worlds,World Championships 2019,United States,Desconocido,2019,2019-08-17,standard_2020,0,166_321
166,902,Riley Hulbert,United States,Gardevoir & Sylveon,31,216,worlds,World Championships 2019,United States,Desconocido,2019,2019-08-17,standard_2020,0,166_902
166,900,Dennis Peroff,Canada,Malamar Giratina,32,94,worlds,World Championships 2019,United States,Desconocido,2019,2019-08-17,standard_2020,0,166_900
166,1788,Christian Hasbani,Australia,Malamar Giratina,34,147,worlds,World Championships 2019,United States,Desconocido,2019,2019-08-17,standard_2020,0,166_1788
166,153,Azul Garcia Griego,United States,Pidgeotto Control,35,943,worlds,World Championships 2019,United States,Desconocido,2019,2019-08-17,standard_2020,0,166_153
166,312,Bernardo Dias,Portugal,Ultra Malamar ,36,78,worlds,World Championships 2019,United States,Desconocido,2019,2019-08-17,standard_2020,0,166_312
166,2394,Haedon Jeong,Korea,Blacephalon Volcanion,38,51,worlds,World Championships 2019,United States,Desconocido,2019,2019-08-17,standard_2020,0,166_2394
166,143,Miguel Aml,Spain,Reshiram & Charizard Fire Box,39,27,worlds,World Championships 2019,United States,Desconocido,2019,2019-08-17,standard_2020,0,166_143
166,87,Fabien Pujol,France,Reshiram & Charizard Fire Box,40,310,worlds,World Championships 2019,United States,Desconocido,2019,2019-08-17,standard_2020,0,166_87
166,2436,Marco Spataro,Italy,Mewtwo & Mew,41,21,worlds,World Championships 2019,United States,Desconocido,2019,2019-08-17,standard_2020,0,166_2436
166,339,David Cooper,United States,Pikachu & Zekrom,42,46,worlds,World Championships 2019,United States,Desconocido,2019,2019-08-17,standard_2020,0,166_339
166,690,Will Jenkins,United States,Pikachu & Zekrom,43,150,worlds,World Championships 2019,United States,Desconocido,2019,2019-08-17,standard_2020,0,166_690
166,1036,Ilya Kornilov,Russia,Gardevoir & Sylveon,44,70,worlds,World Championships 2019,United States,Desconocido,2019,2019-08-17,standard_2020,0,166_1036
166,1843,Tatsuya Kobayashi,Japan,Reshiram & Charizard Fire Box,46,15,worlds,World Championships 2019,United States,Desconocido,2019,2019-08-17,standard_2020,0,166_1843
166,169,Takuya Yoneda,Japan,Malamar GG,47,216,worlds,World Championships 2019,United States,Desconocido,2019,2019-08-17,standard_2020,0,166_169
166,895,Dan Irish,United States,Green's Blacephalon,48,70,worlds,World Championships 2019,United States,Desconocido,2019,2019-08-17,standard_2020,0,166_895
166,1233,Colin Tang,Malaysia,Pikachu & Zekrom,49,108,worlds,World Championships 2019,United States,Desconocido,2019,2019-08-17,standard_2020,0,166_1233
166,364,Alex Schemanske,United States,Gengar & Mimikyu,50,602,worlds,World Championships 2019,United States,Desconocido,2019,2019-08-17,standard_2020,0,166_364
166,677,Haruki Satoyama,Japan,Gardevoir & Sylveon,51,85,worlds,World Championships 2019,United States,Desconocido,2019,2019-08-17,standard_2020,0,166_677
166,196,Zach Lesage,Canada,Green's Blacephalon,53,387,worlds,World Championships 2019,United States,Desconocido,2019,2019-08-17,standard_2020,0,166_196
166,489,Tristan Lackey,United States,Pikachu & Zekrom,54,68,worlds,World Championships 2019,United States,Desconocido,2019,2019-08-17,standard_2020,0,166_489
166,167,Pablo Meza,Mexico,Pikachu & Zekrom,55,424,worlds,World Championships 2019,United States,Desconocido,2019,2019-08-17,standard_2020,0,166_167
166,284,Stéphane Ivanoff,France,Gardevoir & Sylveon,56,528,worlds,World Championships 2019,United States,Desconocido,2019,2019-08-17,standard_2020,0,166_284
166,64,Sander Wojcik,Netherlands,Rowlet & Alolan Exeggutor,60,312,worlds,World Championships 2019,United States,Desconocido,2019,2019-08-17,standard_2020,0,166_64
166,301,Jack Underwood,Australia,Mewtwo & Mew Blastoise,61,59,worlds,World Championships 2019,United States,Desconocido,2019,2019-08-17,standard_2020,0,166_301
166,24,Tobias Thesing,Germany,Rampardos,62,144,worlds,World Championships 2019,United States,Desconocido,2019,2019-08-17,standard_2020,0,166_24
166,150,Jimmy Pendarvis,United States,Pidgeotto Control,63,610,worlds,World Championships 2019,United States,Desconocido,2019,2019-08-17,standard_2020,0,166_150
166,2216,Shintaro Yamamoto,Japan,Aerodactyl Carracosta,66,20,worlds,World Championships 2019,United States,Desconocido,2019,2019-08-17,standard_2020,0,166_2216
166,1861,Konsta Kallama,Finland,Malamar Giratina,67,109,worlds,World Championships 2019,United States,Desconocido,2019,2019-08-17,standard_2020,0,166_1861
166,1870,Danny Prather,United States,Mewtwo & Mew,72,64,worlds,World Championships 2019,United States,Desconocido,2019,2019-08-17,standard_2020,0,166_1870
166,1885,Seongmo Byun,Korea,Reshiram & Charizard Fire Box,75,36,worlds,World Championships 2019,United States,Desconocido,2019,2019-08-17,standard_2020,0,166_1885
166,1868,Timothy Tsang,Great Britain,Malamar Giratina,76,19,worlds,World Championships 2019,United States,Desconocido,2019,2019-08-17,standard_2020,0,166_1868
166,1564,Luke Schmitt,Australia,Pikachu & Zekrom,77,23,worlds,World Championships 2019,United States,Desconocido,2019,2019-08-17,standard_2020,0,166_1564
166,12,Adam Hawkins,Great Britain,Weavile Dark Box,79,241,worlds,World Championships 2019,United States,Desconocido,2019,2019-08-17,standard_2020,0,166_12
166,138,Brent Tonisson,Australia,Malamar Giratina,81,449,worlds,World Championships 2019,United States,Desconocido,2019,2019-08-17,standard_2020,0,166_138
166,125,Michael Pramawat,United States,Pidgeotto Control,82,602,worlds,World Championships 2019,United States,Desconocido,2019,2019-08-17,standard_2020,0,166_125
166,731,Jason Annichiarico,United States,Pikachu & Zekrom,83,97,worlds,World Championships 2019,United States,Desconocido,2019,2019-08-17,standard_2020,0,166_731
166,567,Justin Kulas,United States,Pikachu & Zekrom,84,194,worlds,World Championships 2019,United States,Desconocido,2019,2019-08-17,standard_2020,0,166_567
166,2442,Kosuke Hibino,Japan,Ultra Malamar ,85,34,worlds,World Championships 2019,United States,Desconocido,2019,2019-08-17,standard_2020,0,166_2442
166,2443,Eric Brooks,United States,Pikachu & Zekrom,87,12,worlds,World Championships 2019,United States,Desconocido,2019,2019-08-17,standard_2020,0,166_2443
166,137,Jordan Palmer,Australia,Malamar Giratina,89,256,worlds,World Championships 2019,United States,Desconocido,2019,2019-08-17,standard_2020,0,166_137
166,399,Kenny Britton,United States,Pikachu & Zekrom,90,169,worlds,World Championships 2019,United States,Desconocido,2019,2019-08-17,standard_2020,0,166_399
166,1127,Poet Larsen,United States,Gardevoir & Sylveon,91,67,worlds,World Championships 2019,United States,Desconocido,2019,2019-08-17,standard_2020,0,166_1127
166,31,Jimmy Wuyts,Belgium,Chandelure,92,84,worlds,World Championships 2019,United States,Desconocido,2019,2019-08-17,standard_2020,0,166_31
166,2181,Jose Carlos Gomez,Peru,Ultra Malamar ,93,16,worlds,World Championships 2019,United States,Desconocido,2019,2019-08-17,standard_2020,0,166_2181
166,1663,Hampus Eriksson,Sweden,Beheeyem,94,56,worlds,World Championships 2019,United States,Desconocido,2019,2019-08-17,standard_2020,0,166_1663
166,47,Steven Mao,Germany,Reshiram & Charizard Fire Box,96,209,worlds,World Championships 2019,United States,Desconocido,2019,2019-08-17,standard_2020,0,166_47
166,1526,Dalton Didelot,United States,Ultra Malamar ,97,69,worlds,World Championships 2019,United States,Desconocido,2019,2019-08-17,standard_2020,0,166_1526
166,2194,Eri Nakamura,Japan,Gardevoir & Sylveon,98,27,worlds,World Championships 2019,United States,Desconocido,2019,2019-08-17,standard_2020,0,166_2194
166,13,Nico Alabas,Germany,Reshiram & Charizard Fire Box,102,284,worlds,World Championships 2019,United States,Desconocido,2019,2019-08-17,standard_2020,0,166_13
166,328,Caleb Gedemer,United States,Pidgeotto Control,105,599,worlds,World Championships 2019,United States,Desconocido,2019,2019-08-17,standard_2020,0,166_328
166,2445,Kohei Kurita,Japan,Pikachu & Zekrom,107,12,worlds,World Championships 2019,United States,Desconocido,2019,2019-08-17,standard_2020,0,166_2445
166,2446,Kaden Brent,United States,Keldeo Bronzong Stall,110,20,worlds,World Championships 2019,United States,Desconocido,2019,2019-08-17,standard_2020,0,166_2446
166,1635,Zachary Cooper,United States,Shedinja Control,116,164,worlds,World Championships 2019,United States,Desconocido,2019,2019-08-17,standard_2020,0,166_1635
166,703,Eric Smith,United States,Green's Blacephalon,117,99,worlds,World Championships 2019,United States,Desconocido,2019,2019-08-17,standard_2020,0,166_703
166,97,Manuel Jorach,Austria,Blacephalon Naganadel,118,126,worlds,World Championships 2019,United States,Desconocido,2019,2019-08-17,standard_2020,0,166_97
94,4,Robin Schulz,Germany,Zoroark Garbodor,1,427,worlds,World Championships 2018,United States,Desconocido,2018,2018-08-25,standard_2018,1,94_4
94,1560,Jeff Kolenc,Canada,Psychic Malamar,2,38,worlds,World Championships 2018,United States,Desconocido,2018,2018-08-25,standard_2018,1,94_1560
94,1201,Klive Aw Jun Jie,Singapore,Zygarde Lycanroc,3,80,worlds,World Championships 2018,United States,Desconocido,2018,2018-08-25,standard_2018,1,94_1201
94,19,Pedro Eugenio Torres,Spain,Rayquaza,4,562,worlds,World Championships 2018,United States,Desconocido,2018,2018-08-25,standard_2018,1,94_19
94,703,Eric Smith,United States,Rayquaza,5,99,worlds,World Championships 2018,United States,Desconocido,2018,2018-08-25,standard_2018,1,94_703
94,145,Nicolas Galaz,Chile,Buzzwole Lycanroc,6,254,worlds,World Championships 2018,United States,Desconocido,2018,2018-08-25,standard_2018,1,94_145
94,1561,Shuto Itagaki,Japan,Rayquaza,7,50,worlds,World Championships 2018,United States,Desconocido,2018,2018-08-25,standard_2018,1,94_1561
94,1528,Brian Miller,United States,Zoroark Golisopod,8,95,worlds,World Championships 2018,United States,Desconocido,2018,2018-08-25,standard_2018,1,94_1528
94,59,Martin Janous,Czech Republic,Greninja,9,214,worlds,World Championships 2018,United States,Desconocido,2018,2018-08-25,standard_2018,0,94_59
94,698,Michael Bergerac,United States,Rayquaza,10,155,worlds,World Championships 2018,United States,Desconocido,2018,2018-08-25,standard_2018,0,94_698
94,674,Masataka Hirano,Japan,Zoroark Gallade,11,125,worlds,World Championships 2018,United States,Desconocido,2018,2018-08-25,standard_2018,0,94_674
94,87,Fabien Pujol,France,Rayquaza,12,310,worlds,World Championships 2018,United States,Desconocido,2018,2018-08-25,standard_2018,0,94_87
94,321,Rahul Reddy,United States,Banette Garbodor,13,550,worlds,World Championships 2018,United States,Desconocido,2018,2018-08-25,standard_2018,0,94_321
94,150,Jimmy Pendarvis,United States,Zoroark Garbodor,14,610,worlds,World Championships 2018,United States,Desconocido,2018,2018-08-25,standard_2018,0,94_150
94,426,Christopher Schemanske,United States,Buzzwole Garbodor,15,228,worlds,World Championships 2018,United States,Desconocido,2018,2018-08-25,standard_2018,0,94_426
94,849,Hunter Butler,United States,Buzzwole Garbodor,16,176,worlds,World Championships 2018,United States,Desconocido,2018,2018-08-25,standard_2018,0,94_849
94,68,Luca Clavadetscher,Switzerland,Greninja,17,130,worlds,World Championships 2018,United States,Desconocido,2018,2018-08-25,standard_2018,0,94_68
94,105,Marc Lutz,Germany,Buzzwole Magcargo,18,212,worlds,World Championships 2018,United States,Desconocido,2018,2018-08-25,standard_2018,0,94_105
94,889,Joe Ruettiger,United States,Zoroark Garbodor,19,306,worlds,World Championships 2018,United States,Desconocido,2018,2018-08-25,standard_2018,0,94_889
94,153,Azul Garcia Griego,United States,Zoroark Garbodor,20,943,worlds,World Championships 2018,United States,Desconocido,2018,2018-08-25,standard_2018,0,94_153
94,46,Alessandro Cremascoli,Italy,Buzzwole Garbodor,21,219,worlds,World Championships 2018,United States,Desconocido,2018,2018-08-25,standard_2018,0,94_46
94,169,Takuya Yoneda,Japan,Zoroark Gallade,22,216,worlds,World Championships 2018,United States,Desconocido,2018,2018-08-25,standard_2018,0,94_169
94,1562,Seitaro Shibuya,Japan,Zoroark Lycanroc,23,28,worlds,World Championships 2018,United States,Desconocido,2018,2018-08-25,standard_2018,0,94_1562
94,1368,Natalie Millar,Australia,Buzzwole Garbodor,24,254,worlds,World Championships 2018,United States,Desconocido,2018,2018-08-25,standard_2018,0,94_1368
94,11,Ryan Moorhouse,Great Britain,Zoroark Garbodor,25,175,worlds,World Championships 2018,United States,Desconocido,2018,2018-08-25,standard_2018,0,94_11
94,364,Alex Schemanske,United States,Buzzwole Garbodor,26,602,worlds,World Championships 2018,United States,Desconocido,2018,2018-08-25,standard_2018,0,94_364
94,80,Kristian Hodas,Slovakia,Greninja,27,100,worlds,World Championships 2018,United States,Desconocido,2018,2018-08-25,standard_2018,0,94_80
94,1563,Angel Javier Torres,Spain,Rayquaza,29,20,worlds,World Championships 2018,United States,Desconocido,2018,2018-08-25,standard_2018,0,94_1563
94,645,Clifton Goh,Singapore,Yveltal,31,210,worlds,World Championships 2018,United States,Desconocido,2018,2018-08-25,standard_2018,0,94_645
94,17,Philip Schulz,Germany,Zoroark Garbodor,32,321,worlds,World Championships 2018,United States,Desconocido,2018,2018-08-25,standard_2018,0,94_17
72,230,Diego Cassiraga,Argentina,Gardevoir,1,317,worlds,World Championships 2017,United States,Desconocido,2017,2017-08-19,standard_2017,1,72_230
72,670,Naoto Suzuki,Japan,Golisopod Garbodor,2,46,worlds,World Championships 2017,United States,Desconocido,2017,2017-08-19,standard_2017,1,72_670
72,175,Xander Pero,United States,Espeon Garbodor,3,417,worlds,World Championships 2017,United States,Desconocido,2017,2017-08-19,standard_2017,1,72_175
72,671,Sho Sasaki,Japan,Golisopod Garbodor,4,52,worlds,World Championships 2017,United States,Desconocido,2017,2017-08-19,standard_2017,1,72_671
72,672,Reiji Nishiguchi,Japan,Garbodor Necrozma,5,42,worlds,World Championships 2017,United States,Desconocido,2017,2017-08-19,standard_2017,1,72_672
72,150,Jimmy Pendarvis,United States,Espeon Garbodor,6,610,worlds,World Championships 2017,United States,Desconocido,2017,2017-08-19,standard_2017,1,72_150
72,167,Pablo Meza,Mexico,Gardevoir,7,424,worlds,World Championships 2017,United States,Desconocido,2017,2017-08-19,standard_2017,1,72_167
72,203,Sam Chen,United States,Drampa Garbodor,8,411,worlds,World Championships 2017,United States,Desconocido,2017,2017-08-19,standard_2017,1,72_203
72,169,Takuya Yoneda,Japan,Ho-Oh Salazzle,9,216,worlds,World Championships 2017,United States,Desconocido,2017,2017-08-19,standard_2017,0,72_169
72,31,Jimmy Wuyts,Belgium,Volcanion,10,84,worlds,World Championships 2017,United States,Desconocido,2017,2017-08-19,standard_2017,0,72_31
72,133,Frank Diaz,United States,Drampa Garbodor,13,138,worlds,World Championships 2017,United States,Desconocido,2017,2017-08-19,standard_2017,0,72_133
72,206,Joey Ho,Singapore,Mega Rayquaza,14,109,worlds,World Championships 2017,United States,Desconocido,2017,2017-08-19,standard_2017,0,72_206
72,241,Freya Pearce,Great Britain,Mega Rayquaza,15,79,worlds,World Championships 2017,United States,Desconocido,2017,2017-08-19,standard_2017,0,72_241
72,673,Takeshi Tosa,Japan,Ho-Oh Salazzle,17,43,worlds,World Championships 2017,United States,Desconocido,2017,2017-08-19,standard_2017,0,72_673
72,160,Samuel Hough,United States,Greninja,18,181,worlds,World Championships 2017,United States,Desconocido,2017,2017-08-19,standard_2017,0,72_160
72,675,Shun Ito,Japan,Gardevoir Sylveon,20,101,worlds,World Championships 2017,United States,Desconocido,2017,2017-08-19,standard_2017,0,72_675
72,86,Tord Reklev,Norway,Drampa Garbodor,23,832,worlds,World Championships 2017,United States,Desconocido,2017,2017-08-19,standard_2017,0,72_86
72,19,Pedro Eugenio Torres,Spain,Volcanion,25,562,worlds,World Championships 2017,United States,Desconocido,2017,2017-08-19,standard_2017,0,72_19
72,155,Connor Finton,United States,Mega Rayquaza,29,368,worlds,World Championships 2017,United States,Desconocido,2017,2017-08-19,standard_2017,0,72_155
72,334,Daniel Altavilla,United States,Drampa Garbodor,30,637,worlds,World Championships 2017,United States,Desconocido,2017,2017-08-19,standard_2017,0,72_334
72,137,Jordan Palmer,Australia,Drampa Garbodor,31,256,worlds,World Championships 2017,United States,Desconocido,2017,2017-08-19,standard_2017,0,72_137
140,1458,Shintaro Ito,Japan,Mega Audino,1,215,worlds,World Championships 2016,United States,Desconocido,2016,2016-08-20,standard_2016,1,140_1458
140,636,Cody Walinski,United States,Greninja,2,94,worlds,World Championships 2016,United States,Desconocido,2016,2016-08-20,standard_2016,1,140_636
140,160,Samuel Hough,United States,Vileplume Toolbox,3,181,worlds,World Championships 2016,United States,Desconocido,2016,2016-08-20,standard_2016,1,140_160
140,173,Ross Cawthon,United States,Vespiquen,4,336,worlds,World Championships 2016,United States,Desconocido,2016,2016-08-20,standard_2016,1,140_173
140,52,Bert Wolters,Netherlands,Greninja,5,255,worlds,World Championships 2016,United States,Desconocido,2016,2016-08-20,standard_2016,1,140_52
140,239,Brad Curcio,United States,Night March,6,225,worlds,World Championships 2016,United States,Desconocido,2016,2016-08-20,standard_2016,1,140_239
140,1594,Luca Schuster,Austria,Night March Vespiquen,7,43,worlds,World Championships 2016,United States,Desconocido,2016,2016-08-20,standard_2016,1,140_1594
140,165,Gustavo Wada,Brazil,Bronzong Box,8,766,worlds,World Championships 2016,United States,Desconocido,2016,2016-08-20,standard_2016,1,140_165
140,241,Freya Pearce,Great Britain,Night March,9,79,worlds,World Championships 2016,United States,Desconocido,2016,2016-08-20,standard_2016,0,140_241
140,1595,Kojiro Tsuruta,Japan,Volcanion,10,42,worlds,World Championships 2016,United States,Desconocido,2016,2016-08-20,standard_2016,0,140_1595
140,676,Kazuki Kasahara,Japan,Volcanion,11,54,worlds,World Championships 2016,United States,Desconocido,2016,2016-08-20,standard_2016,0,140_676
140,796,Brandon Flowers,United States,Vespiquen Vileplume,12,34,worlds,World Championships 2016,United States,Desconocido,2016,2016-08-20,standard_2016,0,140_796
140,168,Kian Amini,United States,Night March,17,301,worlds,World Championships 2016,United States,Desconocido,2016,2016-08-20,standard_2016,0,140_168
140,374,Brit Pybas,United States,Watertoad,18,64,worlds,World Championships 2016,United States,Desconocido,2016,2016-08-20,standard_2016,0,140_374
140,1598,Sejun Park,Korea,Zygarde Carbink Vileplume,29,56,worlds,World Championships 2016,United States,Desconocido,2016,2016-08-20,standard_2016,0,140_1598
140,87,Fabien Pujol,France,Mega Sceptile,32,328,worlds,World Championships 2016,United States,Desconocido,2016,2016-08-20,standard_2016,0,140_87
244,948,Jacob Van Wagner,United States,Archie's Blastoise,1,56,worlds,World Championships 2015,United States,Desconocido,2015,2015-08-22,standard_2015,1,244_948
244,35,Mees Brenninkmeijer,Netherlands,Seismitoad Crobat,2,164,worlds,World Championships 2015,United States,Desconocido,2015,2015-08-22,standard_2015,1,244_35
244,315,Igor Costa,United States,Seismitoad Crobat,3,509,worlds,World Championships 2015,United States,Desconocido,2015,2015-08-22,standard_2015,1,244_315
244,16,Merlin Quittek,Germany,Night March,4,63,worlds,World Championships 2015,United States,Desconocido,2015,2015-08-22,standard_2015,1,244_16
244,368,Sean Foisy,United States,Trevenant Gengar,5,76,worlds,World Championships 2015,United States,Desconocido,2015,2015-08-22,standard_2015,1,244_368
244,59,Martin Janous,Czech Republic,Night March,6,214,worlds,World Championships 2015,United States,Desconocido,2015,2015-08-22,standard_2015,1,244_59
244,336,Simon Narode,United States,Donphan,7,121,worlds,World Championships 2015,United States,Desconocido,2015,2015-08-22,standard_2015,1,244_336
244,176,Tito Santoso,Indonesia,Aromatisse Box,8,70,worlds,World Championships 2015,United States,Desconocido,2015,2015-08-22,standard_2015,1,244_176
244,173,Ross Cawthon,United States,Primal Groudon,12,336,worlds,World Championships 2015,United States,Desconocido,2015,2015-08-22,standard_2015,0,244_173
244,334,Daniel Altavilla,United States,Mega Manectric,13,637,worlds,World Championships 2015,United States,Desconocido,2015,2015-08-22,standard_2015,0,244_334
244,2996,Dylan Dreyer,United States,Night March,14,24,worlds,World Championships 2015,United States,Desconocido,2015,2015-08-22,standard_2015,0,244_2996
244,2997,Michikazu Tsuda,Japan,Raichu Crobat,15,58,worlds,World Championships 2015,United States,Desconocido,2015,2015-08-22,standard_2015,0,244_2997
244,2999,Henry Ross-Clunis,United States,Night March,18,26,worlds,World Championships 2015,United States,Desconocido,2015,2015-08-22,standard_2015,0,244_2999
244,662,Adrian Velasco,Philippines,Trevenant Gengar,19,75,worlds,World Championships 2015,United States,Desconocido,2015,2015-08-22,standard_2015,0,244_662
244,150,Jimmy Pendarvis,United States,Night March,20,610,worlds,World Championships 2015,United States,Desconocido,2015,2015-08-22,standard_2015,0,244_150
244,203,Sam Chen,United States,Archie's Blastoise,21,411,worlds,World Championships 2015,United States,Desconocido,2015,2015-08-22,standard_2015,0,244_203
244,424,Aaron Tarbell,United States,Archie's Blastoise,22,288,worlds,World Championships 2015,United States,Desconocido,2015,2015-08-22,standard_2015,0,244_424
244,348,Ciaran Farah,Canada,Raichu Crobat,23,185,worlds,World Championships 2015,United States,Desconocido,2015,2015-08-22,standard_2015,0,244_348
244,329,Daniel Lynch,United States,Donphan,24,235,worlds,World Championships 2015,United States,Desconocido,2015,2015-08-22,standard_2015,0,244_329
244,168,Kian Amini,United States,Seismitoad Manectric Crobat,25,301,worlds,World Championships 2015,United States,Desconocido,2015,2015-08-22,standard_2015,0,244_168
244,3000,Jason Klaczynski,United States,Seismitoad Garbodor,26,92,worlds,World Championships 2015,United States,Desconocido,2015,2015-08-22,standard_2015,0,244_3000
244,130,Alexander Hill,United States,Trevenant Gengar,27,192,worlds,World Championships 2015,United States,Desconocido,2015,2015-08-22,standard_2015,0,244_130
244,24,Tobias Thesing,Germany,Raichu Crobat,28,144,worlds,World Championships 2015,United States,Desconocido,2015,2015-08-22,standard_2015,0,244_24
244,374,Brit Pybas,United States,Bronzong Box,29,64,worlds,World Championships 2015,United States,Desconocido,2015,2015-08-22,standard_2015,0,244_374
244,1015,Dustin Zimmerman,United States,Bronzong Box,31,103,worlds,World Championships 2015,United States,Desconocido,2015,2015-08-22,standard_2015,0,244_1015
243,584,Andrew Estrada,Canada,Virizion Genesect,1,200,worlds,World Championships 2014,United States,Desconocido,2014,2014-08-16,standard_2014,1,243_584
243,315,Igor Costa,United States,Virizion Genesect,2,509,worlds,World Championships 2014,United States,Desconocido,2014,2014-08-16,standard_2014,1,243_315
243,2997,Michikazu Tsuda,Japan,Aromatisse Kangaskhan,3,58,worlds,World Championships 2014,United States,Desconocido,2014,2014-08-16,standard_2014,1,243_2997
243,3013,Paulo Silva,Portugal,Virizion Genesect,4,34,worlds,World Championships 2014,United States,Desconocido,2014,2014-08-16,standard_2014,1,243_3013
243,600,Chase Moloney,Canada,Yveltal Garbodor,6,70,worlds,World Championships 2014,United States,Desconocido,2014,2014-08-16,standard_2014,1,243_600
243,3015,Vincent Azzolin,France,Plasma Lugia,7,30,worlds,World Championships 2014,United States,Desconocido,2014,2014-08-16,standard_2014,1,243_3015
243,334,Daniel Altavilla,United States,Blastoise Keldeo,9,637,worlds,World Championships 2014,United States,Desconocido,2014,2014-08-16,standard_2014,0,243_334
243,3016,Mia Violet,United States,Yveltal Dusknoir,11,24,worlds,World Championships 2014,United States,Desconocido,2014,2014-08-16,standard_2014,0,243_3016
243,2394,Haedon Jeong,Korea,Yveltal Garbodor,12,51,worlds,World Championships 2014,United States,Desconocido,2014,2014-08-16,standard_2014,0,243_2394
243,11,Ryan Moorhouse,Great Britain,Yveltal Garbodor,13,175,worlds,World Championships 2014,United States,Desconocido,2014,2014-08-16,standard_2014,0,243_11
243,173,Ross Cawthon,United States,Landorus Raichu,16,336,worlds,World Championships 2014,United States,Desconocido,2014,2014-08-16,standard_2014,0,243_173
243,169,Takuya Yoneda,Japan,Yveltal Garbodor,19,216,worlds,World Championships 2014,United States,Desconocido,2014,2014-08-16,standard_2014,0,243_169
243,3127,Fabio Lona de Danielli,Brazil,Yveltal Garbodor,20,20,worlds,World Championships 2014,United States,Desconocido,2014,2014-08-16,standard_2014,0,243_3127
243,426,Christopher Schemanske,United States,Yveltal Garbodor,22,228,worlds,World Championships 2014,United States,Desconocido,2014,2014-08-16,standard_2014,0,243_426
243,685,Christopher Venier,Canada,Virizion Genesect,23,139,worlds,World Championships 2014,United States,Desconocido,2014,2014-08-16,standard_2014,0,243_685
243,202,Kaiwen Cabbabe,Australia,Yveltal Garbodor,24,235,worlds,World Championships 2014,United States,Desconocido,2014,2014-08-16,standard_2014,0,243_202
243,203,Sam Chen,United States,Plasma Lugia,25,411,worlds,World Championships 2014,United States,Desconocido,2014,2014-08-16,standard_2014,0,243_203
243,135,Israel Sosa,United States,Yveltal Darkrai,26,198,worlds,World Championships 2014,United States,Desconocido,2014,2014-08-16,standard_2014,0,243_135
243,645,Clifton Goh,Singapore,Yveltal Garbodor,30,210,worlds,World Championships 2014,United States,Desconocido,2014,2014-08-16,standard_2014,0,243_645
243,1387,Adler Pierce,United States,Virizion Genesect,31,125,worlds,World Championships 2014,United States,Desconocido,2014,2014-08-16,standard_2014,0,243_1387
243,137,Jordan Palmer,Australia,Plasma Kyurem,32,256,worlds,World Championships 2014,United States,Desconocido,2014,2014-08-16,standard_2014,0,243_137
242,3000,Jason Klaczynski,United States,Darkrai Sableye,1,92,worlds,World Championships 2013,Canada,Desconocido,2013,2013-08-10,standard_2013,1,242_3000
242,336,Simon Narode,United States,Plasma Kyurem,2,121,worlds,World Championships 2013,Canada,Desconocido,2013,2013-08-10,standard_2013,1,242_336
242,3040,James Good,United States,Blastoise Keldeo,3,34,worlds,World Championships 2013,Canada,Desconocido,2013,2013-08-10,standard_2013,1,242_3040
242,1015,Dustin Zimmerman,United States,Sableye Garbodor,4,103,worlds,World Championships 2013,Canada,Desconocido,2013,2013-08-10,standard_2013,1,242_1015
242,169,Takuya Yoneda,Japan,Darkrai Garbodor,5,216,worlds,World Championships 2013,Canada,Desconocido,2013,2013-08-10,standard_2013,1,242_169
242,550,Johnny Rabus,United States,Plasma Kyurem,6,58,worlds,World Championships 2013,Canada,Desconocido,2013,2013-08-10,standard_2013,1,242_550
242,3018,Jon Bristow,United States,Rayquaza Eelektrik,8,42,worlds,World Championships 2013,Canada,Desconocido,2013,2013-08-10,standard_2013,1,242_3018
242,3041,Gino Lombardi,United States,Blastoise Keldeo,9,24,worlds,World Championships 2013,Canada,Desconocido,2013,2013-08-10,standard_2013,0,242_3041
242,474,Dylan Bryan,United States,Flareon,10,129,worlds,World Championships 2013,Canada,Desconocido,2013,2013-08-10,standard_2013,0,242_474
242,3043,Mike Newman,United States,Blastoise Keldeo,12,24,worlds,World Championships 2013,Canada,Desconocido,2013,2013-08-10,standard_2013,0,242_3043
242,60,Guenther Kirchhofer,Austria,Plasma Kyurem,13,36,worlds,World Championships 2013,Canada,Desconocido,2013,2013-08-10,standard_2013,0,242_60
242,600,Chase Moloney,Canada,Darkrai Sableye,15,70,worlds,World Championships 2013,Canada,Desconocido,2013,2013-08-10,standard_2013,0,242_600
242,320,Tamao Cameron,Great Britain,Klinklang,26,110,worlds,World Championships 2013,Canada,Desconocido,2013,2013-08-10,standard_2013,0,242_320
242,2956,David Sturm,Germany,Klinklang,27,70,worlds,World Championships 2013,Canada,Desconocido,2013,2013-08-10,standard_2013,0,242_2956
241,315,Igor Costa,United States,Darkrai Mewtwo Terrakion,1,509,worlds,World Championships 2012,United States,Desconocido,2012,2012-08-14,standard_2012,1,241_315
241,3012,Harrison Leven,United States,Darkrai Mewtwo,2,44,worlds,World Championships 2012,United States,Desconocido,2012,2012-08-14,standard_2012,1,241_3012
241,3435,Jay Hornung,United States,Darkrai Mewtwo,3,58,worlds,World Championships 2012,United States,Desconocido,2012,2012-08-14,standard_2012,1,241_3435
241,420,Michael Diaz,United States,Darkrai Mewtwo,4,72,worlds,World Championships 2012,United States,Desconocido,2012,2012-08-14,standard_2012,1,241_420
241,389,Stefan Tabaco,United States,Celebi Mewtwo Terrakion,6,99,worlds,World Championships 2012,United States,Desconocido,2012,2012-08-14,standard_2012,1,241_389
241,645,Clifton Goh,Singapore,Chandelure Accelgor Lock,14,210,worlds,World Championships 2012,United States,Desconocido,2012,2012-08-14,standard_2012,0,241_645
240,3439,David Cohen,United States,Magnezone Emboar,1,42,worlds,World Championships 2011,United States,Desconocido,2011,2011-08-13,standard_2011,1,240_3439
240,173,Ross Cawthon,United States,Vileplume Reuniclus Combo,2,336,worlds,World Championships 2011,United States,Desconocido,2011,2011-08-13,standard_2011,1,240_173
240,3440,Tom Dolezal,United States,Reshiram Typhlosion,3,34,worlds,World Championships 2011,United States,Desconocido,2011,2011-08-13,standard_2011,1,240_3440
240,3042,Josue Palomino,Mexico,Reshiram Typhlosion,4,58,worlds,World Championships 2011,United States,Desconocido,2011,2011-08-13,standard_2011,1,240_3042
240,3441,Josh Wittenkeller,United States,Magnezone Yanmega,5,30,worlds,World Championships 2011,United States,Desconocido,2011,2011-08-13,standard_2011,1,240_3441
240,502,Jeremy Jallen,United States,Reshiram Typhlosion,6,82,worlds,World Championships 2011,United States,Desconocido,2011,2011-08-13,standard_2011,1,240_502
240,1190,Filipp Lausch,Austria,Magnezone Yanmega,13,55,worlds,World Championships 2011,United States,Desconocido,2011,2011-08-13,standard_2011,0,240_1190
240,3435,Jay Hornung,United States,Magnezone Yanmega,15,58,worlds,World Championships 2011,United States,Desconocido,2011,2011-08-13,standard_2011,0,240_3435
240,3447,Miska Saari,Finland,Reshiram Typhlosion,16,24,worlds,World Championships 2011,United States,Desconocido,2011,2011-08-13,standard_2011,0,240_3447
384,1330,Francisco Toranzo Santiago,Spain,Inteleon Urshifu,1,36,others,Special Event Barcelona,Spain,EU,2023,2023-09-16,standard_2023,1,384_1330
384,2913,Michael Hunter,Ireland,Gardevoir,2,21,others,Special Event Barcelona,Spain,EU,2023,2023-09-16,standard_2023,1,384_2913
384,4726,Alberto Benvenga,Italy,Charizard LZ Box,3,12,others,Special Event Barcelona,Spain,EU,2023,2023-09-16,standard_2023,1,384_4726
384,4721,Giancarlo Granata,Italy,Lugia Archeops,4,12,others,Special Event Barcelona,Spain,EU,2023,2023-09-16,standard_2023,1,384_4721
384,86,Tord Reklev,Norway,Gardevoir,5,832,others,Special Event Barcelona,Spain,EU,2023,2023-09-16,standard_2023,1,384_86
384,1188,Miloslav Posledni,Czech Republic,Lost Zone Box,6,218,others,Special Event Barcelona,Spain,EU,2023,2023-09-16,standard_2023,1,384_1188
384,5018,Talon Dale,Great Britain,Lost Zone Box,7,8,others,Special Event Barcelona,Spain,EU,2023,2023-09-16,standard_2023,1,384_5018
384,5019,Francisco Jesús Tomás Tovar,Spain,Lost Zone Box,8,8,others,Special Event Barcelona,Spain,EU,2023,2023-09-16,standard_2023,1,384_5019
384,87,Fabien Pujol,France,Gardevoir,9,328,others,Special Event Barcelona,Spain,EU,2023,2023-09-16,standard_2023,0,384_87
384,5020,Eugenio Paoloni,Italy,Lost Zone Box,10,5,others,Special Event Barcelona,Spain,EU,2023,2023-09-16,standard_2023,0,384_5020
384,1345,Rory Licken,Ireland,Giratina LZ Box,11,27,others,Special Event Barcelona,Spain,EU,2023,2023-09-16,standard_2023,0,384_1345
384,1258,Chrisowalantis Amanatidis,Germany,Giratina LZ Box,12,67,others,Special Event Barcelona,Spain,EU,2023,2023-09-16,standard_2023,0,384_1258
384,4654,Sebastian Uziuk,Poland,Lugia Archeops,13,15,others,Special Event Barcelona,Spain,EU,2023,2023-09-16,standard_2023,0,384_4654
384,3646,Benedetta Todaro,Italy,Mew Genesect,14,37,others,Special Event Barcelona,Spain,EU,2023,2023-09-16,standard_2023,0,384_3646
384,4092,Andrea Zorat,Italy,Charizard LZ Box,15,10,others,Special Event Barcelona,Spain,EU,2023,2023-09-16,standard_2023,0,384_4092
384,1486,Paul Shail,Great Britain,Giratina LZ Box,16,29,others,Special Event Barcelona,Spain,EU,2023,2023-09-16,standard_2023,0,384_1486
384,5021,Enrique Casas,Spain,Chien-Pao Baxcalibur,17,4,others,Special Event Barcelona,Spain,EU,2023,2023-09-16,standard_2023,0,384_5021
384,3491,Ross Warren,Great Britain,Giratina LZ Box,18,22,others,Special Event Barcelona,Spain,EU,2023,2023-09-16,standard_2023,0,384_3491
384,3661,Shane Addy,Great Britain,Lost Zone Box,19,10,others,Special Event Barcelona,Spain,EU,2023,2023-09-16,standard_2023,0,384_3661
384,5022,Noah Brown,Great Britain,Lost Zone Box,20,4,others,Special Event Barcelona,Spain,EU,2023,2023-09-16,standard_2023,0,384_5022
384,2504,Brennan Kamerman,Netherlands,Lost Zone Box,21,141,others,Special Event Barcelona,Spain,EU,2023,2023-09-16,standard_2023,0,384_2504
384,5023,András Lukáts,Hungary,Giratina LZ Box,22,4,others,Special Event Barcelona,Spain,EU,2023,2023-09-16,standard_2023,0,384_5023
384,1440,Antoine Boulay,France,Miraidon Flaaffy,23,36,others,Special Event Barcelona,Spain,EU,2023,2023-09-16,standard_2023,0,384_1440
384,41,Friedrich Illbruck,Germany,Chien-Pao Baxcalibur,24,42,others,Special Event Barcelona,Spain,EU,2023,2023-09-16,standard_2023,0,384_41
384,4713,Lorenzo Fulco,Italy,Inteleon Urshifu,25,8,others,Special Event Barcelona,Spain,EU,2023,2023-09-16,standard_2023,0,384_4713
384,3772,Oscar Madsen,Denmark,Charizard,26,21,others,Special Event Barcelona,Spain,EU,2023,2023-09-16,standard_2023,0,384_3772
384,3650,Karel Maertens,Belgium,Lugia Archeops,27,33,others,Special Event Barcelona,Spain,EU,2023,2023-09-16,standard_2023,0,384_3650
384,2862,Dominik Malicki,Poland,Gardevoir,28,77,others,Special Event Barcelona,Spain,EU,2023,2023-09-16,standard_2023,0,384_2862
384,5024,Alejandro González Sánchez,Spain,Lost Zone Box,29,4,others,Special Event Barcelona,Spain,EU,2023,2023-09-16,standard_2023,0,384_5024
384,4530,Gilles Heyndrickx,Belgium,Palkia Chien-Pao,30,9,others,Special Event Barcelona,Spain,EU,2023,2023-09-16,standard_2023,0,384_4530
384,64,Sander Wojcik,Netherlands,Control Box,31,312,others,Special Event Barcelona,Spain,EU,2023,2023-09-16,standard_2023,0,384_64
384,110,Aapo Antikainen,Finland,Inteleon Urshifu,32,13,others,Special Event Barcelona,Spain,EU,2023,2023-09-16,standard_2023,0,384_110
384,5025,Andrea Torrielli,Italy,Inteleon Urshifu,33,2,others,Special Event Barcelona,Spain,EU,2023,2023-09-16,standard_2023,0,384_5025
384,3142,Stefano Bassis,Italy,Lost Box Charizard,34,26,others,Special Event Barcelona,Spain,EU,2023,2023-09-16,standard_2023,0,384_3142
384,2519,Raquel Hazim,Spain,Fusion Mew,35,8,others,Special Event Barcelona,Spain,EU,2023,2023-09-16,standard_2023,0,384_2519
384,5026,Thibault Dezutter,Belgium,Gardevoir,36,2,others,Special Event Barcelona,Spain,EU,2023,2023-09-16,standard_2023,0,384_5026
384,5027,Leonardo Rossi,Italy,Lugia Archeops,37,2,others,Special Event Barcelona,Spain,EU,2023,2023-09-16,standard_2023,0,384_5027
384,2262,Magnus Pedersen,Denmark,Gardevoir,38,178,others,Special Event Barcelona,Spain,EU,2023,2023-09-16,standard_2023,0,384_2262
384,2520,Cian Rushe,Ireland,Mew Genesect,39,17,others,Special Event Barcelona,Spain,EU,2023,2023-09-16,standard_2023,0,384_2520
384,880,Alejandro Felices,Spain,Gardevoir,40,17,others,Special Event Barcelona,Spain,EU,2023,2023-09-16,standard_2023,0,384_880
384,312,Bernardo Dias,Portugal,Palkia Chien-Pao,41,78,others,Special Event Barcelona,Spain,EU,2023,2023-09-16,standard_2023,0,384_312
384,5028,Rosario Andrea La Spina,Italy,Gardevoir,42,2,others,Special Event Barcelona,Spain,EU,2023,2023-09-16,standard_2023,0,384_5028
384,5029,Dominik Fink,Germany,Miraidon Flaaffy,43,2,others,Special Event Barcelona,Spain,EU,2023,2023-09-16,standard_2023,0,384_5029
384,161,Kim Pobega,Italy,Charizard LZ Box,44,138,others,Special Event Barcelona,Spain,EU,2023,2023-09-16,standard_2023,0,384_161
384,78,Marco Jackowski,Germany,Lugia Archeops,45,15,others,Special Event Barcelona,Spain,EU,2023,2023-09-16,standard_2023,0,384_78
384,5030,Kai Chun So,Great Britain,Lugia Archeops,46,2,others,Special Event Barcelona,Spain,EU,2023,2023-09-16,standard_2023,0,384_5030
384,2849,Niels Jürgensen,Germany,Charizard Arceus,47,22,others,Special Event Barcelona,Spain,EU,2023,2023-09-16,standard_2023,0,384_2849
384,2728,Dustin Bachmann,Germany,Lugia Archeops,48,7,others,Special Event Barcelona,Spain,EU,2023,2023-09-16,standard_2023,0,384_2728
384,26,Sen Caubergh,Belgium,Lost Zone Box,49,144,others,Special Event Barcelona,Spain,EU,2023,2023-09-16,standard_2023,0,384_26
384,2242,Max Schlehaider,Germany,Lugia Archeops,50,30,others,Special Event Barcelona,Spain,EU,2023,2023-09-16,standard_2023,0,384_2242
384,2735,Alexis Martin,France,Chien-Pao Baxcalibur,51,6,others,Special Event Barcelona,Spain,EU,2023,2023-09-16,standard_2023,0,384_2735
384,1035,Julius Brunfeldt,Finland,Lugia Archeops,52,138,others,Special Event Barcelona,Spain,EU,2023,2023-09-16,standard_2023,0,384_1035
384,5031,Alessandro Arca,Italy,Gardevoir,53,2,others,Special Event Barcelona,Spain,EU,2023,2023-09-16,standard_2023,0,384_5031
382,868,Jon Eng,United States,Lost Zone Box,1,492,others,Special Event Puerto Rico,Puerto Rico,Desconocido,2023,2023-06-24,standard_2023,1,382_868
382,2770,Aidan Khus,United States,Lost Zone Box,2,180,others,Special Event Puerto Rico,Puerto Rico,Desconocido,2023,2023-06-24,standard_2023,1,382_2770
382,4844,Alex Rubin,United States,Lost Zone Box,4,14,others,Special Event Puerto Rico,Puerto Rico,Desconocido,2023,2023-06-24,standard_2023,1,382_4844
352,4668,Maximilian Teubert,Germany,Lugia Archeops,1,14,others,Special Event Turin,Italy,EU,2023,2023-06-03,standard_2023,1,352_4668
352,3580,Leon Kesselring,Switzerland,Mew Genesect,2,38,others,Special Event Turin,Italy,EU,2023,2023-06-03,standard_2023,1,352_3580
352,3643,Mateusz Łaszkiewicz,Poland,Lost Zone Box,3,64,others,Special Event Turin,Italy,EU,2023,2023-06-03,standard_2023,1,352_3643
352,4252,Nikoline Pedersen,Denmark,Fusion Mew,4,20,others,Special Event Turin,Italy,EU,2023,2023-06-03,standard_2023,1,352_4252
352,3644,Tatsumi Hiratsuka,Germany,Lugia Archeops,5,20,others,Special Event Turin,Italy,EU,2023,2023-06-03,standard_2023,1,352_3644
352,3914,Fabio Battistella,Italy,Lost Zone Box,6,57,others,Special Event Turin,Italy,EU,2023,2023-06-03,standard_2023,1,352_3914
352,89,Jack Gregory-Campbell,Great Britain,Mew Genesect,7,61,others,Special Event Turin,Italy,EU,2023,2023-06-03,standard_2023,1,352_89
352,2013,Anthony Argente,France,Arceus Giratina,8,22,others,Special Event Turin,Italy,EU,2023,2023-06-03,standard_2023,1,352_2013
352,3916,Filippo Colamorea,Italy,Gardevoir,9,28,others,Special Event Turin,Italy,EU,2023,2023-06-03,standard_2023,0,352_3916
352,19,Pedro Eugenio Torres,Spain,Lost Box Charizard,10,562,others,Special Event Turin,Italy,EU,2023,2023-06-03,standard_2023,0,352_19
352,2504,Brennan Kamerman,Netherlands,Lost Zone Box,11,141,others,Special Event Turin,Italy,EU,2023,2023-06-03,standard_2023,0,352_2504
352,1664,Dario Scarnò,Italy,Mew Genesect,12,94,others,Special Event Turin,Italy,EU,2023,2023-06-03,standard_2023,0,352_1664
352,76,Ondřej Škubal,Czech Republic,Lost Box Charizard,13,252,others,Special Event Turin,Italy,EU,2023,2023-06-03,standard_2023,0,352_76
352,106,Bolly Olufon,Great Britain,Lost Zone Box,14,61,others,Special Event Turin,Italy,EU,2023,2023-06-03,standard_2023,0,352_106
352,284,Stéphane Ivanoff,France,Gardevoir,15,528,others,Special Event Turin,Italy,EU,2023,2023-06-03,standard_2023,0,352_284
352,3685,Andrea Stranieri,Italy,Inteleon Urshifu,16,12,others,Special Event Turin,Italy,EU,2023,2023-06-03,standard_2023,0,352_3685
352,4713,Lorenzo Fulco,Italy,Arceus Giratina,17,8,others,Special Event Turin,Italy,EU,2023,2023-06-03,standard_2023,0,352_4713
352,3142,Stefano Bassis,Italy,Gardevoir,18,26,others,Special Event Turin,Italy,EU,2023,2023-06-03,standard_2023,0,352_3142
352,4714,Elvis Caccin,Italy,Arceus Duraludon,19,4,others,Special Event Turin,Italy,EU,2023,2023-06-03,standard_2023,0,352_4714
352,3937,Bastien Lamotte,France,Lost Zone Box,20,9,others,Special Event Turin,Italy,EU,2023,2023-06-03,standard_2023,0,352_3937
352,4659,Leon Gbasai,Great Britain,Mew Genesect,21,9,others,Special Event Turin,Italy,EU,2023,2023-06-03,standard_2023,0,352_4659
352,100,Fabio Spanò,Italy,Goodra LZ Box,22,69,others,Special Event Turin,Italy,EU,2023,2023-06-03,standard_2023,0,352_100
352,4715,Florian Giesa,Germany,Lost Zone Box,23,4,others,Special Event Turin,Italy,EU,2023,2023-06-03,standard_2023,0,352_4715
352,1741,Vianney Leroy,France,Goodra LZ Box,24,19,others,Special Event Turin,Italy,EU,2023,2023-06-03,standard_2023,0,352_1741
352,2734,Nathan Doyle,Ireland,Mew Genesect,25,32,others,Special Event Turin,Italy,EU,2023,2023-06-03,standard_2023,0,352_2734
352,2471,Francesco Pasquale Caterino,Italy,Gardevoir,26,103,others,Special Event Turin,Italy,EU,2023,2023-06-03,standard_2023,0,352_2471
352,4717,Ciro Savarese,Italy,Mew Genesect,27,4,others,Special Event Turin,Italy,EU,2023,2023-06-03,standard_2023,0,352_4717
352,2247,Christian D'onofrio,Italy,Gardevoir,28,35,others,Special Event Turin,Italy,EU,2023,2023-06-03,standard_2023,0,352_2247
352,4718,Federico Bonetti,Italy,Gardevoir,29,4,others,Special Event Turin,Italy,EU,2023,2023-06-03,standard_2023,0,352_4718
352,2379,Pere Arbós Parets,Spain,Mew Genesect,30,57,others,Special Event Turin,Italy,EU,2023,2023-06-03,standard_2023,0,352_2379
352,254,Lucas Henrique de Araujo Pereira,Brazil,Arceus Umbreon,31,176,others,Special Event Turin,Italy,EU,2023,2023-06-03,standard_2023,0,352_254
352,4719,João Lopes,Portugal,Gardevoir,32,4,others,Special Event Turin,Italy,EU,2023,2023-06-03,standard_2023,0,352_4719
352,108,Karl Peters,Germany,Arceus Giratina,33,173,others,Special Event Turin,Italy,EU,2023,2023-06-03,standard_2023,0,352_108
352,4720,Joe Bates,Great Britain,Lugia Archeops,34,14,others,Special Event Turin,Italy,EU,2023,2023-06-03,standard_2023,0,352_4720
352,1188,Miloslav Posledni,Czech Republic,Lugia Archeops,35,218,others,Special Event Turin,Italy,EU,2023,2023-06-03,standard_2023,0,352_1188
352,13,Nico Alabas,Germany,Gardevoir,36,284,others,Special Event Turin,Italy,EU,2023,2023-06-03,standard_2023,0,352_13
352,3647,Aleksander Rutowicz,Poland,Arceus,37,25,others,Special Event Turin,Italy,EU,2023,2023-06-03,standard_2023,0,352_3647
352,4721,Giancarlo Granata,Italy,Mew Genesect,38,12,others,Special Event Turin,Italy,EU,2023,2023-06-03,standard_2023,0,352_4721
352,312,Bernardo Dias,Portugal,Lost Zone Box,39,78,others,Special Event Turin,Italy,EU,2023,2023-06-03,standard_2023,0,352_312
352,166,Heddi Brahmi,France,Lugia Archeops,40,115,others,Special Event Turin,Italy,EU,2023,2023-06-03,standard_2023,0,352_166
352,1486,Paul Shail,Great Britain,Arceus Duraludon Umbreon,41,29,others,Special Event Turin,Italy,EU,2023,2023-06-03,standard_2023,0,352_1486
352,296,Nitish Doolub,Great Britain,Mew Genesect,42,64,others,Special Event Turin,Italy,EU,2023,2023-06-03,standard_2023,0,352_296
352,4722,Toby Clark,Great Britain,Arceus Giratina,43,2,others,Special Event Turin,Italy,EU,2023,2023-06-03,standard_2023,0,352_4722
352,4358,Simone Fiorito,Italy,Mew Genesect,44,31,others,Special Event Turin,Italy,EU,2023,2023-06-03,standard_2023,0,352_4358
352,4723,Lorenzo Bruno,Italy,Mew Genesect,45,2,others,Special Event Turin,Italy,EU,2023,2023-06-03,standard_2023,0,352_4723
352,3646,Benedetta Todaro,Italy,Mew Genesect,46,37,others,Special Event Turin,Italy,EU,2023,2023-06-03,standard_2023,0,352_3646
352,4724,Adam Denk,Czech Republic,Gardevoir,47,2,others,Special Event Turin,Italy,EU,2023,2023-06-03,standard_2023,0,352_4724
352,4725,Dario Calcerano,Italy,Lost Box Charizard,48,2,others,Special Event Turin,Italy,EU,2023,2023-06-03,standard_2023,0,352_4725
352,4726,Alberto Benvenga,Italy,Goodra LZ Box,49,12,others,Special Event Turin,Italy,EU,2023,2023-06-03,standard_2023,0,352_4726
352,3543,Pedro Vicêncio,Portugal,Lugia Archeops,50,27,others,Special Event Turin,Italy,EU,2023,2023-06-03,standard_2023,0,352_3543
352,4727,Alessio Carmignani,Italy,Mew Genesect,51,2,others,Special Event Turin,Italy,EU,2023,2023-06-03,standard_2023,0,352_4727
352,2729,Ithiel Arki,France,Lost Zone Box,52,78,others,Special Event Turin,Italy,EU,2023,2023-06-03,standard_2023,0,352_2729
352,2262,Magnus Pedersen,Denmark,Inteleon Urshifu,53,178,others,Special Event Turin,Italy,EU,2023,2023-06-03,standard_2023,0,352_2262
352,4151,Matthew Vanoli,Great Britain,Mew Genesect,54,7,others,Special Event Turin,Italy,EU,2023,2023-06-03,standard_2023,0,352_4151
352,4728,Andrea Marco Ferrario,Italy,Goodra LZ Box,55,2,others,Special Event Turin,Italy,EU,2023,2023-06-03,standard_2023,0,352_4728
369,4661,Rodrigo Montoya,Peru,Fusion Mew,1,8,others,Special Event Lima,Peru,SA,2023,2023-05-27,standard_2023,1,369_4661
369,131,Jonathan Fabrizio Bellucci Lanciano,Argentina,Lugia Archeops,2,188,others,Special Event Lima,Peru,SA,2023,2023-05-27,standard_2023,1,369_131
369,230,Diego Cassiraga,Argentina,Arceus Giratina,3,317,others,Special Event Lima,Peru,SA,2023,2023-05-27,standard_2023,1,369_230
369,1373,Miguel Angel Lopez Bernal,Mexico,Fusion Mew,4,23,others,Special Event Lima,Peru,SA,2023,2023-05-27,standard_2023,1,369_1373
369,277,Damian Fernandez Urroz,Argentina,Mew Genesect,5,58,others,Special Event Lima,Peru,SA,2023,2023-05-27,standard_2023,1,369_277
369,4662,Joaquín Orrego,Peru,Inteleon Urshifu,6,3,others,Special Event Lima,Peru,SA,2023,2023-05-27,standard_2023,1,369_4662
369,4663,Andrés Guzmán,Mexico,Lugia Archeops,7,3,others,Special Event Lima,Peru,SA,2023,2023-05-27,standard_2023,1,369_4663
369,4664,Ajay Sridhar,United States,Arceus Duraludon Umbreon,8,6,others,Special Event Lima,Peru,SA,2023,2023-05-27,standard_2023,1,369_4664
368,1198,Matias Matricardi,Argentina,Lost Zone Box,1,126,others,Special Event Buenos Aires,Argentina,SA,2023,2023-05-20,standard_2023,1,368_1198
368,651,Dalton Acchetta,Brazil,Gardevoir,2,161,others,Special Event Buenos Aires,Argentina,SA,2023,2023-05-20,standard_2023,1,368_651
368,233,Sebastian Lugo,Argentina,Lost Zone Box,3,59,others,Special Event Buenos Aires,Argentina,SA,2023,2023-05-20,standard_2023,1,368_233
368,4665,Manuel Alcaíno Vergara,Chile,Lugia Archeops,4,12,others,Special Event Buenos Aires,Argentina,SA,2023,2023-05-20,standard_2023,1,368_4665
368,4666,Federico Nattkemper,Argentina,Goodra LZ Box,5,3,others,Special Event Buenos Aires,Argentina,SA,2023,2023-05-20,standard_2023,1,368_4666
368,1755,Nicolas Magliulo,Argentina,Lost Box Charizard,6,27,others,Special Event Buenos Aires,Argentina,SA,2023,2023-05-20,standard_2023,1,368_1755
368,4664,Ajay Sridhar,United States,Arceus Duraludon Umbreon,7,6,others,Special Event Buenos Aires,Argentina,SA,2023,2023-05-20,standard_2023,1,368_4664
368,4667,Lucas Ariel Gonzalo,Argentina,Arceus Giratina,8,3,others,Special Event Buenos Aires,Argentina,SA,2023,2023-05-20,standard_2023,1,368_4667
367,2875,Andrew Hedrick,United States,Lost Zone Box,1,222,others,Special Event Bogotá,Colombia,SA,2023,2023-05-14,standard_2023,1,367_2875
367,3955,Jonatan Torres,Colombia,Giratina LZ Box,2,22,others,Special Event Bogotá,Colombia,SA,2023,2023-05-14,standard_2023,1,367_3955
367,2122,Gabriel Smart,United States,Lugia Archeops,3,223,others,Special Event Bogotá,Colombia,SA,2023,2023-05-14,standard_2023,1,367_2122
367,4623,Alexander Monroy Hidalgo,Peru,Mew Genesect,4,9,others,Special Event Bogotá,Colombia,SA,2023,2023-05-14,standard_2023,1,367_4623
367,155,Connor Finton,United States,Lugia Archeops,5,368,others,Special Event Bogotá,Colombia,SA,2023,2023-05-14,standard_2023,1,367_155
367,4624,Johnnatan Castillo,Colombia,Arceus Goodra,6,3,others,Special Event Bogotá,Colombia,SA,2023,2023-05-14,standard_2023,1,367_4624
367,3959,Carlos Medina Astete,Peru,Lost Zone Box,7,65,others,Special Event Bogotá,Colombia,SA,2023,2023-05-14,standard_2023,1,367_3959
367,2143,Erick Henriquez,El Salvador,Gardevoir,8,6,others,Special Event Bogotá,Colombia,SA,2023,2023-05-14,standard_2023,1,367_2143
366,13,Nico Alabas,Germany,Gardevoir,1,284,others,London Cup,Great Britain,EU,2023,2023-04-15,standard_2023,1,366_13
366,138,Brent Tonisson,Australia,Lost Zone Box,2,449,others,London Cup,Great Britain,EU,2023,2023-04-15,standard_2023,1,366_138
366,1735,Gabor Van Meenen,Germany,Mew Genesect,3,119,others,London Cup,Great Britain,EU,2023,2023-04-15,standard_2023,1,366_1735
366,3538,Edwyn Mesman,Netherlands,Goodra LZ Box,4,60,others,London Cup,Great Britain,EU,2023,2023-04-15,standard_2023,1,366_3538
366,289,Öjvind Svinhufvud,Finland,Goodra LZ Box,5,83,others,London Cup,Great Britain,EU,2023,2023-04-15,standard_2023,1,366_289
366,2862,Dominik Malicki,Poland,Mew Genesect,6,77,others,London Cup,Great Britain,EU,2023,2023-04-15,standard_2023,1,366_2862
337,13,Nico Alabas,Germany,Arceus Duraludon,1,284,others,Special Event Utrecht,Netherlands,EU,2023,2023-03-18,standard_2022,1,337_13
337,3551,Vinnie Schelfhaut,Belgium,Goodra LZ Box,2,41,others,Special Event Utrecht,Netherlands,EU,2023,2023-03-18,standard_2022,1,337_3551
337,284,Stéphane Ivanoff,France,Goodra LZ Box,3,528,others,Special Event Utrecht,Netherlands,EU,2023,2023-03-18,standard_2022,1,337_284
337,86,Tord Reklev,Norway,Lugia Archeops,4,832,others,Special Event Utrecht,Netherlands,EU,2023,2023-03-18,standard_2022,1,337_86
337,312,Bernardo Dias,Portugal,Arceus Inteleon Beedrill,5,78,others,Special Event Utrecht,Netherlands,EU,2023,2023-03-18,standard_2022,1,337_312
337,39,Laurens Van Brecht,Netherlands,Goodra LZ Box,6,51,others,Special Event Utrecht,Netherlands,EU,2023,2023-03-18,standard_2022,1,337_39
337,4346,Gioele Dell'Andrino,Switzerland,Mew Genesect,7,8,others,Special Event Utrecht,Netherlands,EU,2023,2023-03-18,standard_2022,1,337_4346
337,4165,Oliver Barnett,Great Britain,Mew Genesect,8,13,others,Special Event Utrecht,Netherlands,EU,2023,2023-03-18,standard_2022,1,337_4165
337,2247,Christian D'onofrio,Italy,Lugia Archeops,9,35,others,Special Event Utrecht,Netherlands,EU,2023,2023-03-18,standard_2022,0,337_2247
337,2119,Ethan Chow,Canada,Regis,10,30,others,Special Event Utrecht,Netherlands,EU,2023,2023-03-18,standard_2022,0,337_2119
337,75,Ole Stognief,Germany,Lost Zone Box,11,86,others,Special Event Utrecht,Netherlands,EU,2023,2023-03-18,standard_2022,0,337_75
337,108,Karl Peters,Germany,Articuno Inteleon,12,173,others,Special Event Utrecht,Netherlands,EU,2023,2023-03-18,standard_2022,0,337_108
337,4347,Joshua Richards,Great Britain,Mew Genesect,13,5,others,Special Event Utrecht,Netherlands,EU,2023,2023-03-18,standard_2022,0,337_4347
337,47,Steven Mao,Germany,Arceus Duraludon,14,209,others,Special Event Utrecht,Netherlands,EU,2023,2023-03-18,standard_2022,0,337_47
337,249,Julien Cretenoud,Switzerland,Arceus Flying Pikachu,15,34,others,Special Event Utrecht,Netherlands,EU,2023,2023-03-18,standard_2022,0,337_249
337,2010,Joshua Vanoverschelde,Belgium,Regis,16,90,others,Special Event Utrecht,Netherlands,EU,2023,2023-03-18,standard_2022,0,337_2010
337,31,Jimmy Wuyts,Belgium,Flaaffy Box,17,84,others,Special Event Utrecht,Netherlands,EU,2023,2023-03-18,standard_2022,0,337_31
337,289,Öjvind Svinhufvud,Finland,Regis,18,83,others,Special Event Utrecht,Netherlands,EU,2023,2023-03-18,standard_2022,0,337_289
337,4348,Alessandro Miscera,Italy,Lost Zone Box,19,4,others,Special Event Utrecht,Netherlands,EU,2023,2023-03-18,standard_2022,0,337_4348
337,4018,Daniel Powell,Great Britain,Lugia Archeops,20,17,others,Special Event Utrecht,Netherlands,EU,2023,2023-03-18,standard_2022,0,337_4018
337,4349,Glenn Bauwens,Belgium,Mewtwo Control,21,4,others,Special Event Utrecht,Netherlands,EU,2023,2023-03-18,standard_2022,0,337_4349
337,2916,Nuno Fernandes,Portugal,Lugia Archeops,22,18,others,Special Event Utrecht,Netherlands,EU,2023,2023-03-18,standard_2022,0,337_2916
337,87,Fabien Pujol,France,Palkia Inteleon,23,328,others,Special Event Utrecht,Netherlands,EU,2023,2023-03-18,standard_2022,0,337_87
337,4350,Stepan Suchanek,Czech Republic,Goodra LZ Box,24,4,others,Special Event Utrecht,Netherlands,EU,2023,2023-03-18,standard_2022,0,337_4350
337,76,Ondřej Škubal,Czech Republic,Lugia Archeops,25,252,others,Special Event Utrecht,Netherlands,EU,2023,2023-03-18,standard_2022,0,337_76
337,4351,Mathias Jakobsen,Denmark,Regis,26,4,others,Special Event Utrecht,Netherlands,EU,2023,2023-03-18,standard_2022,0,337_4351
337,4352,Brent Degens,Belgium,Regis,27,4,others,Special Event Utrecht,Netherlands,EU,2023,2023-03-18,standard_2022,0,337_4352
337,80,Kristian Hodas,Slovakia,Lugia Archeops,28,100,others,Special Event Utrecht,Netherlands,EU,2023,2023-03-18,standard_2022,0,337_80
337,1738,Owyn Kamerman,Netherlands,Mew Genesect,29,249,others,Special Event Utrecht,Netherlands,EU,2023,2023-03-18,standard_2022,0,337_1738
337,2477,Ruben van der Sluis,Netherlands,Mew Genesect,30,33,others,Special Event Utrecht,Netherlands,EU,2023,2023-03-18,standard_2022,0,337_2477
337,4353,Bas Raven,Netherlands,Arceus Tapu Koko,31,4,others,Special Event Utrecht,Netherlands,EU,2023,2023-03-18,standard_2022,0,337_4353
337,2884,Matthew Clarke,Great Britain,Lugia Archeops,32,37,others,Special Event Utrecht,Netherlands,EU,2023,2023-03-18,standard_2022,0,337_2884
337,2513,Christiaan Smit,Netherlands,Goodra LZ Box,33,7,others,Special Event Utrecht,Netherlands,EU,2023,2023-03-18,standard_2022,0,337_2513
337,3152,Jory Koot,Netherlands,Lugia Archeops,34,52,others,Special Event Utrecht,Netherlands,EU,2023,2023-03-18,standard_2022,0,337_3152
337,4177,Jan Fischer,Germany,Lugia Archeops,35,14,others,Special Event Utrecht,Netherlands,EU,2023,2023-03-18,standard_2022,0,337_4177
337,4354,Mart Hoekstra,Netherlands,Mew Genesect,36,2,others,Special Event Utrecht,Netherlands,EU,2023,2023-03-18,standard_2022,0,337_4354
337,26,Sen Caubergh,Belgium,Regis,37,144,others,Special Event Utrecht,Netherlands,EU,2023,2023-03-18,standard_2022,0,337_26
337,4243,Alexander Stoppel,Germany,Lugia Archeops,38,10,others,Special Event Utrecht,Netherlands,EU,2023,2023-03-18,standard_2022,0,337_4243
337,196,Zach Lesage,Canada,Arceus Duraludon,39,387,others,Special Event Utrecht,Netherlands,EU,2023,2023-03-18,standard_2022,0,337_196
337,3940,Jamie Hindley,Great Britain,Lugia Archeops,40,21,others,Special Event Utrecht,Netherlands,EU,2023,2023-03-18,standard_2022,0,337_3940
337,4,Robin Schulz,Germany,Mew Genesect,41,427,others,Special Event Utrecht,Netherlands,EU,2023,2023-03-18,standard_2022,0,337_4
337,2520,Cian Rushe,Ireland,Mew Genesect,42,17,others,Special Event Utrecht,Netherlands,EU,2023,2023-03-18,standard_2022,0,337_2520
337,3093,Mario Barbera,Italy,Mew Genesect,43,24,others,Special Event Utrecht,Netherlands,EU,2023,2023-03-18,standard_2022,0,337_3093
337,20,Simone Soldo,Italy,Goodra LZ Box,44,105,others,Special Event Utrecht,Netherlands,EU,2023,2023-03-18,standard_2022,0,337_20
337,310,Paulo Mimoso,Portugal,Fusion Mew,45,59,others,Special Event Utrecht,Netherlands,EU,2023,2023-03-18,standard_2022,0,337_310
337,3491,Ross Warren,Great Britain,Regis,46,22,others,Special Event Utrecht,Netherlands,EU,2023,2023-03-18,standard_2022,0,337_3491
337,851,Benjamin Cheynubrata,Germany,Lugia Archeops,47,30,others,Special Event Utrecht,Netherlands,EU,2023,2023-03-18,standard_2022,0,337_851
337,3538,Edwyn Mesman,Netherlands,Lugia Archeops,48,60,others,Special Event Utrecht,Netherlands,EU,2023,2023-03-18,standard_2022,0,337_3538
337,226,Stefano Carta,Italy,Mew Genesect,49,31,others,Special Event Utrecht,Netherlands,EU,2023,2023-03-18,standard_2022,0,337_226
337,1253,Matthew Houtput,Belgium,Flaaffy Box,50,15,others,Special Event Utrecht,Netherlands,EU,2023,2023-03-18,standard_2022,0,337_1253
337,1741,Vianney Leroy,France,Vikavolt,51,19,others,Special Event Utrecht,Netherlands,EU,2023,2023-03-18,standard_2022,0,337_1741
337,4027,Elmar Tresp,Germany,Lost Zone Box,52,7,others,Special Event Utrecht,Netherlands,EU,2023,2023-03-18,standard_2022,0,337_4027
337,17,Philip Schulz,Germany,Mew Genesect,53,321,others,Special Event Utrecht,Netherlands,EU,2023,2023-03-18,standard_2022,0,337_17
337,4255,Jordy Vanhaelst,Belgium,Vikavolt,54,7,others,Special Event Utrecht,Netherlands,EU,2023,2023-03-18,standard_2022,0,337_4255
337,4355,Daniel Joseph Ringis,Trinidad and Tobago,Arceus Duraludon,55,2,others,Special Event Utrecht,Netherlands,EU,2023,2023-03-18,standard_2022,0,337_4355
337,3495,Tim Haffmanns,Germany,Lugia Archeops,56,8,others,Special Event Utrecht,Netherlands,EU,2023,2023-03-18,standard_2022,0,337_3495
337,4356,Baptiste Pugnat,France,Goodra LZ Box,57,2,others,Special Event Utrecht,Netherlands,EU,2023,2023-03-18,standard_2022,0,337_4356
337,1256,Rastislav Turcan,Slovakia,Eternatus Weezing,58,14,others,Special Event Utrecht,Netherlands,EU,2023,2023-03-18,standard_2022,0,337_1256
337,4357,Sophia Barrett,Great Britain,Lugia Archeops,59,2,others,Special Event Utrecht,Netherlands,EU,2023,2023-03-18,standard_2022,0,337_4357
337,2336,Jimmy Marcus Munk,Denmark,Lugia Archeops,60,33,others,Special Event Utrecht,Netherlands,EU,2023,2023-03-18,standard_2022,0,337_2336
337,2262,Magnus Pedersen,Denmark,Mew Genesect,61,178,others,Special Event Utrecht,Netherlands,EU,2023,2023-03-18,standard_2022,0,337_2262
337,4358,Simone Fiorito,Italy,Vikavolt,62,31,others,Special Event Utrecht,Netherlands,EU,2023,2023-03-18,standard_2022,0,337_4358
337,2488,John Daniel,Great Britain,Mew Genesect,63,15,others,Special Event Utrecht,Netherlands,EU,2023,2023-03-18,standard_2022,0,337_2488
337,4359,Sam Loos,Netherlands,Lugia Archeops,64,2,others,Special Event Utrecht,Netherlands,EU,2023,2023-03-18,standard_2022,0,337_4359
337,4032,Patryk Brzezinski,Poland,Lugia Archeops,65,13,others,Special Event Utrecht,Netherlands,EU,2023,2023-03-18,standard_2022,0,337_4032
337,100,Fabio Spanò,Italy,Goodra LZ Box,66,69,others,Special Event Utrecht,Netherlands,EU,2023,2023-03-18,standard_2022,0,337_100
337,4016,Timur Yusuf,Great Britain,Goodra LZ Box,67,11,others,Special Event Utrecht,Netherlands,EU,2023,2023-03-18,standard_2022,0,337_4016
337,2731,Giacomo Tiraboschi,Italy,Lugia Archeops,68,19,others,Special Event Utrecht,Netherlands,EU,2023,2023-03-18,standard_2022,0,337_2731
337,4147,Adam Shek,Great Britain,Lugia Archeops,69,9,others,Special Event Utrecht,Netherlands,EU,2023,2023-03-18,standard_2022,0,337_4147
337,4360,Mees de Jonge,Netherlands,Lugia Archeops,70,1,others,Special Event Utrecht,Netherlands,EU,2023,2023-03-18,standard_2022,0,337_4360
337,3929,Jan Hausmann,Germany,LZ Rayquaza Box,71,34,others,Special Event Utrecht,Netherlands,EU,2023,2023-03-18,standard_2022,0,337_3929
337,4361,Joshua Collinson,Great Britain,Lugia Archeops,72,1,others,Special Event Utrecht,Netherlands,EU,2023,2023-03-18,standard_2022,0,337_4361
337,4362,Florian Devos,Belgium,Arceus Duraludon,73,1,others,Special Event Utrecht,Netherlands,EU,2023,2023-03-18,standard_2022,0,337_4362
337,4246,Mick de Jong,Netherlands,Goodra LZ Box,74,9,others,Special Event Utrecht,Netherlands,EU,2023,2023-03-18,standard_2022,0,337_4246
337,2238,Arjan Nagel,Netherlands,Lugia Archeops,75,50,others,Special Event Utrecht,Netherlands,EU,2023,2023-03-18,standard_2022,0,337_2238
331,2379,Pere Arbós Parets,Spain,Fusion Mew,1,57,others,Special Event Bilbao,Spain,EU,2022,2022-09-17,standard_2022,1,331_2379
331,284,Stéphane Ivanoff,France,Arceus Duraludon,2,528,others,Special Event Bilbao,Spain,EU,2022,2022-09-17,standard_2022,1,331_284
331,2262,Magnus Pedersen,Denmark,Palkia Inteleon,3,178,others,Special Event Bilbao,Spain,EU,2022,2022-09-17,standard_2022,1,331_2262
331,1738,Owyn Kamerman,Netherlands,Arceus Flying Pikachu,4,249,others,Special Event Bilbao,Spain,EU,2022,2022-09-17,standard_2022,1,331_1738
331,2010,Joshua Vanoverschelde,Belgium,Regis,5,90,others,Special Event Bilbao,Spain,EU,2022,2022-09-17,standard_2022,1,331_2010
331,3573,Kai Wainwright,Great Britain,Palkia Inteleon,6,64,others,Special Event Bilbao,Spain,EU,2022,2022-09-17,standard_2022,1,331_3573
331,3768,Christian Tuomi,Finland,Mew Genesect,7,50,others,Special Event Bilbao,Spain,EU,2022,2022-09-17,standard_2022,1,331_3768
331,1035,Julius Brunfeldt,Finland,Palkia Inteleon,8,138,others,Special Event Bilbao,Spain,EU,2022,2022-09-17,standard_2022,1,331_1035
331,227,Lucas Calzà,Italy,Regis,9,105,others,Special Event Bilbao,Spain,EU,2022,2022-09-17,standard_2022,0,331_227
331,2520,Cian Rushe,Ireland,Fusion Mew,10,17,others,Special Event Bilbao,Spain,EU,2022,2022-09-17,standard_2022,0,331_2520
331,102,Mauro Spanò,Italy,Mew Genesect,11,12,others,Special Event Bilbao,Spain,EU,2022,2022-09-17,standard_2022,0,331_102
331,2471,Francesco Pasquale Caterino,Italy,Palkia Inteleon,12,103,others,Special Event Bilbao,Spain,EU,2022,2022-09-17,standard_2022,0,331_2471
331,254,Lucas Henrique de Araujo Pereira,Brazil,Palkia Inteleon,13,176,others,Special Event Bilbao,Spain,EU,2022,2022-09-17,standard_2022,0,331_254
331,3769,Pui Lam Lee,Hong Kong,Ice Rider Palkia Inteleon,14,3,others,Special Event Bilbao,Spain,EU,2022,2022-09-17,standard_2022,0,331_3769
331,311,Elena Gómez,Spain,Palkia Inteleon,15,24,others,Special Event Bilbao,Spain,EU,2022,2022-09-17,standard_2022,0,331_311
331,1664,Dario Scarnò,Italy,Arceus Duraludon,16,94,others,Special Event Bilbao,Spain,EU,2022,2022-09-17,standard_2022,0,331_1664
331,2729,Ithiel Arki,France,Stonjourner,17,78,others,Special Event Bilbao,Spain,EU,2022,2022-09-17,standard_2022,0,331_2729
331,100,Fabio Spanò,Italy,Arceus Flying Pikachu,18,69,others,Special Event Bilbao,Spain,EU,2022,2022-09-17,standard_2022,0,331_100
331,3546,Lucian Hargreaves,Great Britain,Fusion Mew,19,19,others,Special Event Bilbao,Spain,EU,2022,2022-09-17,standard_2022,0,331_3546
331,1330,Francisco Toranzo Santiago,Spain,Mewtwo Control,20,36,others,Special Event Bilbao,Spain,EU,2022,2022-09-17,standard_2022,0,331_1330
331,2519,Raquel Hazim,Spain,Arceus Inteleon,21,8,others,Special Event Bilbao,Spain,EU,2022,2022-09-17,standard_2022,0,331_2519
331,994,Łukasz Mazurkiewicz,Poland,Palkia Inteleon,22,35,others,Special Event Bilbao,Spain,EU,2022,2022-09-17,standard_2022,0,331_994
331,3038,Ky Vong Nguyen,France,Charizard Inteleon,23,28,others,Special Event Bilbao,Spain,EU,2022,2022-09-17,standard_2022,0,331_3038
331,3770,Nofoume Ben Ahmed aly,France,Fusion Mew,24,17,others,Special Event Bilbao,Spain,EU,2022,2022-09-17,standard_2022,0,331_3770
331,1215,Alejandro Muñoz Zamora,Spain,Palkia Inteleon,25,4,others,Special Event Bilbao,Spain,EU,2022,2022-09-17,standard_2022,0,331_1215
331,3541,Alberto Conti,Italy,Charizard Inteleon,26,56,others,Special Event Bilbao,Spain,EU,2022,2022-09-17,standard_2022,0,331_3541
331,2849,Niels Jürgensen,Germany,Arceus Duraludon,27,22,others,Special Event Bilbao,Spain,EU,2022,2022-09-17,standard_2022,0,331_2849
331,166,Heddi Brahmi,France,Palkia Inteleon,28,115,others,Special Event Bilbao,Spain,EU,2022,2022-09-17,standard_2022,0,331_166
331,3771,Matteo Quoiani,Italy,Palkia Inteleon,29,2,others,Special Event Bilbao,Spain,EU,2022,2022-09-17,standard_2022,0,331_3771
331,3772,Oscar Madsen,Denmark,Palkia Inteleon,30,21,others,Special Event Bilbao,Spain,EU,2022,2022-09-17,standard_2022,0,331_3772
331,3773,Sergio Marcos,Spain,Fusion Mew,31,7,others,Special Event Bilbao,Spain,EU,2022,2022-09-17,standard_2022,0,331_3773
331,3644,Tatsumi Hiratsuka,Germany,Fusion Mew,32,20,others,Special Event Bilbao,Spain,EU,2022,2022-09-17,standard_2022,0,331_3644
331,3774,Jens Deroo,Belgium,Arceus Flying Pikachu,33,1,others,Special Event Bilbao,Spain,EU,2022,2022-09-17,standard_2022,0,331_3774
344,1738,Owyn Kamerman,Netherlands,Arceus Flying Pikachu,1,249,others,London Open Blue,Great Britain,EU,2022,2022-08-20,standard_2022,1,344_1738
344,2774,Pedro Pertusi,Brazil,Charizard Inteleon,3,235,others,London Open Blue,Great Britain,EU,2022,2022-08-20,standard_2022,1,344_2774
344,2186,Demetris Eaton,Great Britain,Palkia Inteleon,4,52,others,London Open Blue,Great Britain,EU,2022,2022-08-20,standard_2022,1,344_2186
343,2121,Jake Santiago,Canada,Arceus Flying Pikachu,1,39,others,London Open Yellow,Great Britain,EU,2022,2022-08-20,standard_2022,1,343_2121
343,3789,Taisei Kodama,Japan,Palkia Inteleon,2,24,others,London Open Yellow,Great Britain,EU,2022,2022-08-20,standard_2022,1,343_3789
343,125,Michael Pramawat,United States,Mew Genesect,5,602,others,London Open Yellow,Great Britain,EU,2022,2022-08-20,standard_2022,1,343_125
343,3791,Andrew Gantner,United States,Ice Rider Palkia Inteleon,6,66,others,London Open Yellow,Great Britain,EU,2022,2022-08-20,standard_2022,1,343_3791
343,203,Sam Chen,United States,Arceus Flying Pikachu,8,411,others,London Open Yellow,Great Britain,EU,2022,2022-08-20,standard_2022,1,343_203
304,86,Tord Reklev,Norway,Rapid Strike Urshifu Inteleon,1,832,others,Special Event Milan,Italy,EU,2022,2022-06-04,standard_2022,1,304_86
304,320,Tamao Cameron,Great Britain,Arceus Malamar,2,110,others,Special Event Milan,Italy,EU,2022,2022-06-04,standard_2022,1,304_320
304,88,Jack Old,Great Britain,Fusion Mew,3,90,others,Special Event Milan,Italy,EU,2022,2022-06-04,standard_2022,1,304_88
304,11,Ryan Moorhouse,Great Britain,Fusion Mew,4,175,others,Special Event Milan,Italy,EU,2022,2022-06-04,standard_2022,1,304_11
304,2729,Ithiel Arki,France,Arceus,5,78,others,Special Event Milan,Italy,EU,2022,2022-06-04,standard_2022,1,304_2729
304,1495,Benjamin Rabaiotti,Great Britain,Fusion Mew,6,22,others,Special Event Milan,Italy,EU,2022,2022-06-04,standard_2022,1,304_1495
304,3674,Manuel Antonio Romero Venegas,Spain,Whimsicott,7,6,others,Special Event Milan,Italy,EU,2022,2022-06-04,standard_2022,1,304_3674
304,61,Martin Guilbert,France,Arceus Inteleon,8,103,others,Special Event Milan,Italy,EU,2022,2022-06-04,standard_2022,1,304_61
304,161,Kim Pobega,Italy,Rapid Strike Urshifu Inteleon,9,138,others,Special Event Milan,Italy,EU,2022,2022-06-04,standard_2022,0,304_161
304,2913,Michael Hunter,Ireland,Fusion Mew,10,21,others,Special Event Milan,Italy,EU,2022,2022-06-04,standard_2022,0,304_2913
304,2456,James Cox,Australia,Fusion Mew,11,108,others,Special Event Milan,Italy,EU,2022,2022-06-04,standard_2022,0,304_2456
304,50,Cristian Sarnataro,Italy,Rapid Strike Urshifu Inteleon,12,83,others,Special Event Milan,Italy,EU,2022,2022-06-04,standard_2022,0,304_50
304,3657,Aaron Dekkers,Hungary,Arceus Inteleon Beedrill,13,9,others,Special Event Milan,Italy,EU,2022,2022-06-04,standard_2022,0,304_3657
304,3677,Davide Claudio Dossena,Italy,Tyranitar,14,3,others,Special Event Milan,Italy,EU,2022,2022-06-04,standard_2022,0,304_3677
304,3678,Mattia Baselli,Italy,Arceus,15,3,others,Special Event Milan,Italy,EU,2022,2022-06-04,standard_2022,0,304_3678
304,3679,Corentin Metge,France,Inteleon,16,11,others,Special Event Milan,Italy,EU,2022,2022-06-04,standard_2022,0,304_3679
304,3680,Omar Camisotti,Italy,Arceus Lycanroc,17,2,others,Special Event Milan,Italy,EU,2022,2022-06-04,standard_2022,0,304_3680
304,3549,Stephen Chan,Great Britain,Arceus Charizard,18,15,others,Special Event Milan,Italy,EU,2022,2022-06-04,standard_2022,0,304_3549
304,227,Lucas Calzà,Italy,Rapid Strike Urshifu Inteleon,19,105,others,Special Event Milan,Italy,EU,2022,2022-06-04,standard_2022,0,304_227
304,2517,Alessandro Frenda,Italy,Zoroark Box,20,37,others,Special Event Milan,Italy,EU,2022,2022-06-04,standard_2022,0,304_2517
304,79,Piotr Orleański,Poland,Arceus,21,132,others,Special Event Milan,Italy,EU,2022,2022-06-04,standard_2022,0,304_79
304,3681,Alex Bortolini,Italy,Arceus Gyarados,22,2,others,Special Event Milan,Italy,EU,2022,2022-06-04,standard_2022,0,304_3681
304,845,Simone Canziani,Italy,Rapid Strike Urshifu Inteleon,23,41,others,Special Event Milan,Italy,EU,2022,2022-06-04,standard_2022,0,304_845
304,3682,Andrea Cividini,Italy,Arceus Charizard,24,7,others,Special Event Milan,Italy,EU,2022,2022-06-04,standard_2022,0,304_3682
304,2252,Riccardo Maganza,Italy,Fusion Mew,25,63,others,Special Event Milan,Italy,EU,2022,2022-06-04,standard_2022,0,304_2252
304,3683,Matteo Bucci,Italy,Arceus Gyarados,26,2,others,Special Event Milan,Italy,EU,2022,2022-06-04,standard_2022,0,304_3683
304,3646,Benedetta Todaro,Italy,Arceus Malamar,27,37,others,Special Event Milan,Italy,EU,2022,2022-06-04,standard_2022,0,304_3646
304,3684,Michael Dellenbach,Switzerland,Jolteon Inteleon,28,14,others,Special Event Milan,Italy,EU,2022,2022-06-04,standard_2022,0,304_3684
304,226,Stefano Carta,Italy,Rapid Strike Urshifu Inteleon,29,31,others,Special Event Milan,Italy,EU,2022,2022-06-04,standard_2022,0,304_226
304,3685,Andrea Stranieri,Italy,Arceus Gyarados,30,12,others,Special Event Milan,Italy,EU,2022,2022-06-04,standard_2022,0,304_3685
304,3686,Javier Menta,Spain,Arceus Charizard,31,2,others,Special Event Milan,Italy,EU,2022,2022-06-04,standard_2022,0,304_3686
304,2245,Angelo Falchi,Italy,Arceus Inteleon,32,34,others,Special Event Milan,Italy,EU,2022,2022-06-04,standard_2022,0,304_2245
303,46,Alessandro Cremascoli,Italy,Whimsicott,1,219,others,Special Event Bilbao,Spain,EU,2022,2022-05-07,standard_2022,1,303_46
303,86,Tord Reklev,Norway,Rapid Strike Urshifu Inteleon,2,832,others,Special Event Bilbao,Spain,EU,2022,2022-05-07,standard_2022,1,303_86
303,3564,Yuji Fukuta,Great Britain,Arceus Inteleon,3,8,others,Special Event Bilbao,Spain,EU,2022,2022-05-07,standard_2022,1,303_3564
303,3565,Matteo Medici,Sweden,Fusion Mew,4,8,others,Special Event Bilbao,Spain,EU,2022,2022-05-07,standard_2022,1,303_3565
303,227,Lucas Calzà,Italy,Arceus Inteleon,5,105,others,Special Event Bilbao,Spain,EU,2022,2022-05-07,standard_2022,1,303_227
303,3543,Pedro Vicêncio,Portugal,Arceus Inteleon,6,27,others,Special Event Bilbao,Spain,EU,2022,2022-05-07,standard_2022,1,303_3543
303,1664,Dario Scarnò,Italy,Arceus Dark Inteleon,7,94,others,Special Event Bilbao,Spain,EU,2022,2022-05-07,standard_2022,1,303_1664
303,2456,James Cox,Australia,Fusion Mew,8,108,others,Special Event Bilbao,Spain,EU,2022,2022-05-07,standard_2022,1,303_2456
303,3572,Benjamin Lagercrantz,Sweden,Malamar Inteleon,9,3,others,Special Event Bilbao,Spain,EU,2022,2022-05-07,standard_2022,0,303_3572
303,3573,Kai Wainwright,Great Britain,Fusion Mew,10,64,others,Special Event Bilbao,Spain,EU,2022,2022-05-07,standard_2022,0,303_3573
303,3574,Donald MacGillivray,Great Britain,Whimsicott,11,7,others,Special Event Bilbao,Spain,EU,2022,2022-05-07,standard_2022,0,303_3574
303,3575,Patryk Pawelski,Poland,Fusion Mew,12,3,others,Special Event Bilbao,Spain,EU,2022,2022-05-07,standard_2022,0,303_3575
303,10,Nilo Dieguez,Great Britain,Arceus Inteleon,13,19,others,Special Event Bilbao,Spain,EU,2022,2022-05-07,standard_2022,0,303_10
303,3576,Marco Apolo Pulpillo Berrocal,Spain,Arceus Inteleon,14,3,others,Special Event Bilbao,Spain,EU,2022,2022-05-07,standard_2022,0,303_3576
303,284,Stéphane Ivanoff,France,Dark Inteleon,15,528,others,Special Event Bilbao,Spain,EU,2022,2022-05-07,standard_2022,0,303_284
303,3541,Alberto Conti,Italy,Arceus Inteleon,16,56,others,Special Event Bilbao,Spain,EU,2022,2022-05-07,standard_2022,0,303_3541
303,3577,Jorge Martín Zurita,Spain,Arceus Inteleon,17,2,others,Special Event Bilbao,Spain,EU,2022,2022-05-07,standard_2022,0,303_3577
303,108,Karl Peters,Germany,Arceus Duraludon,18,173,others,Special Event Bilbao,Spain,EU,2022,2022-05-07,standard_2022,0,303_108
303,11,Ryan Moorhouse,Great Britain,Fusion Mew,19,175,others,Special Event Bilbao,Spain,EU,2022,2022-05-07,standard_2022,0,303_11
303,2879,Beppe Grönmark,Sweden,Arceus Inteleon Beedrill,20,26,others,Special Event Bilbao,Spain,EU,2022,2022-05-07,standard_2022,0,303_2879
303,3265,Stephen Kent,Great Britain,Arceus Duraludon,21,48,others,Special Event Bilbao,Spain,EU,2022,2022-05-07,standard_2022,0,303_3265
303,2849,Niels Jürgensen,Germany,Arceus Inteleon,22,22,others,Special Event Bilbao,Spain,EU,2022,2022-05-07,standard_2022,0,303_2849
303,19,Pedro Eugenio Torres,Spain,Rapid Strike Urshifu Inteleon,23,562,others,Special Event Bilbao,Spain,EU,2022,2022-05-07,standard_2022,0,303_19
303,309,Roberto Sanchez,Spain,Rapid Strike Urshifu Inteleon,24,25,others,Special Event Bilbao,Spain,EU,2022,2022-05-07,standard_2022,0,303_309
303,3578,Luca De Costanzo,Italy,Arceus Ice Rider,25,2,others,Special Event Bilbao,Spain,EU,2022,2022-05-07,standard_2022,0,303_3578
303,87,Fabien Pujol,France,Frosmoth Inteleon Box,26,328,others,Special Event Bilbao,Spain,EU,2022,2022-05-07,standard_2022,0,303_87
303,3579,Pablo Cendón,Spain,Fusion Mew,27,2,others,Special Event Bilbao,Spain,EU,2022,2022-05-07,standard_2022,0,303_3579
303,3580,Leon Kesselring,Switzerland,Fusion Mew,28,38,others,Special Event Bilbao,Spain,EU,2022,2022-05-07,standard_2022,0,303_3580
303,26,Sen Caubergh,Belgium,Malamar Inteleon,29,144,others,Special Event Bilbao,Spain,EU,2022,2022-05-07,standard_2022,0,303_26
303,1188,Miloslav Posledni,Czech Republic,Fusion Mew,30,218,others,Special Event Bilbao,Spain,EU,2022,2022-05-07,standard_2022,0,303_1188
303,3581,João Lagrifa,Portugal,Suicune Ludicolo Inteleon,31,2,others,Special Event Bilbao,Spain,EU,2022,2022-05-07,standard_2022,0,303_3581
239,1940,Benjamin Branch,United States,Zacian ADP,1,64,others,Special Event Guatemala,Guatemala,Desconocido,2020,2020-03-14,standard_2020,1,239_1940
239,615,Charles Larenas-Leach,United States,Zacian ADP,2,24,others,Special Event Guatemala,Guatemala,Desconocido,2020,2020-03-14,standard_2020,1,239_615
239,454,Franco Takahashi,United States,Psychic Mewtwo & Mew,3,116,others,Special Event Guatemala,Guatemala,Desconocido,2020,2020-03-14,standard_2020,1,239_454
239,149,Jose Marrero,United States,Zacian ADP,4,359,others,Special Event Guatemala,Guatemala,Desconocido,2020,2020-03-14,standard_2020,1,239_149
227,2856,Felipe Solís,Chile,Zacian ADP,2,32,others,Special Event Santiago,Chile,SA,2020,2020-03-14,standard_2020,1,227_2856
227,2857,Gonzalo Schiavoni,Argentina,Blacephalon,3,6,others,Special Event Santiago,Chile,SA,2020,2020-03-14,standard_2020,1,227_2857
227,2858,Cristobal Gonzalez Sanchez,Chile,Blacephalon,4,6,others,Special Event Santiago,Chile,SA,2020,2020-03-14,standard_2020,1,227_2858
227,2859,Matías Martini Serrano,Chile,Blacephalon,5,46,others,Special Event Santiago,Chile,SA,2020,2020-03-14,standard_2020,1,227_2859
227,2860,Carlos Felipe Pardo Narvaez,Chile,Zacian ADP,6,9,others,Special Event Santiago,Chile,SA,2020,2020-03-14,standard_2020,1,227_2860
237,1208,Anthony Alvarez,United States,Obstagoon,1,42,others,Special Event Puerto Rico,Puerto Rico,Desconocido,2020,2020-02-29,standard_2020,1,237_1208
237,2809,Luis Bermudez,Puerto Rico,Blacephalon,2,6,others,Special Event Puerto Rico,Puerto Rico,Desconocido,2020,2020-02-29,standard_2020,1,237_2809
237,321,Rahul Reddy,United States,Mewtwo & Mew,3,550,others,Special Event Puerto Rico,Puerto Rico,Desconocido,2020,2020-02-29,standard_2020,1,237_321
238,334,Daniel Altavilla,United States,Psychic Mewtwo & Mew,1,637,others,Special Event Costa Rica,Costa Rica,Desconocido,2020,2020-02-15,standard_2020,1,238_334
238,2491,Tanner Hurley,United States,Pidgeotto Control,2,70,others,Special Event Costa Rica,Costa Rica,Desconocido,2020,2020-02-15,standard_2020,1,238_2491
238,454,Franco Takahashi,United States,Blacephalon Naganadel,3,116,others,Special Event Costa Rica,Costa Rica,Desconocido,2020,2020-02-15,standard_2020,1,238_454
238,1635,Zachary Cooper,United States,Garchomp & Giratina Roxie,8,164,others,Special Event Costa Rica,Costa Rica,Desconocido,2020,2020-02-15,standard_2020,1,238_1635
236,1505,João Pedro Medeiros Zambrano,Brazil,Pidgeotto Control,2,191,others,Special Event Guaíba,Brazil,SA,2020,2020-02-15,standard_2020,1,236_1505
236,1066,Laura Caporali Braga,Brazil,Pidgeotto Control,4,109,others,Special Event Guaíba,Brazil,SA,2020,2020-02-15,standard_2020,1,236_1066
236,1081,Victor Freitas,Brazil,Pidgeotto Control,5,79,others,Special Event Guaíba,Brazil,SA,2020,2020-02-15,standard_2020,1,236_1081
236,2619,Rodrigo Ciulla,Brazil,Pikachu & Zekrom,6,23,others,Special Event Guaíba,Brazil,SA,2020,2020-02-15,standard_2020,1,236_2619
236,2806,Carlos Fazenda Junior,Brazil,Green's ADP,7,2,others,Special Event Guaíba,Brazil,SA,2020,2020-02-15,standard_2020,1,236_2806
236,2807,Rodrigo Rauber Coltro,Brazil,Pikachu & Zekrom,8,6,others,Special Event Guaíba,Brazil,SA,2020,2020-02-15,standard_2020,1,236_2807
235,1147,Farleib Cuba,Peru,Gardevoir & Sylveon,1,9,others,Special Event Lima,Peru,SA,2020,2020-02-15,standard_2020,1,235_1147
235,2801,Yota Mori,Japan,ADP Trevenant & Dusknoir,2,4,others,Special Event Lima,Peru,SA,2020,2020-02-15,standard_2020,1,235_2801
235,2802,Juan Andree Mejía,Chile,Pikachu & Zekrom,3,73,others,Special Event Lima,Peru,SA,2020,2020-02-15,standard_2020,1,235_2802
235,1151,Santiago Garcia,Peru,Mewtwo & Mew,4,11,others,Special Event Lima,Peru,SA,2020,2020-02-15,standard_2020,1,235_1151
235,2183,Renzo Zambrano,Peru,ADP Keldeo,5,22,others,Special Event Lima,Peru,SA,2020,2020-02-15,standard_2020,1,235_2183
235,2803,Kevin Haro,Chile,Psychic Mewtwo & Mew,6,7,others,Special Event Lima,Peru,SA,2020,2020-02-15,standard_2020,1,235_2803
235,1148,Fabrizio Inga Silva,Peru,Mewtwo & Mew,7,158,others,Special Event Lima,Peru,SA,2020,2020-02-15,standard_2020,1,235_1148
235,2804,Gustavo Suarez,Peru,Oranguru Control,8,2,others,Special Event Lima,Peru,SA,2020,2020-02-15,standard_2020,1,235_2804
233,230,Diego Cassiraga,Argentina,ADP Keldeo,3,317,others,Special Event Buenos Aires,Argentina,SA,2020,2020-02-08,standard_2020,1,233_230
233,1200,Patricia Gonzalez Walsh,Argentina,Pidgeotto Control,7,87,others,Special Event Buenos Aires,Argentina,SA,2020,2020-02-08,standard_2020,1,233_1200
233,145,Nicolas Galaz,Chile,ADP Keldeo,8,254,others,Special Event Buenos Aires,Argentina,SA,2020,2020-02-08,standard_2020,1,233_145
226,2678,David Soto Jeldes,Chile,Mewtwo & Mew,1,16,others,Special Event Iquique,Chile,SA,2019,2019-12-14,standard_2020,1,226_2678
226,236,Sebastian Mena,Chile,Garchomp & Giratina,2,32,others,Special Event Iquique,Chile,SA,2019,2019-12-14,standard_2020,1,226_236
226,1391,Marco Cifuentes Meta,Chile,Mewtwo & Mew,3,110,others,Special Event Iquique,Chile,SA,2019,2019-12-14,standard_2020,1,226_1391
226,2679,Marco Cifuentes Doren,Chile,Malamar Giratina,5,3,others,Special Event Iquique,Chile,SA,2019,2019-12-14,standard_2020,1,226_2679
226,237,Jean Valdivieso,Chile,ADP Glaceon,6,49,others,Special Event Iquique,Chile,SA,2019,2019-12-14,standard_2020,1,226_237
226,2371,Carlos Huenchual,Chile,ADP Keldeo,7,9,others,Special Event Iquique,Chile,SA,2019,2019-12-14,standard_2020,1,226_2371
226,2680,Marcelo Pacaje,Chile,Gardevoir & Sylveon,8,16,others,Special Event Iquique,Chile,SA,2019,2019-12-14,standard_2020,1,226_2680
224,202,Kaiwen Cabbabe,Australia,Mewtwo & Mew,1,235,others,Special Event Singapore,Singapore,AS-OC,2019,2019-12-07,standard_2020,1,224_202
224,662,Adrian Velasco,Philippines,Lucario & Melmetal,2,75,others,Special Event Singapore,Singapore,AS-OC,2019,2019-12-07,standard_2020,1,224_662
224,645,Clifton Goh,Singapore,Mewtwo & Mew,4,210,others,Special Event Singapore,Singapore,AS-OC,2019,2019-12-07,standard_2020,1,224_645
224,2650,Edwin Kan Jia Ju,Singapore,Malamar Giratina,5,3,others,Special Event Singapore,Singapore,AS-OC,2019,2019-12-07,standard_2020,1,224_2650
224,2651,Ho Man Kin,Hong Kong,Garchomp & Giratina Roxie,6,21,others,Special Event Singapore,Singapore,AS-OC,2019,2019-12-07,standard_2020,1,224_2651
224,2652,Tan Yong Siang,Singapore,Pheromosa & Buzzwole ADP,7,63,others,Special Event Singapore,Singapore,AS-OC,2019,2019-12-07,standard_2020,1,224_2652
224,2653,Edmund Khoo,Singapore,Gardevoir & Sylveon,8,9,others,Special Event Singapore,Singapore,AS-OC,2019,2019-12-07,standard_2020,1,224_2653
209,27,Joe Bernard,Great Britain,Pikachu & Zekrom,1,101,others,Special Event Paris,France,EU,2019,2019-11-02,standard_2020,1,209_27
209,2010,Joshua Vanoverschelde,Belgium,Blacephalon,2,90,others,Special Event Paris,France,EU,2019,2019-11-02,standard_2020,1,209_2010
209,4,Robin Schulz,Germany,Pikachu & Zekrom,3,427,others,Special Event Paris,France,EU,2019,2019-11-02,standard_2020,1,209_4
209,962,Raz Wolpe,Israel,Pikachu & Zekrom,4,169,others,Special Event Paris,France,EU,2019,2019-11-02,standard_2020,1,209_962
209,2506,Arne Van Braeckel,Belgium,Pidgeotto Control,6,50,others,Special Event Paris,France,EU,2019,2019-11-02,standard_2020,1,209_2506
209,19,Pedro Eugenio Torres,Spain,Pikachu & Zekrom,7,562,others,Special Event Paris,France,EU,2019,2019-11-02,standard_2020,1,209_19
209,1188,Miloslav Posledni,Czech Republic,Pikachu & Zekrom,8,218,others,Special Event Paris,France,EU,2019,2019-11-02,standard_2020,1,209_1188
209,1865,Logan Madden,Great Britain,Pikachu & Zekrom,9,66,others,Special Event Paris,France,EU,2019,2019-11-02,standard_2020,0,209_1865
209,89,Jack Gregory-Campbell,Great Britain,Blacephalon Naganadel,11,61,others,Special Event Paris,France,EU,2019,2019-11-02,standard_2020,0,209_89
209,33,Philipp Leciejewski,Germany,Pikachu & Zekrom,12,132,others,Special Event Paris,France,EU,2019,2019-11-02,standard_2020,0,209_33
209,2476,Philipp Hombach,Germany,Pikachu & Zekrom,13,26,others,Special Event Paris,France,EU,2019,2019-11-02,standard_2020,0,209_2476
209,1738,Owyn Kamerman,Netherlands,Pikachu & Zekrom,15,249,others,Special Event Paris,France,EU,2019,2019-11-02,standard_2020,0,209_1738
209,2586,Alessandro Graziano,Italy,Pidgeotto Control,17,2,others,Special Event Paris,France,EU,2019,2019-11-02,standard_2020,0,209_2586
209,2,Karl Blake,Great Britain,Mewtwo & Mew Fire Box,22,91,others,Special Event Paris,France,EU,2019,2019-11-02,standard_2020,0,209_2
209,1000,Francois Gauye,Switzerland,Pikachu & Zekrom,25,9,others,Special Event Paris,France,EU,2019,2019-11-02,standard_2020,0,209_1000
209,53,Benjamin Pham,Netherlands,Quagsire Naganadel,26,174,others,Special Event Paris,France,EU,2019,2019-11-02,standard_2020,0,209_53
209,2526,Jeremy Amram,France,Spider Lock,27,14,others,Special Event Paris,France,EU,2019,2019-11-02,standard_2020,0,209_2526
209,2588,Bram Dutry,Belgium,Blacephalon,28,2,others,Special Event Paris,France,EU,2019,2019-11-02,standard_2020,0,209_2588
209,284,Stéphane Ivanoff,France,Pikachu & Zekrom,31,528,others,Special Event Paris,France,EU,2019,2019-11-02,standard_2020,0,209_284
410,4932,Kyohei Uchida,Japan,Miraidon Flaaffy,1,26,others,Champions League Yokohama,Japan,JP,2023,2023-09-09,standard_2023,1,410_4932
410,4933,Takaki Kimura,Japan,Lugia Archeops,2,22,others,Champions League Yokohama,Japan,JP,2023,2023-09-09,standard_2023,1,410_4933
410,4934,Yuta Yoshikawa,Japan,Inteleon Urshifu,3,20,others,Champions League Yokohama,Japan,JP,2023,2023-09-09,standard_2023,1,410_4934
410,4542,Hayato Suzuki,Japan,Gardevoir,4,35,others,Champions League Yokohama,Japan,JP,2023,2023-09-09,standard_2023,1,410_4542
410,4935,Shota Nakayama,Japan,Lugia Archeops,5,18,others,Champions League Yokohama,Japan,JP,2023,2023-09-09,standard_2023,1,410_4935
410,4936,Shuya Kawano,Japan,Gardevoir,6,18,others,Champions League Yokohama,Japan,JP,2023,2023-09-09,standard_2023,1,410_4936
410,4937,Shun Kawatsura,Japan,Miraidon Flaaffy,7,18,others,Champions League Yokohama,Japan,JP,2023,2023-09-09,standard_2023,1,410_4937
410,4938,Yusuke Mihashi,Japan,Charizard Gallade,8,18,others,Champions League Yokohama,Japan,JP,2023,2023-09-09,standard_2023,1,410_4938
410,4939,Ryohei Yamamoto,Japan,Goodra LZ Box,9,15,others,Champions League Yokohama,Japan,JP,2023,2023-09-09,standard_2023,0,410_4939
410,4940,Susumu Kobayashi,Japan,Palkia Chien-Pao,10,15,others,Champions League Yokohama,Japan,JP,2023,2023-09-09,standard_2023,0,410_4940
410,4941,Daisuke Terasaki,Japan,Lugia Archeops,11,15,others,Champions League Yokohama,Japan,JP,2023,2023-09-09,standard_2023,0,410_4941
410,4942,Shogo Osaki,Japan,Palkia Chien-Pao,12,15,others,Champions League Yokohama,Japan,JP,2023,2023-09-09,standard_2023,0,410_4942
410,4943,Takuma Chaen,Japan,Gardevoir,13,15,others,Champions League Yokohama,Japan,JP,2023,2023-09-09,standard_2023,0,410_4943
410,4944,Eiki Kaneki,Japan,Giratina LZ Box,14,15,others,Champions League Yokohama,Japan,JP,2023,2023-09-09,standard_2023,0,410_4944
410,4945,Ryoya Takeuchi,Japan,Giratina LZ Box,15,15,others,Champions League Yokohama,Japan,JP,2023,2023-09-09,standard_2023,0,410_4945
410,3298,Riku Nakajima,Japan,Gardevoir,16,25,others,Champions League Yokohama,Japan,JP,2023,2023-09-09,standard_2023,0,410_3298
370,1790,Yoshiyuki Yamaguchi,Japan,Gardevoir,1,124,others,Champions League Niigata,Japan,JP,2023,2023-05-06,standard_2023,1,370_1790
370,4537,Yuki Sasagawa,Japan,Gardevoir,2,22,others,Champions League Niigata,Japan,JP,2023,2023-05-06,standard_2023,1,370_4537
370,4538,Ukyo Kurashita,Japan,Lost Zone Box,3,20,others,Champions League Niigata,Japan,JP,2023,2023-05-06,standard_2023,1,370_4538
370,4539,Tomosu Yamagata,Japan,Arceus Giratina,4,20,others,Champions League Niigata,Japan,JP,2023,2023-05-06,standard_2023,1,370_4539
370,4540,Shota Hirota,Japan,Lugia Archeops,5,18,others,Champions League Niigata,Japan,JP,2023,2023-05-06,standard_2023,1,370_4540
370,3359,Nobuhiko Shimizu,Japan,Gardevoir,6,24,others,Champions League Niigata,Japan,JP,2023,2023-05-06,standard_2023,1,370_3359
370,4541,Shigeto Fukumoto,Japan,Goodra LZ Box,7,18,others,Champions League Niigata,Japan,JP,2023,2023-05-06,standard_2023,1,370_4541
370,3253,Ryosuke Furukawa,Japan,Fusion Mew,8,34,others,Champions League Niigata,Japan,JP,2023,2023-05-06,standard_2023,1,370_3253
370,4542,Hayato Suzuki,Japan,Lost Zone Box,9,35,others,Champions League Niigata,Japan,JP,2023,2023-05-06,standard_2023,0,370_4542
370,1448,Akira Sato,Japan,Giratina LZ Box,10,91,others,Champions League Niigata,Japan,JP,2023,2023-05-06,standard_2023,0,370_1448
370,4543,Kei Takeshita,Japan,Giratina LZ Box,11,15,others,Champions League Niigata,Japan,JP,2023,2023-05-06,standard_2023,0,370_4543
370,4544,Yoshino Tamamori,Japan,Fusion Mew,12,15,others,Champions League Niigata,Japan,JP,2023,2023-05-06,standard_2023,0,370_4544
370,2492,Hiromasa Shima,Japan,Gardevoir Mewtwo,13,51,others,Champions League Niigata,Japan,JP,2023,2023-05-06,standard_2023,0,370_2492
370,4107,Kohei Otsuki,Japan,Gardevoir,14,48,others,Champions League Niigata,Japan,JP,2023,2023-05-06,standard_2023,0,370_4107
370,4545,Manatsu Nonaka,Japan,Giratina LZ Box,15,15,others,Champions League Niigata,Japan,JP,2023,2023-05-06,standard_2023,0,370_4545
370,4546,Shohei Kamimura,Japan,Giratina LZ Box,16,15,others,Champions League Niigata,Japan,JP,2023,2023-05-06,standard_2023,0,370_4546
364,4487,Shin Inageta,Japan,Miraidon Regieleki,1,26,others,Champions League Miyagi,Japan,JP,2023,2023-04-01,standard_2022,1,364_4487
364,4488,Shinya Kumagai,Japan,Lugia Archeops,2,34,others,Champions League Miyagi,Japan,JP,2023,2023-04-01,standard_2022,1,364_4488
364,4489,Naoto Iwasaki,Japan,Arceus Giratina,3,20,others,Champions League Miyagi,Japan,JP,2023,2023-04-01,standard_2022,1,364_4489
364,4490,Ryuto Hadano,Japan,Lugia Archeops,4,20,others,Champions League Miyagi,Japan,JP,2023,2023-04-01,standard_2022,1,364_4490
364,4491,Hibiki Emura,Japan,Lost Zone Box,5,18,others,Champions League Miyagi,Japan,JP,2023,2023-04-01,standard_2022,1,364_4491
364,4310,Shizuya Yamamoto,Japan,Lost Zone Box,6,44,others,Champions League Miyagi,Japan,JP,2023,2023-04-01,standard_2022,1,364_4310
364,4492,Souichirou Anamizu,Japan,Lost Zone Box,7,18,others,Champions League Miyagi,Japan,JP,2023,2023-04-01,standard_2022,1,364_4492
364,4493,Yushi Okazaki,Japan,Lugia Archeops,8,18,others,Champions League Miyagi,Japan,JP,2023,2023-04-01,standard_2022,1,364_4493
364,4494,Shin Honda,Japan,Lugia Archeops,9,15,others,Champions League Miyagi,Japan,JP,2023,2023-04-01,standard_2022,0,364_4494
364,4495,Taiga Kayama,Japan,Gardevoir,10,15,others,Champions League Miyagi,Japan,JP,2023,2023-04-01,standard_2022,0,364_4495
364,4496,Kazuki Oosaki,Japan,Miraidon Flaaffy,11,15,others,Champions League Miyagi,Japan,JP,2023,2023-04-01,standard_2022,0,364_4496
364,4497,Futo Murayama,Japan,Mew Genesect,12,15,others,Champions League Miyagi,Japan,JP,2023,2023-04-01,standard_2022,0,364_4497
364,3294,Shogo Fujiwara,Japan,Lugia Archeops,13,30,others,Champions League Miyagi,Japan,JP,2023,2023-04-01,standard_2022,0,364_3294
364,4498,Takaya Baba,Japan,Giratina LZ Box,14,15,others,Champions League Miyagi,Japan,JP,2023,2023-04-01,standard_2022,0,364_4498
364,4499,Ryosuke Nara,Japan,Lugia Archeops,15,15,others,Champions League Miyagi,Japan,JP,2023,2023-04-01,standard_2022,0,364_4499
364,4500,Takumi Sato,Japan,Lugia Archeops,16,15,others,Champions League Miyagi,Japan,JP,2023,2023-04-01,standard_2022,0,364_4500
361,4310,Shizuya Yamamoto,Japan,Lost Zone Box,1,44,others,Champions League Aichi,Japan,JP,2023,2023-02-25,standard_2022,1,361_4310
361,4311,Riku Sato,Japan,Gardevoir,2,22,others,Champions League Aichi,Japan,JP,2023,2023-02-25,standard_2022,1,361_4311
361,4114,Ayato Fudetani,Japan,Lost Zone Box,3,67,others,Champions League Aichi,Japan,JP,2023,2023-02-25,standard_2022,1,361_4114
361,4312,Tomokazu Wakayama,Japan,Fusion Mew,4,20,others,Champions League Aichi,Japan,JP,2023,2023-02-25,standard_2022,1,361_4312
361,4313,Kouga Tsujiguchi,Japan,Lugia Archeops,5,18,others,Champions League Aichi,Japan,JP,2023,2023-02-25,standard_2022,1,361_4313
361,4314,Kazuma Sato,Japan,Lugia Archeops,6,18,others,Champions League Aichi,Japan,JP,2023,2023-02-25,standard_2022,1,361_4314
361,4107,Kohei Otsuki,Japan,Gardevoir,7,48,others,Champions League Aichi,Japan,JP,2023,2023-02-25,standard_2022,1,361_4107
361,4315,Yuto Umemura,Japan,Lost Zone Box,8,18,others,Champions League Aichi,Japan,JP,2023,2023-02-25,standard_2022,1,361_4315
361,4316,Ryota Higashiguchi,Japan,Lugia Archeops,9,15,others,Champions League Aichi,Japan,JP,2023,2023-02-25,standard_2022,0,361_4316
361,1603,Hiroaki Kanno,Japan,Fusion Mew,10,41,others,Champions League Aichi,Japan,JP,2023,2023-02-25,standard_2022,0,361_1603
361,4317,Tsubasa Tsuchiya,Japan,Lugia Archeops,11,15,others,Champions League Aichi,Japan,JP,2023,2023-02-25,standard_2022,0,361_4317
361,3301,Sora Irisa,Japan,Lost Zone Box,12,25,others,Champions League Aichi,Japan,JP,2023,2023-02-25,standard_2022,0,361_3301
361,4318,Takumi Tamar,Japan,Mew Genesect,13,15,others,Champions League Aichi,Japan,JP,2023,2023-02-25,standard_2022,0,361_4318
361,4319,Takumi Shishido,Japan,Giratina LZ Box,14,15,others,Champions League Aichi,Japan,JP,2023,2023-02-25,standard_2022,0,361_4319
361,4320,Yuki Koujitani,Japan,Lost Box Charizard,15,15,others,Champions League Aichi,Japan,JP,2023,2023-02-25,standard_2022,0,361_4320
361,4321,Masaki Maruno,Japan,Fusion Mew,16,15,others,Champions League Aichi,Japan,JP,2023,2023-02-25,standard_2022,0,361_4321
353,3975,Yuta Tagami,Japan,Regis,1,26,others,Champions League Kyoto,Japan,JP,2022,2022-12-10,standard_2022,1,353_3975
353,3976,Minato Watanabe,Japan,Lugia Archeops,2,22,others,Champions League Kyoto,Japan,JP,2022,2022-12-10,standard_2022,1,353_3976
353,3977,Yuta Nakamura,Japan,Eternatus Weezing,3,20,others,Champions League Kyoto,Japan,JP,2022,2022-12-10,standard_2022,1,353_3977
353,3978,Haruki Miwa,Japan,Lost Zone Box,4,20,others,Champions League Kyoto,Japan,JP,2022,2022-12-10,standard_2022,1,353_3978
353,4103,Junnosuke Tanaka,Japan,Mew Genesect,5,18,others,Champions League Kyoto,Japan,JP,2022,2022-12-10,standard_2022,1,353_4103
353,4104,Hiroki Kanno,Japan,Lost Zone Box,6,18,others,Champions League Kyoto,Japan,JP,2022,2022-12-10,standard_2022,1,353_4104
353,4105,Shunsuke Sasaki,Japan,Lugia Archeops,7,18,others,Champions League Kyoto,Japan,JP,2022,2022-12-10,standard_2022,1,353_4105
353,4106,Hyuga Takagi,Japan,Lugia Archeops,8,18,others,Champions League Kyoto,Japan,JP,2022,2022-12-10,standard_2022,1,353_4106
353,4107,Kohei Otsuki,Japan,Lugia Archeops,9,48,others,Champions League Kyoto,Japan,JP,2022,2022-12-10,standard_2022,0,353_4107
353,4108,Yui Takao,Japan,Blissey Yveltal,10,15,others,Champions League Kyoto,Japan,JP,2022,2022-12-10,standard_2022,0,353_4108
353,4109,Seima Torimi,Japan,Mew Genesect,11,15,others,Champions League Kyoto,Japan,JP,2022,2022-12-10,standard_2022,0,353_4109
353,4110,Yoshiki Kitae,Japan,Arceus Tapu Koko,12,25,others,Champions League Kyoto,Japan,JP,2022,2022-12-10,standard_2022,0,353_4110
353,4111,Taisuke Miyasaka,Japan,Eternatus Weezing,13,15,others,Champions League Kyoto,Japan,JP,2022,2022-12-10,standard_2022,0,353_4111
353,4112,Yukiya Matsumoto,Japan,Lugia Archeops,14,15,others,Champions League Kyoto,Japan,JP,2022,2022-12-10,standard_2022,0,353_4112
353,4113,Yuya Tanigawa,Japan,Mew Genesect,15,15,others,Champions League Kyoto,Japan,JP,2022,2022-12-10,standard_2022,0,353_4113
353,4114,Ayato Fudetani,Japan,Lost Zone Box,16,67,others,Champions League Kyoto,Japan,JP,2022,2022-12-10,standard_2022,0,353_4114
342,1812,Shota Nakajo,Japan,Giratina LZ Box,1,36,others,Champions League Yokohama,Japan,JP,2022,2022-09-17,standard_2022,1,342_1812
342,3108,Kazuki Kumegawa,Japan,Lost Box Charizard,2,52,others,Champions League Yokohama,Japan,JP,2022,2022-09-17,standard_2022,1,342_3108
342,3784,Tatsuya Nakai,Japan,Palkia Inteleon,3,20,others,Champions League Yokohama,Japan,JP,2022,2022-09-17,standard_2022,1,342_3784
342,3785,Taiga Iwai,Japan,Palkia Inteleon,4,20,others,Champions League Yokohama,Japan,JP,2022,2022-09-17,standard_2022,1,342_3785
342,3786,Takahiro Siraishi,Japan,Fusion Mew,5,18,others,Champions League Yokohama,Japan,JP,2022,2022-09-17,standard_2022,1,342_3786
342,3787,Keigo Odagaki,Japan,Palkia Inteleon,6,18,others,Champions League Yokohama,Japan,JP,2022,2022-09-17,standard_2022,1,342_3787
342,3792,Yuya Kinjo,Japan,Lost Zone Box,9,15,others,Champions League Yokohama,Japan,JP,2022,2022-09-17,standard_2022,0,342_3792
342,3708,Reiji Terada,Japan,Palkia Inteleon,12,33,others,Champions League Yokohama,Japan,JP,2022,2022-09-17,standard_2022,0,342_3708
342,3797,Natsuto Toguchi,Japan,Palkia Inteleon,16,15,others,Champions League Yokohama,Japan,JP,2022,2022-09-17,standard_2022,0,342_3797
292,3295,Tomoki Ito,Japan,Mewtwo & Mew,1,41,others,Champions League Aichi,Japan,JP,2021,2021-03-27,standard_2021,1,292_3295
292,1440,Antoine Boulay,France,Mewtwo & Mew,4,36,others,Champions League Aichi,Japan,JP,2021,2021-03-27,standard_2021,1,292_1440
292,3408,Rinsho Sakihama,Japan,Centiskorch,5,18,others,Champions League Aichi,Japan,JP,2021,2021-03-27,standard_2021,1,292_3408
292,3409,Kaito Fuji,Japan,Eternatus,6,18,others,Champions League Aichi,Japan,JP,2021,2021-03-27,standard_2021,1,292_3409
292,3410,Teppei Aoki,Japan,Centiskorch,7,18,others,Champions League Aichi,Japan,JP,2021,2021-03-27,standard_2021,1,292_3410
292,3413,Ryoya Kadota,Japan,Zacian ADP,10,15,others,Champions League Aichi,Japan,JP,2021,2021-03-27,standard_2021,0,292_3413
292,3414,Yoji Miya,Japan,Rapid Strike Urshifu,11,15,others,Champions League Aichi,Japan,JP,2021,2021-03-27,standard_2021,0,292_3414
292,3415,Mahiro Tsuchiya,Japan,Victini Mewtwo & Mew,12,15,others,Champions League Aichi,Japan,JP,2021,2021-03-27,standard_2021,0,292_3415
292,3416,Ryotaro Nanayama,Japan,Blacephalon Fire Box,13,15,others,Champions League Aichi,Japan,JP,2021,2021-03-27,standard_2021,0,292_3416
289,3285,Kaito Terada,Japan,Blacephalon,1,26,others,Champions League Yokohama,Japan,JP,2020,2020-10-03,standard_2021,1,289_3285
289,1804,Gen Takamatsu,Japan,Zacian Lucario & Melmetal,2,32,others,Champions League Yokohama,Japan,JP,2020,2020-10-03,standard_2021,1,289_1804
289,2223,Shunya Kimura,Japan,Coalossal,3,28,others,Champions League Yokohama,Japan,JP,2020,2020-10-03,standard_2021,1,289_2223
289,3380,Yuki Iguchi,Japan,Blacephalon,4,20,others,Champions League Yokohama,Japan,JP,2020,2020-10-03,standard_2021,1,289_3380
289,3286,Riku Otsuka,Japan,Zacian Lucario & Melmetal,5,18,others,Champions League Yokohama,Japan,JP,2020,2020-10-03,standard_2021,1,289_3286
289,3287,Fuya Sato,Japan,Eternatus,6,18,others,Champions League Yokohama,Japan,JP,2020,2020-10-03,standard_2021,1,289_3287
289,3288,Haruto Miki,Japan,Coalossal,7,18,others,Champions League Yokohama,Japan,JP,2020,2020-10-03,standard_2021,1,289_3288
289,3289,Takuya Baba,Japan,Eternatus,8,38,others,Champions League Yokohama,Japan,JP,2020,2020-10-03,standard_2021,1,289_3289
289,3290,Masaki Sakamoto,Japan,Coalossal,9,15,others,Champions League Yokohama,Japan,JP,2020,2020-10-03,standard_2021,0,289_3290
289,3291,Tatsuya Tanaka,Japan,Coalossal,10,15,others,Champions League Yokohama,Japan,JP,2020,2020-10-03,standard_2021,0,289_3291
289,3292,Masahiro Oura,Japan,Zacian Lucario & Melmetal,11,15,others,Champions League Yokohama,Japan,JP,2020,2020-10-03,standard_2021,0,289_3292
289,3293,Masaki Tashiro,Japan,Zacian Lucario & Melmetal,12,30,others,Champions League Yokohama,Japan,JP,2020,2020-10-03,standard_2021,0,289_3293
289,3160,Takahiro Ikeda,Japan,Mad Party,13,33,others,Champions League Yokohama,Japan,JP,2020,2020-10-03,standard_2021,0,289_3160
289,3294,Shogo Fujiwara,Japan,Zacian ADP,14,30,others,Champions League Yokohama,Japan,JP,2020,2020-10-03,standard_2021,0,289_3294
289,3295,Tomoki Ito,Japan,Mad Party,15,41,others,Champions League Yokohama,Japan,JP,2020,2020-10-03,standard_2021,0,289_3295
289,3296,Motoki Ito,Japan,Blacephalon,16,15,others,Champions League Yokohama,Japan,JP,2020,2020-10-03,standard_2021,0,289_3296
289,3302,Tatsuki Nakamura,Japan,Mad Party,24,10,others,Champions League Yokohama,Japan,JP,2020,2020-10-03,standard_2021,0,289_3302
289,3310,Rintaro Shimoda,Japan,Pikachu,37,8,others,Champions League Yokohama,Japan,JP,2020,2020-10-03,standard_2021,0,289_3310
289,3311,Ryota Mizuno,Japan,Eternatus,38,8,others,Champions League Yokohama,Japan,JP,2020,2020-10-03,standard_2021,0,289_3311
289,3312,Kota Ochiai,Japan,Combo Zacian,39,8,others,Champions League Yokohama,Japan,JP,2020,2020-10-03,standard_2021,0,289_3312
289,3313,Yuma Yamashita,Japan,Zacian ADP,40,8,others,Champions League Yokohama,Japan,JP,2020,2020-10-03,standard_2021,0,289_3313
289,3315,Yuki Kuroda,Japan,Pikachu & Zekrom,42,8,others,Champions League Yokohama,Japan,JP,2020,2020-10-03,standard_2021,0,289_3315
289,3323,Yuto Yamada,Japan,Mad Party,50,26,others,Champions League Yokohama,Japan,JP,2020,2020-10-03,standard_2021,0,289_3323
289,3326,Keita Mizukami,Japan,Coalossal,53,8,others,Champions League Yokohama,Japan,JP,2020,2020-10-03,standard_2021,0,289_3326
289,3111,Masahiro Iwamoto,Japan,Zacian Lucario & Melmetal,55,22,others,Champions League Yokohama,Japan,JP,2020,2020-10-03,standard_2021,0,289_3111
289,3330,Yusaku Miyake,Japan,Malamar Giratina,60,8,others,Champions League Yokohama,Japan,JP,2020,2020-10-03,standard_2021,0,289_3330
289,3334,Shodai Uchida,Japan,Pikachu & Zekrom,66,6,others,Champions League Yokohama,Japan,JP,2020,2020-10-03,standard_2021,0,289_3334
289,1833,Yosuke Nakayama,Japan,Pikachu & Zekrom,68,14,others,Champions League Yokohama,Japan,JP,2020,2020-10-03,standard_2021,0,289_1833
289,3343,Masaki Obata,Japan,Eternatus,79,6,others,Champions League Yokohama,Japan,JP,2020,2020-10-03,standard_2021,0,289_3343
289,1807,Atsutoshi Kubo,Japan,Coalossal,80,32,others,Champions League Yokohama,Japan,JP,2020,2020-10-03,standard_2021,0,289_1807
289,3345,Daiki Kaneko,Japan,Zacian Lucario & Melmetal,82,6,others,Champions League Yokohama,Japan,JP,2020,2020-10-03,standard_2021,0,289_3345
289,3346,Jun Hasegawa,Japan,Eternatus,83,6,others,Champions League Yokohama,Japan,JP,2020,2020-10-03,standard_2021,0,289_3346
289,3178,Hiro Yaoka,Japan,Pikachu & Zekrom,85,12,others,Champions League Yokohama,Japan,JP,2020,2020-10-03,standard_2021,0,289_3178
289,3354,Sayaka Usui,Japan,Zacian ADP,94,6,others,Champions League Yokohama,Japan,JP,2020,2020-10-03,standard_2021,0,289_3354
289,1604,Tetsuya Kajita,Japan,Blacephalon,107,24,others,Champions League Yokohama,Japan,JP,2020,2020-10-03,standard_2021,0,289_1604
289,3364,Ayato Osawa,Japan,Coalossal,109,6,others,Champions League Yokohama,Japan,JP,2020,2020-10-03,standard_2021,0,289_3364
289,3365,Takumi Ono,Japan,Coalossal,110,6,others,Champions League Yokohama,Japan,JP,2020,2020-10-03,standard_2021,0,289_3365
289,3367,Yuichi Wada,Japan,Pikachu & Zekrom,112,6,others,Champions League Yokohama,Japan,JP,2020,2020-10-03,standard_2021,0,289_3367
289,3370,Kazuyuki Azuma,Japan,Coalossal,116,6,others,Champions League Yokohama,Japan,JP,2020,2020-10-03,standard_2021,0,289_3370
289,3375,Dai Akizuki,Japan,Donphan,122,6,others,Champions League Yokohama,Japan,JP,2020,2020-10-03,standard_2021,0,289_3375
289,3376,Ippei Takaoka,Japan,Zacian ADP,123,6,others,Champions League Yokohama,Japan,JP,2020,2020-10-03,standard_2021,0,289_3376
231,2737,Kosei Saito,Japan,Pikachu & Zekrom,1,62,others,Champions League Aichi,Japan,JP,2019,2019-12-21,standard_2020,1,231_2737
231,2738,Ryoji Saotome,Japan,Zacian Lucario & Melmetal,2,22,others,Champions League Aichi,Japan,JP,2019,2019-12-21,standard_2020,1,231_2738
231,2739,Shogo Kitagawa,Japan,Pikachu & Zekrom,3,20,others,Champions League Aichi,Japan,JP,2019,2019-12-21,standard_2020,1,231_2739
231,2740,Ippo Kitou,Japan,Psychic Mewtwo & Mew,4,46,others,Champions League Aichi,Japan,JP,2019,2019-12-21,standard_2020,1,231_2740
231,2741,Koshi Kudo,Japan,Zacian ADP,5,18,others,Champions League Aichi,Japan,JP,2019,2019-12-21,standard_2020,1,231_2741
231,2742,Kaito Kimura,Japan,Psychic Mewtwo & Mew,6,51,others,Champions League Aichi,Japan,JP,2019,2019-12-21,standard_2020,1,231_2742
231,2743,Taisuke Sano,Japan,Zacian ADP,7,18,others,Champions League Aichi,Japan,JP,2019,2019-12-21,standard_2020,1,231_2743
231,2744,Masamichi Hattori,Japan,Psychic Mewtwo & Mew,8,36,others,Champions League Aichi,Japan,JP,2019,2019-12-21,standard_2020,1,231_2744
231,2746,Utaro Yoshimoto,Japan,Magcargo,10,15,others,Champions League Aichi,Japan,JP,2019,2019-12-21,standard_2020,0,231_2746
231,2747,Kazuki Kazama,Japan,Pikachu & Zekrom,11,15,others,Champions League Aichi,Japan,JP,2019,2019-12-21,standard_2020,0,231_2747
231,2749,Kaito Ookouchi,Japan,Zacian ADP,13,15,others,Champions League Aichi,Japan,JP,2019,2019-12-21,standard_2020,0,231_2749
231,2750,Keiya Sasaki,Japan,Zacian ADP,14,15,others,Champions League Aichi,Japan,JP,2019,2019-12-21,standard_2020,0,231_2750
231,2751,Weipan Maku,Japan,Zacian ADP,15,15,others,Champions League Aichi,Japan,JP,2019,2019-12-21,standard_2020,0,231_2751
218,1789,Daichi Shimada,Japan,Lucario & Melmetal,1,160,others,Champions League Tokyo,Japan,JP,2019,2019-09-22,standard_2020,1,218_1789
218,2492,Hiromasa Shima,Japan,Reshiram & Charizard,2,51,others,Champions League Tokyo,Japan,JP,2019,2019-09-22,standard_2020,1,218_2492
218,2493,Yugo Endo,Japan,Reshiram & Charizard,3,20,others,Champions League Tokyo,Japan,JP,2019,2019-09-22,standard_2020,1,218_2493
218,2494,Kota Omura,Japan,Blastoise & Piplup,4,26,others,Champions League Tokyo,Japan,JP,2019,2019-09-22,standard_2020,1,218_2494
218,1595,Kojiro Tsuruta,Japan,Mewtwo & Mew,5,42,others,Champions League Tokyo,Japan,JP,2019,2019-09-22,standard_2020,1,218_1595
218,675,Shun Ito,Japan,Gardevoir & Sylveon,6,101,others,Champions League Tokyo,Japan,JP,2019,2019-09-22,standard_2020,1,218_675
218,2495,Koya Oda,Japan,Keldeo Victini,7,18,others,Champions League Tokyo,Japan,JP,2019,2019-09-22,standard_2020,1,218_2495
218,1596,Hiroki Yano,Japan,Mewtwo & Mew,8,58,others,Champions League Tokyo,Japan,JP,2019,2019-09-22,standard_2020,1,218_1596
143,2187,Ryoya Kanagawa,Japan,Reshiram & Charizard,1,26,others,Champions League Kyoto,Japan,JP,2019,2019-04-14,standard_2019,1,143_2187
143,1623,Taketo Seki,Japan,Regigigas Hoopa,2,89,others,Champions League Kyoto,Japan,JP,2019,2019-04-14,standard_2019,1,143_1623
143,2188,Keiichiro Murotsu,Japan,Gardevoir & Sylveon,3,20,others,Champions League Kyoto,Japan,JP,2019,2019-04-14,standard_2019,1,143_2188
143,1447,Wataru Suzuki,Japan,Reshiram & Charizard Flareon,4,50,others,Champions League Kyoto,Japan,JP,2019,2019-04-14,standard_2019,1,143_1447
143,2189,Shun Doi,Japan,Zapdos,5,18,others,Champions League Kyoto,Japan,JP,2019,2019-04-14,standard_2019,1,143_2189
143,1458,Shintaro Ito,Japan,Hoopa Umbreon,6,215,others,Champions League Kyoto,Japan,JP,2019,2019-04-14,standard_2019,1,143_1458
143,2190,Kyohei Toda,Japan,Reshiram & Charizard,7,18,others,Champions League Kyoto,Japan,JP,2019,2019-04-14,standard_2019,1,143_2190
143,2191,Ryosuke Hirusawa,Japan,Blacephalon Naganadel,8,18,others,Champions League Kyoto,Japan,JP,2019,2019-04-14,standard_2019,1,143_2191
143,2193,Rinshiro Sakihama,Japan,Zapdos,11,15,others,Champions League Kyoto,Japan,JP,2019,2019-04-14,standard_2019,0,143_2193
143,2195,Nishikaze Murao,Japan,Reshiram & Charizard,13,15,others,Champions League Kyoto,Japan,JP,2019,2019-04-14,standard_2019,0,143_2195
143,2200,Takaki Oiso,Japan,Reshiram & Charizard,20,10,others,Champions League Kyoto,Japan,JP,2019,2019-04-14,standard_2019,0,143_2200
143,2203,Hikaru Ueyama,Japan,Ultra Malamar ,24,10,others,Champions League Kyoto,Japan,JP,2019,2019-04-14,standard_2019,0,143_2203
143,2205,Kakeru Konno,Japan,Pikachu & Zekrom,26,10,others,Champions League Kyoto,Japan,JP,2019,2019-04-14,standard_2019,0,143_2205
143,1436,Shu Hosoda,Japan,Pikachu & Zekrom,30,47,others,Champions League Kyoto,Japan,JP,2019,2019-04-14,standard_2019,0,143_1436
143,2208,Shintaro Fuji,Japan,Lycanroc Landorus,31,10,others,Champions League Kyoto,Japan,JP,2019,2019-04-14,standard_2019,0,143_2208
143,2210,Kohei Miwa,Japan,Whimsicott,35,8,others,Champions League Kyoto,Japan,JP,2019,2019-04-14,standard_2019,0,143_2210
143,2211,Kosuke Yamashita,Japan,Reshiram & Charizard,36,8,others,Champions League Kyoto,Japan,JP,2019,2019-04-14,standard_2019,0,143_2211
143,1426,Yoichi Sawada,Japan,Reshiram & Charizard,37,17,others,Champions League Kyoto,Japan,JP,2019,2019-04-14,standard_2019,0,143_1426
143,2213,Taiki Tanagida,Japan,Zoroark Lycanroc,43,8,others,Champions League Kyoto,Japan,JP,2019,2019-04-14,standard_2019,0,143_2213
143,2221,Kota Sekine,Japan,Granbull,53,8,others,Champions League Kyoto,Japan,JP,2019,2019-04-14,standard_2019,0,143_2221
143,2229,Yasunori Onda,Japan,Reshiram & Charizard Flareon,62,8,others,Champions League Kyoto,Japan,JP,2019,2019-04-14,standard_2019,0,143_2229
144,1946,ゆうゆう,Japan,Buzzwole & Pheromosa,1,26,others,Champions League Chiba,Japan,JP,2019,2019-02-17,standard_2019,1,144_1946
144,1947,かわさきたかふみ,Japan,Lucario & Melmetal Tag Team,2,22,others,Champions League Chiba,Japan,JP,2019,2019-02-17,standard_2019,1,144_1947
144,1458,Shintaro Ito,Japan,Vileplume,3,215,others,Champions League Chiba,Japan,JP,2019,2019-02-17,standard_2019,1,144_1458
144,1948,オギノ,Japan,Zapdos,4,20,others,Champions League Chiba,Japan,JP,2019,2019-02-17,standard_2019,1,144_1948
144,1949,リョウ,Japan,Gengar & Mimikyu,5,18,others,Champions League Chiba,Japan,JP,2019,2019-02-17,standard_2019,1,144_1949
144,1950,けい,Japan,Gardevoir & Sylveon,6,18,others,Champions League Chiba,Japan,JP,2019,2019-02-17,standard_2019,1,144_1950
144,1951,ひらん,Japan,Ultra Malamar ,7,18,others,Champions League Chiba,Japan,JP,2019,2019-02-17,standard_2019,1,144_1951
144,1953,ももたまる,Japan,Zoroark Lycanroc Lucario,9,15,others,Champions League Chiba,Japan,JP,2019,2019-02-17,standard_2019,0,144_1953
144,1955,窪田ウツボット,Japan,Pikachu & Zekrom,11,15,others,Champions League Chiba,Japan,JP,2019,2019-02-17,standard_2019,0,144_1955
144,1957,デビルマン,Japan,Buzzwole & Pheromosa,13,15,others,Champions League Chiba,Japan,JP,2019,2019-02-17,standard_2019,0,144_1957
144,1958,シャック,Japan,Zapdos,14,15,others,Champions League Chiba,Japan,JP,2019,2019-02-17,standard_2019,0,144_1958
144,1962,カプチーノ,Japan,Pikachu & Zekrom,18,10,others,Champions League Chiba,Japan,JP,2019,2019-02-17,standard_2019,0,144_1962
144,1964,おちゃ,Japan,Pikachu & Zekrom,20,10,others,Champions League Chiba,Japan,JP,2019,2019-02-17,standard_2019,0,144_1964
144,1965,まなてぃー,Japan,Pikachu & Zekrom Zapdos,21,10,others,Champions League Chiba,Japan,JP,2019,2019-02-17,standard_2019,0,144_1965
144,1967,かりす,Japan,Buzzwole & Pheromosa Jolteon,23,10,others,Champions League Chiba,Japan,JP,2019,2019-02-17,standard_2019,0,144_1967
144,1968,ガム(八王子),Japan,Ultra Malamar ,24,10,others,Champions League Chiba,Japan,JP,2019,2019-02-17,standard_2019,0,144_1968
144,1969,ほっきさん,Japan,Gardevoir & Sylveon,25,10,others,Champions League Chiba,Japan,JP,2019,2019-02-17,standard_2019,0,144_1969
144,1971,わしょう,Japan,Ultra Malamar ,27,10,others,Champions League Chiba,Japan,JP,2019,2019-02-17,standard_2019,0,144_1971
144,1972,ラック,Japan,Buzzwole & Pheromosa,28,10,others,Champions League Chiba,Japan,JP,2019,2019-02-17,standard_2019,0,144_1972
144,1790,Yoshiyuki Yamaguchi,Japan,Ultra Malamar ,30,124,others,Champions League Chiba,Japan,JP,2019,2019-02-17,standard_2019,0,144_1790
144,1975,アルバ,Japan,Gardevoir & Sylveon,31,10,others,Champions League Chiba,Japan,JP,2019,2019-02-17,standard_2019,0,144_1975
144,1976,オオヌキ,Japan,Pikachu & Zekrom,32,10,others,Champions League Chiba,Japan,JP,2019,2019-02-17,standard_2019,0,144_1976
144,1977,つるた,Japan,Ultra Malamar ,33,8,others,Champions League Chiba,Japan,JP,2019,2019-02-17,standard_2019,0,144_1977
144,1978,もみじねこ,Japan,Zoroark Lycanroc,34,8,others,Champions League Chiba,Japan,JP,2019,2019-02-17,standard_2019,0,144_1978
144,1979,けんくん,Japan,Regigigas Hoopa,35,8,others,Champions League Chiba,Japan,JP,2019,2019-02-17,standard_2019,0,144_1979
144,1980,ヒロ(熊本),Japan,Buzzwole & Pheromosa,36,8,others,Champions League Chiba,Japan,JP,2019,2019-02-17,standard_2019,0,144_1980
144,1983,ミキ,Japan,Pikachu & Zekrom,39,8,others,Champions League Chiba,Japan,JP,2019,2019-02-17,standard_2019,0,144_1983
144,1985,あ(東京),Japan,Zoroark Lycanroc Lucario,41,8,others,Champions League Chiba,Japan,JP,2019,2019-02-17,standard_2019,0,144_1985
144,1986,ゆき,Japan,Gardevoir & Sylveon,42,8,others,Champions League Chiba,Japan,JP,2019,2019-02-17,standard_2019,0,144_1986
144,1807,Atsutoshi Kubo,Japan,Zapdos,43,32,others,Champions League Chiba,Japan,JP,2019,2019-02-17,standard_2019,0,144_1807
144,1988,Mr.ホモン,Japan,Zoroark Lycanroc,45,8,others,Champions League Chiba,Japan,JP,2019,2019-02-17,standard_2019,0,144_1988
144,1562,Seitaro Shibuya,Japan,Hitmon-trio,46,28,others,Champions League Chiba,Japan,JP,2019,2019-02-17,standard_2019,0,144_1562
144,1989,ジン(三重),Japan,Pikachu & Zekrom,47,8,others,Champions League Chiba,Japan,JP,2019,2019-02-17,standard_2019,0,144_1989
144,1990,さとそん,Japan,Buzzwole & Pheromosa,48,8,others,Champions League Chiba,Japan,JP,2019,2019-02-17,standard_2019,0,144_1990
144,1991,ざわ(静岡),Japan,Zapdos,49,8,others,Champions League Chiba,Japan,JP,2019,2019-02-17,standard_2019,0,144_1991
144,1992,きりん,Japan,Buzzwole & Pheromosa,50,8,others,Champions League Chiba,Japan,JP,2019,2019-02-17,standard_2019,0,144_1992
144,1954,マジひこ,Japan,Charizard,53,8,others,Champions League Chiba,Japan,JP,2019,2019-02-17,standard_2019,0,144_1954
144,1997,たぶりす,Japan,Pikachu & Zekrom,56,8,others,Champions League Chiba,Japan,JP,2019,2019-02-17,standard_2019,0,144_1997
144,1999,cell,Japan,Zapdos Jolteon,58,8,others,Champions League Chiba,Japan,JP,2019,2019-02-17,standard_2019,0,144_1999
144,2000,ナナキ,Japan,Gengar & Mimikyu,59,8,others,Champions League Chiba,Japan,JP,2019,2019-02-17,standard_2019,0,144_2000
144,2002,shimada2983,Japan,Pikachu & Zekrom,61,8,others,Champions League Chiba,Japan,JP,2019,2019-02-17,standard_2019,0,144_2002
144,2003,あしがる,Japan,Ultra Malamar ,62,8,others,Champions League Chiba,Japan,JP,2019,2019-02-17,standard_2019,0,144_2003
144,2004,タケト,Japan,Ultra Malamar ,63,8,others,Champions League Chiba,Japan,JP,2019,2019-02-17,standard_2019,0,144_2004
144,2005,ツカ,Japan,Zapdos,64,8,others,Champions League Chiba,Japan,JP,2019,2019-02-17,standard_2019,0,144_2005
142,1789,Daichi Shimada,Japan,Zoroark Lycanroc,1,160,others,Champions League Niigata,Japan,JP,2018,2018-12-02,standard_2019,1,142_1789
142,1790,Yoshiyuki Yamaguchi,Japan,Ultra Malamar ,2,124,others,Champions League Niigata,Japan,JP,2018,2018-12-02,standard_2019,1,142_1790
142,1792,Tomoki Yamada,Japan,Zapdos,3,20,others,Champions League Niigata,Japan,JP,2018,2018-12-02,standard_2019,1,142_1792
142,1791,Mitsuki Omizo,Japan,Rayquaza Vikavolt,4,20,others,Champions League Niigata,Japan,JP,2018,2018-12-02,standard_2019,1,142_1791
142,1793,Norihito Yamamoto,Japan,Zapdos Jolteon,5,18,others,Champions League Niigata,Japan,JP,2018,2018-12-02,standard_2019,1,142_1793
142,1794,Hoo Sato,Japan,Zapdos,6,18,others,Champions League Niigata,Japan,JP,2018,2018-12-02,standard_2019,1,142_1794
142,1795,Tomoya Yamaguchi,Japan,Blacephalon Naganadel,7,28,others,Champions League Niigata,Japan,JP,2018,2018-12-02,standard_2019,1,142_1795
142,1452,Suguru Sakakibara,Japan,Zoroark Lycanroc,8,27,others,Champions League Niigata,Japan,JP,2018,2018-12-02,standard_2019,1,142_1452
142,1796,Yuto Fuji,Japan,Zapdos,9,15,others,Champions League Niigata,Japan,JP,2018,2018-12-02,standard_2019,0,142_1796
142,1797,Sinnosuke Tai,Japan,Rayquaza,10,15,others,Champions League Niigata,Japan,JP,2018,2018-12-02,standard_2019,0,142_1797
142,1458,Shintaro Ito,Japan,Greninja Meganium Swampert,11,215,others,Champions League Niigata,Japan,JP,2018,2018-12-02,standard_2019,0,142_1458
142,1798,Masaki Yamaguchi,Japan,Zapdos,12,15,others,Champions League Niigata,Japan,JP,2018,2018-12-02,standard_2019,0,142_1798
142,1800,Yasuaki Funaki,Japan,Zapdos Jolteon,14,15,others,Champions League Niigata,Japan,JP,2018,2018-12-02,standard_2019,0,142_1800
142,1801,Ryota Ishiyama,Japan,Zoroark Alolan Ninetales,15,94,others,Champions League Niigata,Japan,JP,2018,2018-12-02,standard_2019,0,142_1801
142,1802,Kenta Nishi,Japan,Lycanroc Persian,16,15,others,Champions League Niigata,Japan,JP,2018,2018-12-02,standard_2019,0,142_1802
142,1803,Kotaro Abumi,Japan,Zoroark Lycanroc,17,10,others,Champions League Niigata,Japan,JP,2018,2018-12-02,standard_2019,0,142_1803
142,1804,Gen Takamatsu,Japan,Zoroark Lycanroc,18,32,others,Champions League Niigata,Japan,JP,2018,2018-12-02,standard_2019,0,142_1804
142,1436,Shu Hosoda,Japan,Rayquaza Vikavolt,19,47,others,Champions League Niigata,Japan,JP,2018,2018-12-02,standard_2019,0,142_1436
142,1806,Takahiro Inoe,Japan,Zapdos Jolteon,21,10,others,Champions League Niigata,Japan,JP,2018,2018-12-02,standard_2019,0,142_1806
142,1807,Atsutoshi Kubo,Japan,Greninja Meganium Swampert,22,32,others,Champions League Niigata,Japan,JP,2018,2018-12-02,standard_2019,0,142_1807
142,1808,Tatsuki Wakita,Japan,Zapdos Jolteon,23,10,others,Champions League Niigata,Japan,JP,2018,2018-12-02,standard_2019,0,142_1808
142,1809,Yuto Minamimura,Japan,Blacephalon Naganadel,25,10,others,Champions League Niigata,Japan,JP,2018,2018-12-02,standard_2019,0,142_1809
142,1811,Akatoki Sakamoto,Japan,Zapdos Jolteon,28,16,others,Champions League Niigata,Japan,JP,2018,2018-12-02,standard_2019,0,142_1811
142,1812,Shota Nakajo,Japan,Zapdos,29,36,others,Champions League Niigata,Japan,JP,2018,2018-12-02,standard_2019,0,142_1812
142,1813,Riku Yamaguchi,Japan,Rayquaza Vikavolt,30,18,others,Champions League Niigata,Japan,JP,2018,2018-12-02,standard_2019,0,142_1813
142,1423,Masayuki Hayashi,Japan,Decidueye Ninetales Swampert,33,20,others,Champions League Niigata,Japan,JP,2018,2018-12-02,standard_2019,0,142_1423
142,1816,Kenta Nakahodo,Japan,Passimian Tapu Koko,35,14,others,Champions League Niigata,Japan,JP,2018,2018-12-02,standard_2019,0,142_1816
142,1817,Tomoyuki Kimura,Japan,Zapdos,36,8,others,Champions League Niigata,Japan,JP,2018,2018-12-02,standard_2019,0,142_1817
142,1818,Miu Kitamura,Japan,Zoroark Lycanroc,37,8,others,Champions League Niigata,Japan,JP,2018,2018-12-02,standard_2019,0,142_1818
142,1820,Yusuke Suda,Japan,Ultra Malamar ,39,8,others,Champions League Niigata,Japan,JP,2018,2018-12-02,standard_2019,0,142_1820
142,1448,Akira Sato,Japan,Passimian Tapu Koko,42,91,others,Champions League Niigata,Japan,JP,2018,2018-12-02,standard_2019,0,142_1448
142,1824,Ayaka Nakashima,Japan,Buzzwole Lycanroc Ninetales,45,8,others,Champions League Niigata,Japan,JP,2018,2018-12-02,standard_2019,0,142_1824
142,1825,Ryuichi Katahashi,Japan,Zoroark Lycanroc,46,8,others,Champions League Niigata,Japan,JP,2018,2018-12-02,standard_2019,0,142_1825
142,1826,Natsuro Suzuki,Japan,Zapdos Jolteon Naganadel,47,8,others,Champions League Niigata,Japan,JP,2018,2018-12-02,standard_2019,0,142_1826
142,1827,Hiroshi Makino,Japan,Rayquaza Vikavolt,48,8,others,Champions League Niigata,Japan,JP,2018,2018-12-02,standard_2019,0,142_1827
142,1603,Hiroaki Kanno,Japan,Blacephalon Naganadel,50,41,others,Champions League Niigata,Japan,JP,2018,2018-12-02,standard_2019,0,142_1603
142,1437,Tadashi Maeda,Japan,Blacephalon Naganadel,51,26,others,Champions League Niigata,Japan,JP,2018,2018-12-02,standard_2019,0,142_1437
142,1829,Katsuya Kono,Japan,Zapdos Jolteon,54,23,others,Champions League Niigata,Japan,JP,2018,2018-12-02,standard_2019,0,142_1829
142,1831,Kodai Nakamura,Japan,Gardevoir Ninetales,57,8,others,Champions League Niigata,Japan,JP,2018,2018-12-02,standard_2019,0,142_1831
142,1832,Hiroki Kobayashi,Japan,Buzzwole Lycanroc,58,8,others,Champions League Niigata,Japan,JP,2018,2018-12-02,standard_2019,0,142_1832
142,1833,Yosuke Nakayama,Japan,Zoroark Lycanroc,59,14,others,Champions League Niigata,Japan,JP,2018,2018-12-02,standard_2019,0,142_1833
142,1834,Kodai Miyajima,Japan,Zapdos,60,8,others,Champions League Niigata,Japan,JP,2018,2018-12-02,standard_2019,0,142_1834
142,1836,Masaki Yaginuma,Japan,Metagross,62,8,others,Champions League Niigata,Japan,JP,2018,2018-12-02,standard_2019,0,142_1836
141,674,Masataka Hirano,Japan,Malamar Giratina,1,125,others,Champions League Tokyo,Japan,JP,2018,2018-09-16,standard_2019,1,141_674
141,1602,Misaki Miyamoto,Japan,Blacephalon Naganadel,2,22,others,Champions League Tokyo,Japan,JP,2018,2018-09-16,standard_2019,1,141_1602
141,1419,Hidehito Jozaki,Japan,Buzzwole Lycanroc Ninetales,3,38,others,Champions League Tokyo,Japan,JP,2018,2018-09-16,standard_2019,1,141_1419
141,1428,Takahiro Moriyama,Japan,Alolan Exeggutor Sceptile,4,34,others,Champions League Tokyo,Japan,JP,2018,2018-09-16,standard_2019,1,141_1428
141,1603,Hiroaki Kanno,Japan,Ultra Malamar ,5,41,others,Champions League Tokyo,Japan,JP,2018,2018-09-16,standard_2019,1,141_1603
141,1459,Yosuke Kato,Japan,Zoroark Lycanroc,6,27,others,Champions League Tokyo,Japan,JP,2018,2018-09-16,standard_2019,1,141_1459
141,1604,Tetsuya Kajita,Japan,Buzzwole Alolan Ninetales,7,24,others,Champions League Tokyo,Japan,JP,2018,2018-09-16,standard_2019,1,141_1604
141,1447,Wataru Suzuki,Japan,Buzzwole Lycanroc,8,50,others,Champions League Tokyo,Japan,JP,2018,2018-09-16,standard_2019,1,141_1447
141,675,Shun Ito,Japan,Granbull,9,101,others,Champions League Tokyo,Japan,JP,2018,2018-09-16,standard_2019,0,141_675
141,1605,Takafumi Kobayashi,Japan,Zoroark Alolan Ninetales,10,15,others,Champions League Tokyo,Japan,JP,2018,2018-09-16,standard_2019,0,141_1605
141,1607,Ryujin Fukui,Japan,Zoroark Buzzwole,12,15,others,Champions League Tokyo,Japan,JP,2018,2018-09-16,standard_2019,0,141_1607
141,1609,Shinya Iwamura,Japan,Zoroark Lycanroc Weavile,14,15,others,Champions League Tokyo,Japan,JP,2018,2018-09-16,standard_2019,0,141_1609
141,1610,Shuya Ogino,Japan,Magcargo,15,15,others,Champions League Tokyo,Japan,JP,2018,2018-09-16,standard_2019,0,141_1610
141,1611,Ryota Murayama,Japan,Zoroark Decidueye,16,15,others,Champions League Tokyo,Japan,JP,2018,2018-09-16,standard_2019,0,141_1611
141,1458,Shintaro Ito,Japan,Decidueye Alolan Ninetales,17,215,others,Champions League Tokyo,Japan,JP,2018,2018-09-16,standard_2019,0,141_1458
141,1612,Atsuya Noguchi,Japan,Naganadel Metal,18,10,others,Champions League Tokyo,Japan,JP,2018,2018-09-16,standard_2019,0,141_1612
141,1613,Ryohei Takano,Japan,Malamar Giratina,19,10,others,Champions League Tokyo,Japan,JP,2018,2018-09-16,standard_2019,0,141_1613
141,1617,Shingo Sagawa,Japan,Tapu Koko Honchkrow Weavile,23,10,others,Champions League Tokyo,Japan,JP,2018,2018-09-16,standard_2019,0,141_1617
141,1421,Shuichiro Kakihara,Japan,Zoroark Weavile,27,28,others,Champions League Tokyo,Japan,JP,2018,2018-09-16,standard_2019,0,141_1421
141,1621,Yuki Kosai,Japan,Blacephalon Naganadel,28,10,others,Champions League Tokyo,Japan,JP,2018,2018-09-16,standard_2019,0,141_1621
141,1622,Taiki Yanagida,Japan,Zoroark Lycanroc,29,10,others,Champions League Tokyo,Japan,JP,2018,2018-09-16,standard_2019,0,141_1622
141,1623,Taketo Seki,Japan,Zoroark Lycanroc,30,89,others,Champions League Tokyo,Japan,JP,2018,2018-09-16,standard_2019,0,141_1623
141,1624,Kenichi Saiki,Japan,Zoroark Garbodor,31,16,others,Champions League Tokyo,Japan,JP,2018,2018-09-16,standard_2019,0,141_1624
141,1625,Masaki Takeuchi,Japan,Zoroark Magcargo,32,18,others,Champions League Tokyo,Japan,JP,2018,2018-09-16,standard_2019,0,141_1625
390,4853,Yoong Kai Jian,Malaysia,Fusion Mew,1,22,others,Asia EN Open 2023 Summer,Malaysia,AS-OC,2023,2023-07-22,standard_2023,1,390_4853
390,4857,Izmir Armani,Malaysia,Lugia Archeops,2,14,others,Asia EN Open 2023 Summer,Malaysia,AS-OC,2023,2023-07-22,standard_2023,1,390_4857
390,4858,Wong Chun Sing,Hong Kong,Goodra LZ Box,3,12,others,Asia EN Open 2023 Summer,Malaysia,AS-OC,2023,2023-07-22,standard_2023,1,390_4858
390,2652,Tan Yong Siang,Singapore,Giratina LZ Box,4,63,others,Asia EN Open 2023 Summer,Malaysia,AS-OC,2023,2023-07-22,standard_2023,1,390_2652
390,1570,Jacob Tan Ti Qian,Malaysia,Lost Box Charizard,5,26,others,Asia EN Open 2023 Summer,Malaysia,AS-OC,2023,2023-07-22,standard_2023,1,390_1570
390,4859,Jason Pan,Singapore,Lost Zone Box,6,10,others,Asia EN Open 2023 Summer,Malaysia,AS-OC,2023,2023-07-22,standard_2023,1,390_4859
390,4601,Chen Jinn Chung,Malaysia,Miraidon Flaaffy,8,14,others,Asia EN Open 2023 Summer,Malaysia,AS-OC,2023,2023-07-22,standard_2023,1,390_4601
390,4835,Dionsius Lee,Singapore,Fusion Mew,9,54,others,Asia EN Open 2023 Summer,Malaysia,AS-OC,2023,2023-07-22,standard_2023,0,390_4835
390,1233,Colin Tang,Malaysia,Lugia Archeops,11,108,others,Asia EN Open 2023 Summer,Malaysia,AS-OC,2023,2023-07-22,standard_2023,0,390_1233
390,1267,Rinesh John,Malaysia,Regis,12,25,others,Asia EN Open 2023 Summer,Malaysia,AS-OC,2023,2023-07-22,standard_2023,0,390_1267
390,4861,Low Jit Kin,Malaysia,Miraidon Flaaffy,13,6,others,Asia EN Open 2023 Summer,Malaysia,AS-OC,2023,2023-07-22,standard_2023,0,390_4861
371,2333,Kashvinder Singh Mann,Singapore,Arceus Giratina,1,21,others,Singapore Regional League,Singapore,AS-OC,2023,2023-05-06,standard_2023,1,371_2333
371,4586,Lee Hwee Liang,Singapore,Lugia Archeops,3,8,others,Singapore Regional League,Singapore,AS-OC,2023,2023-05-06,standard_2023,1,371_4586
371,4588,Hugo Gabriel Tjandra,Singapore,Gardevoir,7,6,others,Singapore Regional League,Singapore,AS-OC,2023,2023-05-06,standard_2023,1,371_4588
371,4593,Keenan Jacob Victor,Singapore,Inteleon Urshifu,12,4,others,Singapore Regional League,Singapore,AS-OC,2023,2023-05-06,standard_2023,0,371_4593
371,4596,Danny Seet,Singapore,Gardevoir,15,4,others,Singapore Regional League,Singapore,AS-OC,2023,2023-05-06,standard_2023,0,371_4596
371,4597,Wilson Foong,Singapore,Arceus Duraludon,16,4,others,Singapore Regional League,Singapore,AS-OC,2023,2023-05-06,standard_2023,0,371_4597
372,4598,Low Kien Shiang,Malaysia,Lugia Archeops,1,21,others,Malaysia Regional League,Malaysia,AS-OC,2023,2023-04-29,standard_2023,1,372_4598
372,1233,Colin Tang,Malaysia,Lugia Archeops,2,108,others,Malaysia Regional League,Malaysia,AS-OC,2023,2023-04-29,standard_2023,1,372_1233
372,1089,Malik Hisyam Zaihan,Malaysia,Gardevoir,7,34,others,Malaysia Regional League,Malaysia,AS-OC,2023,2023-04-29,standard_2023,1,372_1089
372,1204,Aaron Minjoot,Malaysia,Arceus Duraludon,9,7,others,Malaysia Regional League,Malaysia,AS-OC,2023,2023-04-29,standard_2023,0,372_1204
365,1266,Jonas Xavier,Indonesia,Lugia Archeops,1,19,others,Regional League Surabaya,Indonesia,AS-OC,2023,2023-04-08,standard_2022,1,365_1266
365,129,Rafli Attar Ricco,Indonesia,Lugia Archeops,2,121,others,Regional League Surabaya,Indonesia,AS-OC,2023,2023-04-08,standard_2022,1,365_129
365,176,Tito Santoso,Indonesia,Gardevoir,3,70,others,Regional League Surabaya,Indonesia,AS-OC,2023,2023-04-08,standard_2022,1,365_176
365,4501,Anggie Tjakra,Indonesia,Gardevoir,4,8,others,Regional League Surabaya,Indonesia,AS-OC,2023,2023-04-08,standard_2022,1,365_4501
365,4502,Yoso Armando,Indonesia,Lost Zone Box,5,6,others,Regional League Surabaya,Indonesia,AS-OC,2023,2023-04-08,standard_2022,1,365_4502
365,4503,Marvin Julio,Indonesia,Arceus Giratina,6,6,others,Regional League Surabaya,Indonesia,AS-OC,2023,2023-04-08,standard_2022,1,365_4503
365,4504,Muhamad Azka,Indonesia,Fusion Mew,7,6,others,Regional League Surabaya,Indonesia,AS-OC,2023,2023-04-08,standard_2022,1,365_4504
365,4505,Raynaldo Winanda,Indonesia,Arceus Giratina,8,6,others,Regional League Surabaya,Indonesia,AS-OC,2023,2023-04-08,standard_2022,1,365_4505
363,662,Adrian Velasco,Philippines,Flaaffy Box,1,75,others,Philippines Regional League,Philippines,AS-OC,2023,2023-04-02,standard_2022,1,363_662
363,4472,Carlo Neria,Philippines,Lugia Archeops,2,10,others,Philippines Regional League,Philippines,AS-OC,2023,2023-04-02,standard_2022,1,363_4472
363,4473,Arnie Olave,Philippines,Lugia Archeops,3,8,others,Philippines Regional League,Philippines,AS-OC,2023,2023-04-02,standard_2022,1,363_4473
363,4474,Rhian Famaran,Philippines,Lugia Archeops,4,8,others,Philippines Regional League,Philippines,AS-OC,2023,2023-04-02,standard_2022,1,363_4474
363,4475,Brian Viloria,Philippines,Arceus Duraludon,5,6,others,Philippines Regional League,Philippines,AS-OC,2023,2023-04-02,standard_2022,1,363_4475
363,4476,Iva Rodas,Philippines,LZ Rayquaza Box,6,6,others,Philippines Regional League,Philippines,AS-OC,2023,2023-04-02,standard_2022,1,363_4476
363,4477,Ivan Reyna,Philippines,Lost Zone Box,7,12,others,Philippines Regional League,Philippines,AS-OC,2023,2023-04-02,standard_2022,1,363_4477
363,4478,Ching Parungao,Philippines,Lugia Archeops,8,6,others,Philippines Regional League,Philippines,AS-OC,2023,2023-04-02,standard_2022,1,363_4478
363,4479,Van Varnal,Philippines,Lugia Archeops,9,4,others,Philippines Regional League,Philippines,AS-OC,2023,2023-04-02,standard_2022,0,363_4479
363,4480,Joshua Myles Lim,Philippines,Lost Zone Box,10,4,others,Philippines Regional League,Philippines,AS-OC,2023,2023-04-02,standard_2022,0,363_4480
363,4481,Kieth Padernal,Philippines,Goodra LZ Box,11,4,others,Philippines Regional League,Philippines,AS-OC,2023,2023-04-02,standard_2022,0,363_4481
363,4482,Daniel Bernas,Philippines,Mew Genesect,12,13,others,Philippines Regional League,Philippines,AS-OC,2023,2023-04-02,standard_2022,0,363_4482
363,4483,Mark Sevilla,Philippines,Mew Genesect,13,4,others,Philippines Regional League,Philippines,AS-OC,2023,2023-04-02,standard_2022,0,363_4483
363,4486,Roy Loyola Jr,Philippines,Lugia Archeops,14,13,others,Philippines Regional League,Philippines,AS-OC,2023,2023-04-02,standard_2022,0,363_4486
363,4484,Neil Adrian Zabala,Philippines,Lugia Archeops,15,4,others,Philippines Regional League,Philippines,AS-OC,2023,2023-04-02,standard_2022,0,363_4484
363,4485,Paolo Gatuz,Philippines,Arceus Duraludon,16,4,others,Philippines Regional League,Philippines,AS-OC,2023,2023-04-02,standard_2022,0,363_4485
362,4363,Thantawat,Thailand,Lost Zone Box,1,16,others,Regional League Bangkok,Thailand,AS-OC,2023,2023-03-18,standard_2022,1,362_4363
362,4364,Pisanu,Thailand,Arceus Giratina,2,14,others,Regional League Bangkok,Thailand,AS-OC,2023,2023-03-18,standard_2022,1,362_4364
362,4365,Satira,Thailand,Lost Zone Box,3,12,others,Regional League Bangkok,Thailand,AS-OC,2023,2023-03-18,standard_2022,1,362_4365
362,4366,Nutdanai,Thailand,Lost Zone Box,4,12,others,Regional League Bangkok,Thailand,AS-OC,2023,2023-03-18,standard_2022,1,362_4366
362,4367,Napapol,Thailand,Lugia Archeops,5,10,others,Regional League Bangkok,Thailand,AS-OC,2023,2023-03-18,standard_2022,1,362_4367
362,4370,Piphatphoom,Thailand,Gardevoir,6,10,others,Regional League Bangkok,Thailand,AS-OC,2023,2023-03-18,standard_2022,1,362_4370
362,4369,Thanapat,Thailand,Arceus Giratina,7,10,others,Regional League Bangkok,Thailand,AS-OC,2023,2023-03-18,standard_2022,1,362_4369
362,4368,Jakarin,Thailand,Gardevoir,8,10,others,Regional League Bangkok,Thailand,AS-OC,2023,2023-03-18,standard_2022,1,362_4368
362,4371,Tanit,Thailand,Arceus Giratina,9,6,others,Regional League Bangkok,Thailand,AS-OC,2023,2023-03-18,standard_2022,0,362_4371
362,4372,Nichapat,Thailand,Gardevoir,10,6,others,Regional League Bangkok,Thailand,AS-OC,2023,2023-03-18,standard_2022,0,362_4372
362,4373,Passakorn,Thailand,Dialga Magnezone,11,6,others,Regional League Bangkok,Thailand,AS-OC,2023,2023-03-18,standard_2022,0,362_4373
362,4374,Peeranut,Thailand,Lost Zone Box,12,6,others,Regional League Bangkok,Thailand,AS-OC,2023,2023-03-18,standard_2022,0,362_4374
362,4375,Mongkol,Thailand,Giratina LZ Box,13,6,others,Regional League Bangkok,Thailand,AS-OC,2023,2023-03-18,standard_2022,0,362_4375
362,4376,Manussorn,Thailand,Lost Zone Box,14,6,others,Regional League Bangkok,Thailand,AS-OC,2023,2023-03-18,standard_2022,0,362_4376
362,4377,Nawaporn,Thailand,Arceus Gallade,15,6,others,Regional League Bangkok,Thailand,AS-OC,2023,2023-03-18,standard_2022,0,362_4377
362,4378,Anon,Thailand,Lost Zone Box,16,6,others,Regional League Bangkok,Thailand,AS-OC,2023,2023-03-18,standard_2022,0,362_4378
356,4096,Darwin Rasubala,Indonesia,Lost Zone Box,1,16,others,Indonesia Regional League #2,Indonesia,AS-OC,2022,2022-12-17,standard_2022,1,356_4096
356,4097,Senpri Wijaya,Indonesia,Lugia Archeops,2,14,others,Indonesia Regional League #2,Indonesia,AS-OC,2022,2022-12-17,standard_2022,1,356_4097
356,4098,Feriawan Hasim,Indonesia,Lugia Archeops,3,12,others,Indonesia Regional League #2,Indonesia,AS-OC,2022,2022-12-17,standard_2022,1,356_4098
356,4099,Daniel Daniharja Tan,Indonesia,Eternatus Weezing,4,12,others,Indonesia Regional League #2,Indonesia,AS-OC,2022,2022-12-17,standard_2022,1,356_4099
356,4100,Yonathan Kandake,Indonesia,Lugia Archeops,5,10,others,Indonesia Regional League #2,Indonesia,AS-OC,2022,2022-12-17,standard_2022,1,356_4100
356,129,Rafli Attar Ricco,Indonesia,Weezing Aerodactyl,6,121,others,Indonesia Regional League #2,Indonesia,AS-OC,2022,2022-12-17,standard_2022,1,356_129
356,4101,Kevin Fajar,Indonesia,Fusion Mew,7,10,others,Indonesia Regional League #2,Indonesia,AS-OC,2022,2022-12-17,standard_2022,1,356_4101
356,4102,Calvin Taniwan,Indonesia,Fusion Mew,8,10,others,Indonesia Regional League #2,Indonesia,AS-OC,2022,2022-12-17,standard_2022,1,356_4102
355,2652,Tan Yong Siang,Singapore,LZ Rayquaza Box,1,63,others,Asia EN Open 2022,Singapore,AS-OC,2022,2022-12-17,standard_2022,1,355_2652
355,3777,Kang Yu Xian,Singapore,Lugia Archeops,2,24,others,Asia EN Open 2022,Singapore,AS-OC,2022,2022-12-17,standard_2022,1,355_3777
355,4083,Wang Zhe,Singapore,Lugia Archeops,3,8,others,Asia EN Open 2022,Singapore,AS-OC,2022,2022-12-17,standard_2022,1,355_4083
355,1233,Colin Tang,Malaysia,Lugia Archeops,4,108,others,Asia EN Open 2022,Singapore,AS-OC,2022,2022-12-17,standard_2022,1,355_1233
355,1377,Hariz Hamdan,Malaysia,Lugia Archeops,5,22,others,Asia EN Open 2022,Singapore,AS-OC,2022,2022-12-17,standard_2022,1,355_1377
355,2681,Tan Jun Hao,Singapore,Lost Zone Box,6,21,others,Asia EN Open 2022,Singapore,AS-OC,2022,2022-12-17,standard_2022,1,355_2681
355,4084,Fatriz,Singapore,Mew Genesect,7,6,others,Asia EN Open 2022,Singapore,AS-OC,2022,2022-12-17,standard_2022,1,355_4084
355,2514,Ryan Tan,Singapore,Lost Zone Box,8,26,others,Asia EN Open 2022,Singapore,AS-OC,2022,2022-12-17,standard_2022,1,355_2514
346,3921,Ferco Fido,Indonesia,Kyurem Palkia,1,21,others,Indonesia Regional League,Indonesia,AS-OC,2022,2022-10-29,standard_2022,1,346_3921
346,3922,Dennis Tanaka,Indonesia,Kyurem Palkia,2,10,others,Indonesia Regional League,Indonesia,AS-OC,2022,2022-10-29,standard_2022,1,346_3922
346,3923,Enriko Adriano,Indonesia,Fusion Mew,3,8,others,Indonesia Regional League,Indonesia,AS-OC,2022,2022-10-29,standard_2022,1,346_3923
346,3924,Fernaldy,Indonesia,Giratina LZ Box,4,8,others,Indonesia Regional League,Indonesia,AS-OC,2022,2022-10-29,standard_2022,1,346_3924
346,3925,Rahmandika S,Indonesia,Mew Genesect,5,6,others,Indonesia Regional League,Indonesia,AS-OC,2022,2022-10-29,standard_2022,1,346_3925
346,3926,Alvin Putra,Indonesia,Mew Genesect,6,6,others,Indonesia Regional League,Indonesia,AS-OC,2022,2022-10-29,standard_2022,1,346_3926
346,3927,Farhan Ubaidillah,Indonesia,Kyurem Palkia,7,6,others,Indonesia Regional League,Indonesia,AS-OC,2022,2022-10-29,standard_2022,1,346_3927
346,3254,Audityo Pramudya Mulyo,Indonesia,Mew Genesect,8,12,others,Indonesia Regional League,Indonesia,AS-OC,2022,2022-10-29,standard_2022,1,346_3254
345,182,Athavan Akilan,Malaysia,Hisuian Zoroark,1,49,others,Malaysia Regional League,Malaysia,AS-OC,2022,2022-10-29,standard_2022,1,345_182
345,2152,Melvyn Lee,Malaysia,Giratina LZ Box,2,39,others,Malaysia Regional League,Malaysia,AS-OC,2022,2022-10-29,standard_2022,1,345_2152
345,3917,Chan Zi Yu,Malaysia,Palkia Inteleon,3,8,others,Malaysia Regional League,Malaysia,AS-OC,2022,2022-10-29,standard_2022,1,345_3917
345,171,Mohamad Syahmi Abdul Razak,Malaysia,Hisuian Zoroark,4,60,others,Malaysia Regional League,Malaysia,AS-OC,2022,2022-10-29,standard_2022,1,345_171
345,3918,Ling Nai Shin,Malaysia,Hisuian Zoroark,5,6,others,Malaysia Regional League,Malaysia,AS-OC,2022,2022-10-29,standard_2022,1,345_3918
345,1265,Christopher Ismail,Malaysia,Rapid Strike Urshifu Inteleon,6,19,others,Malaysia Regional League,Malaysia,AS-OC,2022,2022-10-29,standard_2022,1,345_1265
345,3919,Hazizul Abdul Hairun,Malaysia,Palkia Inteleon,7,6,others,Malaysia Regional League,Malaysia,AS-OC,2022,2022-10-29,standard_2022,1,345_3919
341,2652,Tan Yong Siang,Singapore,Lost Zone Box,1,63,others,Singapore Regional League,Singapore,AS-OC,2022,2022-09-17,standard_2022,1,341_2652
341,3775,Wong Wei Kit,Singapore,Mew Genesect,2,10,others,Singapore Regional League,Singapore,AS-OC,2022,2022-09-17,standard_2022,1,341_3775
341,3776,Toshiyuki Isogai,Singapore,Kyurem Palkia,3,8,others,Singapore Regional League,Singapore,AS-OC,2022,2022-09-17,standard_2022,1,341_3776
341,3777,Kang Yu Xian,Singapore,Giratina LZ Box,4,24,others,Singapore Regional League,Singapore,AS-OC,2022,2022-09-17,standard_2022,1,341_3777
291,3390,Wu Zengjun,Taiwan,Zacian ADP,1,20,others,Taiwan Regional League Kaohsiung,Taiwan,AS-OC,2021,2021-03-13,standard_2021,1,291_3390
291,3391,Li Minghan,Taiwan,Eternatus,2,18,others,Taiwan Regional League Kaohsiung,Taiwan,AS-OC,2021,2021-03-13,standard_2021,1,291_3391
291,3393,Wang Jiuming,Taiwan,Zacian ADP,3,16,others,Taiwan Regional League Kaohsiung,Taiwan,AS-OC,2021,2021-03-13,standard_2021,1,291_3393
291,3392,Yang Ning Hsu,Taiwan,Cramorant Porygon-Z,4,16,others,Taiwan Regional League Kaohsiung,Taiwan,AS-OC,2021,2021-03-13,standard_2021,1,291_3392
291,3394,Wang Qingxian,Taiwan,Centiskorch,5,14,others,Taiwan Regional League Kaohsiung,Taiwan,AS-OC,2021,2021-03-13,standard_2021,1,291_3394
291,3395,Duan Jingren,Taiwan,Inteleon,6,14,others,Taiwan Regional League Kaohsiung,Taiwan,AS-OC,2021,2021-03-13,standard_2021,1,291_3395
291,3396,Liao Yanpei,Taiwan,Inteleon,7,14,others,Taiwan Regional League Kaohsiung,Taiwan,AS-OC,2021,2021-03-13,standard_2021,1,291_3396
291,3397,Chu Chihjung,Taiwan,Zacian ADP,8,14,others,Taiwan Regional League Kaohsiung,Taiwan,AS-OC,2021,2021-03-13,standard_2021,1,291_3397
291,3398,Li Pinqi,Taiwan,Mewtwo & Mew Rillaboom,9,10,others,Taiwan Regional League Kaohsiung,Taiwan,AS-OC,2021,2021-03-13,standard_2021,0,291_3398
291,3404,Li Yinuo,Taiwan,Zacian ADP,10,10,others,Taiwan Regional League Kaohsiung,Taiwan,AS-OC,2021,2021-03-13,standard_2021,0,291_3404
291,3405,Lu Pincheng,Taiwan,Victini Mewtwo & Mew,11,10,others,Taiwan Regional League Kaohsiung,Taiwan,AS-OC,2021,2021-03-13,standard_2021,0,291_3405
291,3400,Lin Jiatang,Taiwan,Zacian ADP,12,10,others,Taiwan Regional League Kaohsiung,Taiwan,AS-OC,2021,2021-03-13,standard_2021,0,291_3400
291,3403,Li Zhengwei,Taiwan,Mewtwo & Mew,13,10,others,Taiwan Regional League Kaohsiung,Taiwan,AS-OC,2021,2021-03-13,standard_2021,0,291_3403
291,3399,Jiang Lichang,Taiwan,Decidueye,14,10,others,Taiwan Regional League Kaohsiung,Taiwan,AS-OC,2021,2021-03-13,standard_2021,0,291_3399
291,3401,Zhu Bairui,Taiwan,Inteleon,15,10,others,Taiwan Regional League Kaohsiung,Taiwan,AS-OC,2021,2021-03-13,standard_2021,0,291_3401
291,3402,Gao Binxuan,Taiwan,Zacian ADP,16,10,others,Taiwan Regional League Kaohsiung,Taiwan,AS-OC,2021,2021-03-13,standard_2021,0,291_3402
229,2105,Wonseok Jang,Korea,Trevenant & Dusknoir,1,26,others,Korean League Season 1,Korea,AS-OC,2019,2019-12-14,standard_2020,1,229_2105
229,2697,Joongyu Baik,Korea,Pikachu & Zekrom Zapdos,2,10,others,Korean League Season 1,Korea,AS-OC,2019,2019-12-14,standard_2020,1,229_2697
229,2698,Taeyeon Lee,Korea,Spiritomb ADP,3,8,others,Korean League Season 1,Korea,AS-OC,2019,2019-12-14,standard_2020,1,229_2698
229,2103,Seunghyun Lee,Korea,Mewtwo & Mew,4,20,others,Korean League Season 1,Korea,AS-OC,2019,2019-12-14,standard_2020,1,229_2103
229,2699,Inseong Kang,Korea,Mewtwo & Mew,5,6,others,Korean League Season 1,Korea,AS-OC,2019,2019-12-14,standard_2020,1,229_2699
229,2700,Hyunsik Choi,Korea,Gardevoir & Sylveon,6,6,others,Korean League Season 1,Korea,AS-OC,2019,2019-12-14,standard_2020,1,229_2700
229,2701,Hagil Kang,Korea,ADP Silvally,7,6,others,Korean League Season 1,Korea,AS-OC,2019,2019-12-14,standard_2020,1,229_2701
229,2702,YouTae Woo,Korea,ADP Silvally,8,6,others,Korean League Season 1,Korea,AS-OC,2019,2019-12-14,standard_2020,1,229_2702
229,2703,Seo Taek Byun,Korea,Pidgeotto Control,9,4,others,Korean League Season 1,Korea,AS-OC,2019,2019-12-14,standard_2020,0,229_2703
229,2705,Jun Kim,Korea,ADP Vileplume,11,4,others,Korean League Season 1,Korea,AS-OC,2019,2019-12-14,standard_2020,0,229_2705
229,2706,Sangyoon Jeong,Korea,ADP Tag Team Box,12,4,others,Korean League Season 1,Korea,AS-OC,2019,2019-12-14,standard_2020,0,229_2706
229,2707,Seong Heon Kim,Korea,Reshiram & Charizard,13,4,others,Korean League Season 1,Korea,AS-OC,2019,2019-12-14,standard_2020,0,229_2707
229,2708,Junwoo Lee,Korea,Gardevoir & Sylveon ADP,14,4,others,Korean League Season 1,Korea,AS-OC,2019,2019-12-14,standard_2020,0,229_2708
229,2709,Hwanseok Jang,Korea,Zoroark Lycanroc,15,4,others,Korean League Season 1,Korea,AS-OC,2019,2019-12-14,standard_2020,0,229_2709
229,2710,Yonguk Kim,Korea,Spiritomb ADP,16,4,others,Korean League Season 1,Korea,AS-OC,2019,2019-12-14,standard_2020,0,229_2710
185,2394,Haedon Jeong,Korea,Reshiram & Charizard,1,51,others,Korean League Final Season,Korea,AS-OC,2019,2019-06-08,standard_2019,1,185_2394
185,1888,Gwangseok Seo,Korea,Weezing,2,18,others,Korean League Final Season,Korea,AS-OC,2019,2019-06-08,standard_2019,1,185_1888
185,1895,Ji Hun Choi,Korea,Weezing,3,12,others,Korean League Final Season,Korea,AS-OC,2019,2019-06-08,standard_2019,1,185_1895
185,2114,Yong Jun Jin,Korea,Zapdos,4,12,others,Korean League Final Season,Korea,AS-OC,2019,2019-06-08,standard_2019,1,185_2114
185,1889,Sumin Lim,Korea,Reshiram & Charizard,5,16,others,Korean League Final Season,Korea,AS-OC,2019,2019-06-08,standard_2019,1,185_1889
185,2274,Seungchul Jung,Korea,Ultra Malamar ,6,16,others,Korean League Final Season,Korea,AS-OC,2019,2019-06-08,standard_2019,1,185_2274
185,1900,Jin Woo Lee,Korea,Reshiram & Charizard,7,10,others,Korean League Final Season,Korea,AS-OC,2019,2019-06-08,standard_2019,1,185_1900
185,1885,Seongmo Byun,Korea,Reshiram & Charizard,8,36,others,Korean League Final Season,Korea,AS-OC,2019,2019-06-08,standard_2019,1,185_1885
185,2395,Minseok Kim,Korea,Zapdos,9,4,others,Korean League Final Season,Korea,AS-OC,2019,2019-06-08,standard_2019,0,185_2395
185,1598,Sejun Park,Korea,Ultra Malamar ,10,56,others,Korean League Final Season,Korea,AS-OC,2019,2019-06-08,standard_2019,0,185_1598
185,2396,Seungheon Sah,Korea,Reshiram & Charizard,11,4,others,Korean League Final Season,Korea,AS-OC,2019,2019-06-08,standard_2019,0,185_2396
185,2275,Jeongung Jang,Korea,Zoroark Slowking,12,12,others,Korean League Final Season,Korea,AS-OC,2019,2019-06-08,standard_2019,0,185_2275
185,2397,Sewon Park,Korea,Ultra Malamar ,13,4,others,Korean League Final Season,Korea,AS-OC,2019,2019-06-08,standard_2019,0,185_2397
185,2398,Donguk Jung,Korea,Zapdos,14,4,others,Korean League Final Season,Korea,AS-OC,2019,2019-06-08,standard_2019,0,185_2398
185,2399,Jungmin Hwang,Korea,Reshiram & Charizard,15,4,others,Korean League Final Season,Korea,AS-OC,2019,2019-06-08,standard_2019,0,185_2399
185,2400,Jooyong Park,Korea,Zoroark Dewgong,16,4,others,Korean League Final Season,Korea,AS-OC,2019,2019-06-08,standard_2019,0,185_2400
175,1598,Sejun Park,Korea,Ultra Malamar ,1,56,others,Korean League Season 3,Korea,AS-OC,2019,2019-05-04,standard_2019,1,175_1598
175,2274,Seungchul Jung,Korea,Ultra Malamar ,2,16,others,Korean League Season 3,Korea,AS-OC,2019,2019-05-04,standard_2019,1,175_2274
175,2275,Jeongung Jang,Korea,Zoroark Lucario,3,12,others,Korean League Season 3,Korea,AS-OC,2019,2019-05-04,standard_2019,1,175_2275
175,2276,Moonsub Oh,Korea,Pikachu & Zekrom,4,8,others,Korean League Season 3,Korea,AS-OC,2019,2019-05-04,standard_2019,1,175_2276
175,2115,Chan Park,Korea,Pikachu & Zekrom,5,12,others,Korean League Season 3,Korea,AS-OC,2019,2019-05-04,standard_2019,1,175_2115
175,2105,Wonseok Jang,Korea,Ultra Malamar ,6,26,others,Korean League Season 3,Korea,AS-OC,2019,2019-05-04,standard_2019,1,175_2105
175,2112,Young Bin Im,Korea,Ultra Malamar ,7,10,others,Korean League Season 3,Korea,AS-OC,2019,2019-05-04,standard_2019,1,175_2112
175,2277,Juyoung Hong,Korea,Gardevoir & Sylveon,8,6,others,Korean League Season 3,Korea,AS-OC,2019,2019-05-04,standard_2019,1,175_2277
175,2278,Jeonghyeong Yu,Korea,Pikachu & Zekrom Zapdos,9,4,others,Korean League Season 3,Korea,AS-OC,2019,2019-05-04,standard_2019,0,175_2278
175,2279,Gyuseok Hwang,Korea,Gardevoir & Sylveon,10,4,others,Korean League Season 3,Korea,AS-OC,2019,2019-05-04,standard_2019,0,175_2279
175,1890,Chanhyeok Park,Korea,Zoroark Lycanroc,11,10,others,Korean League Season 3,Korea,AS-OC,2019,2019-05-04,standard_2019,0,175_1890
175,1887,Hyoseob Byun,Korea,Zoroark Lucario,12,16,others,Korean League Season 3,Korea,AS-OC,2019,2019-05-04,standard_2019,0,175_1887
175,2107,Tae Hun Kim,Korea,Zapdos,13,10,others,Korean League Season 3,Korea,AS-OC,2019,2019-05-04,standard_2019,0,175_2107
175,2280,Yoon Ki Hong,Korea,Zapdos,14,4,others,Korean League Season 3,Korea,AS-OC,2019,2019-05-04,standard_2019,0,175_2280
175,2281,Jongwon Park,Korea,Zoroark Lycanroc,15,4,others,Korean League Season 3,Korea,AS-OC,2019,2019-05-04,standard_2019,0,175_2281
175,2282,Chulho Kim,Korea,Zapdos,16,4,others,Korean League Season 3,Korea,AS-OC,2019,2019-05-04,standard_2019,0,175_2282
168,2103,Seunghyun Lee,Korea,Ultra Malamar ,1,20,others,Korean League Season 2,Korea,AS-OC,2019,2019-02-16,standard_2019,1,168_2103
168,2104,YoonTai Kim,Korea,Ultra Malamar ,2,10,others,Korean League Season 2,Korea,AS-OC,2019,2019-02-16,standard_2019,1,168_2104
168,1894,Hyeon Jae Cho,Korea,Zapdos,3,12,others,Korean League Season 2,Korea,AS-OC,2019,2019-02-16,standard_2019,1,168_1894
168,2105,Wonseok Jang,Korea,Zapdos,4,26,others,Korean League Season 2,Korea,AS-OC,2019,2019-02-16,standard_2019,1,168_2105
168,2106,Jungin Jang,Korea,Pikachu & Zekrom Zapdos,5,6,others,Korean League Season 2,Korea,AS-OC,2019,2019-02-16,standard_2019,1,168_2106
168,2107,Tae Hun Kim,Korea,Tapu Koko Buzzwole,6,10,others,Korean League Season 2,Korea,AS-OC,2019,2019-02-16,standard_2019,1,168_2107
168,2108,Sa Hun Hwang,Korea,Pikachu & Zekrom,7,6,others,Korean League Season 2,Korea,AS-OC,2019,2019-02-16,standard_2019,1,168_2108
168,2115,Chan Park,Korea,Pikachu & Zekrom,8,12,others,Korean League Season 2,Korea,AS-OC,2019,2019-02-16,standard_2019,1,168_2115
168,1887,Hyoseob Byun,Korea,Zoroark Zygarde,9,16,others,Korean League Season 2,Korea,AS-OC,2019,2019-02-16,standard_2019,0,168_1887
168,2109,Hyung Eun Kim,Korea,Pikachu & Zekrom Zapdos,10,4,others,Korean League Season 2,Korea,AS-OC,2019,2019-02-16,standard_2019,0,168_2109
168,2110,Jonghun Shin,Korea,Ultra Malamar ,11,4,others,Korean League Season 2,Korea,AS-OC,2019,2019-02-16,standard_2019,0,168_2110
168,2111,Jeonghun Gong,Korea,Passimian Tapu Koko,12,4,others,Korean League Season 2,Korea,AS-OC,2019,2019-02-16,standard_2019,0,168_2111
168,2112,Young Bin Im,Korea,Ultra Malamar ,13,10,others,Korean League Season 2,Korea,AS-OC,2019,2019-02-16,standard_2019,0,168_2112
168,2113,Jongchul Lee,Korea,Lost March,14,4,others,Korean League Season 2,Korea,AS-OC,2019,2019-02-16,standard_2019,0,168_2113
168,2114,Yong Jun Jin,Korea,Pikachu & Zekrom Zapdos,15,12,others,Korean League Season 2,Korea,AS-OC,2019,2019-02-16,standard_2019,0,168_2114
168,1889,Sumin Lim,Korea,Zapdos,16,16,others,Korean League Season 2,Korea,AS-OC,2019,2019-02-16,standard_2019,0,168_1889
154,1885,Seongmo Byun,Korea,Blacephalon Naganadel,1,36,others,Korean League Season 1,Korea,AS-OC,2018,2018-12-22,standard_2019,1,154_1885
154,1886,Hwijo Kim,Korea,Zoroark Lycanroc,2,10,others,Korean League Season 1,Korea,AS-OC,2018,2018-12-22,standard_2019,1,154_1886
154,1887,Hyoseob Byun,Korea,Zoroark Lycanroc,3,16,others,Korean League Season 1,Korea,AS-OC,2018,2018-12-22,standard_2019,1,154_1887
154,1888,Gwangseok Seo,Korea,Tapu Koko Latios,4,18,others,Korean League Season 1,Korea,AS-OC,2018,2018-12-22,standard_2019,1,154_1888
154,1889,Sumin Lim,Korea,Zoroark Gyarados,5,16,others,Korean League Season 1,Korea,AS-OC,2018,2018-12-22,standard_2019,1,154_1889
154,1890,Chanhyeok Park,Korea,Zoroark Lycanroc Ninetales,6,10,others,Korean League Season 1,Korea,AS-OC,2018,2018-12-22,standard_2019,1,154_1890
154,1891,Minwoo Kim,Korea,Lost March,7,6,others,Korean League Season 1,Korea,AS-OC,2018,2018-12-22,standard_2019,1,154_1891
154,1892,Sangwook Lee,Korea,Zapdos Jolteon,8,6,others,Korean League Season 1,Korea,AS-OC,2018,2018-12-22,standard_2019,1,154_1892
154,1893,Young Seok Seo,Korea,Glaceon Vaporeon,9,4,others,Korean League Season 1,Korea,AS-OC,2018,2018-12-22,standard_2019,0,154_1893
154,1894,Hyeon Jae Cho,Korea,Zapdos,10,12,others,Korean League Season 1,Korea,AS-OC,2018,2018-12-22,standard_2019,0,154_1894
154,1895,Ji Hun Choi,Korea,Buzzwole Garbodor Weavile,11,12,others,Korean League Season 1,Korea,AS-OC,2018,2018-12-22,standard_2019,0,154_1895
154,1897,Ju Young Hong,Korea,Zapdos Jolteon,13,4,others,Korean League Season 1,Korea,AS-OC,2018,2018-12-22,standard_2019,0,154_1897
154,1900,Jin Woo Lee,Korea,Zoroark Greninja,16,10,others,Korean League Season 1,Korea,AS-OC,2018,2018-12-22,standard_2019,0,154_1900
